ISO-10303-21;
HEADER;
/* Generated by software containing ST-Developer
 * from STEP Tools, Inc. (www.steptools.com) 
 */

FILE_DESCRIPTION(
/* description */ (''),
/* implementation_level */ '2;1');

FILE_NAME(
/* name */ 'DC-MOTOR 3-6V Generic Brand.step',
/* time_stamp */ '2024-11-08T11:50:40Z',
/* author */ (''),
/* organization */ (''),
/* preprocessor_version */ 'ST-DEVELOPER v20',
/* originating_system */ 'Autodesk Translation Framework v13.20.0.188',

/* authorisation */ '');

FILE_SCHEMA (('AUTOMOTIVE_DESIGN { 1 0 10303 214 3 1 1 }'));
ENDSEC;

DATA;
#10=MECHANICAL_DESIGN_GEOMETRIC_PRESENTATION_REPRESENTATION('',(#29,#30,
#31,#32,#33,#34),#6114);
#11=SHAPE_REPRESENTATION_RELATIONSHIP('SRR','None',#6121,#12);
#12=ADVANCED_BREP_SHAPE_REPRESENTATION('',(#35,#36,#37,#38,#39,#40),#6113);
#13=CONICAL_SURFACE('',#3722,0.875,0.785398163397459);
#14=CONICAL_SURFACE('',#3728,0.875,0.785398163397454);
#15=(
BOUNDED_SURFACE()
B_SPLINE_SURFACE(2,2,((#5848,#5849,#5850),(#5851,#5852,#5853),(#5854,#5855,
#5856)),.UNSPECIFIED.,.F.,.F.,.F.)
B_SPLINE_SURFACE_WITH_KNOTS((3,3),(3,3),(-1.5707963267949,-3.18758941789646E-16),
(1.5707963267949,2.34098211180096),.UNSPECIFIED.)
GEOMETRIC_REPRESENTATION_ITEM()
RATIONAL_B_SPLINE_SURFACE(((1.,0.926763542046306,1.),(0.707106781186538,
0.655320785137398,0.707106781186538),(1.,0.926763542046306,1.)))
REPRESENTATION_ITEM('')
SURFACE()
);
#16=(
BOUNDED_SURFACE()
B_SPLINE_SURFACE(2,2,((#5864,#5865,#5866),(#5867,#5868,#5869),(#5870,#5871,
#5872)),.UNSPECIFIED.,.F.,.F.,.F.)
B_SPLINE_SURFACE_WITH_KNOTS((3,3),(3,3),(-1.5707963267949,-3.18758941789646E-16),
(0.800610541788832,1.5707963267949),.UNSPECIFIED.)
GEOMETRIC_REPRESENTATION_ITEM()
RATIONAL_B_SPLINE_SURFACE(((1.,0.926763542046306,1.),(0.707106781186538,
0.655320785137398,0.707106781186538),(1.,0.926763542046306,1.)))
REPRESENTATION_ITEM('')
SURFACE()
);
#17=(
BOUNDED_SURFACE()
B_SPLINE_SURFACE(2,2,((#5885,#5886,#5887),(#5888,#5889,#5890),(#5891,#5892,
#5893)),.UNSPECIFIED.,.F.,.F.,.F.)
B_SPLINE_SURFACE_WITH_KNOTS((3,3),(3,3),(-1.57079632679489,-3.13869307662978E-16),
(1.5707963267949,2.35666945795032),.UNSPECIFIED.)
GEOMETRIC_REPRESENTATION_ITEM()
RATIONAL_B_SPLINE_SURFACE(((1.,0.923788625313445,1.),(0.707106781186551,
0.653217201342139,0.707106781186551),(1.,0.923788625313445,1.)))
REPRESENTATION_ITEM('')
SURFACE()
);
#18=(
BOUNDED_SURFACE()
B_SPLINE_SURFACE(2,2,((#5905,#5906,#5907),(#5908,#5909,#5910),(#5911,#5912,
#5913)),.UNSPECIFIED.,.F.,.F.,.F.)
B_SPLINE_SURFACE_WITH_KNOTS((3,3),(3,3),(-1.5707963267949,8.43769498715118E-15),
(0.784923195639469,1.5707963267949),.UNSPECIFIED.)
GEOMETRIC_REPRESENTATION_ITEM()
RATIONAL_B_SPLINE_SURFACE(((1.,0.923788625313445,1.),(0.707106781186558,
0.653217201342146,0.707106781186558),(1.,0.923788625313445,1.)))
REPRESENTATION_ITEM('')
SURFACE()
);
#19=B_SPLINE_SURFACE_WITH_KNOTS('',3,3,((#5682,#5683,#5684,#5685),(#5686,
#5687,#5688,#5689),(#5690,#5691,#5692,#5693),(#5694,#5695,#5696,#5697),
(#5698,#5699,#5700,#5701)),.UNSPECIFIED.,.F.,.F.,.F.,(4,1,4),(4,4),(0.,
0.5,1.),(4.20912365866974E-15,0.0778304569334387),.UNSPECIFIED.);
#20=B_SPLINE_SURFACE_WITH_KNOTS('',3,3,((#5715,#5716,#5717,#5718),(#5719,
#5720,#5721,#5722),(#5723,#5724,#5725,#5726),(#5727,#5728,#5729,#5730),
(#5731,#5732,#5733,#5734)),.UNSPECIFIED.,.F.,.F.,.F.,(4,1,4),(4,4),(0.,
0.5,1.),(-1.5707963267949,-0.473880461144674),.UNSPECIFIED.);
#21=B_SPLINE_SURFACE_WITH_KNOTS('',3,3,((#5750,#5751,#5752,#5753),(#5754,
#5755,#5756,#5757),(#5758,#5759,#5760,#5761),(#5762,#5763,#5764,#5765),
(#5766,#5767,#5768,#5769)),.UNSPECIFIED.,.F.,.F.,.F.,(4,1,4),(4,4),(0.,
0.5,1.),(0.,0.0778304489694355),.UNSPECIFIED.);
#22=B_SPLINE_SURFACE_WITH_KNOTS('',3,3,((#5776,#5777,#5778,#5779),(#5780,
#5781,#5782,#5783),(#5784,#5785,#5786,#5787),(#5788,#5789,#5790,#5791),
(#5792,#5793,#5794,#5795)),.UNSPECIFIED.,.F.,.F.,.F.,(4,1,4),(4,4),(0.,
0.5,1.),(-1.5707963267949,-0.473880461144676),.UNSPECIFIED.);
#23=ELLIPSE('',#3609,1.4142135623731,1.);
#24=ELLIPSE('',#3612,1.4142135623731,1.);
#25=ELLIPSE('',#3630,2.5,2.);
#26=ELLIPSE('',#3631,2.5,2.);
#27=ELLIPSE('',#3639,2.5,2.);
#28=ELLIPSE('',#3640,2.5,2.);
#29=STYLED_ITEM('',(#6130),#35);
#30=STYLED_ITEM('',(#6131),#36);
#31=STYLED_ITEM('',(#6132),#37);
#32=STYLED_ITEM('',(#6133),#38);
#33=STYLED_ITEM('',(#6134),#39);
#34=STYLED_ITEM('',(#6133),#40);
#35=MANIFOLD_SOLID_BREP('Body1',#3337);
#36=MANIFOLD_SOLID_BREP('Body2',#3338);
#37=MANIFOLD_SOLID_BREP('Body3',#3339);
#38=MANIFOLD_SOLID_BREP('Body5',#3340);
#39=MANIFOLD_SOLID_BREP('Body6',#3341);
#40=MANIFOLD_SOLID_BREP('Body8',#3342);
#41=FACE_BOUND('',#622,.T.);
#42=FACE_BOUND('',#625,.T.);
#43=FACE_BOUND('',#628,.T.);
#44=FACE_BOUND('',#655,.T.);
#45=FACE_BOUND('',#671,.T.);
#46=FACE_BOUND('',#677,.T.);
#47=FACE_BOUND('',#699,.T.);
#48=FACE_BOUND('',#702,.T.);
#49=FACE_BOUND('',#735,.T.);
#50=FACE_BOUND('',#745,.T.);
#51=FACE_BOUND('',#747,.T.);
#52=FACE_BOUND('',#753,.T.);
#53=FACE_BOUND('',#760,.T.);
#54=FACE_BOUND('',#777,.T.);
#55=FACE_BOUND('',#780,.T.);
#56=TOROIDAL_SURFACE('',#3426,9.,1.);
#57=TOROIDAL_SURFACE('',#3430,9.,1.);
#58=TOROIDAL_SURFACE('',#3520,2.05,0.5);
#59=TOROIDAL_SURFACE('',#3538,9.35837907958484,0.5);
#60=TOROIDAL_SURFACE('',#3546,2.,0.5);
#61=TOROIDAL_SURFACE('',#3564,9.35837907958484,0.5);
#62=TOROIDAL_SURFACE('',#3597,9.35837907958484,0.5);
#63=TOROIDAL_SURFACE('',#3636,9.35837907958484,0.5);
#64=TOROIDAL_SURFACE('',#3668,4.5,0.5);
#65=SPHERICAL_SURFACE('',#3411,1.);
#66=SPHERICAL_SURFACE('',#3415,1.);
#67=SPHERICAL_SURFACE('',#3418,1.);
#68=SPHERICAL_SURFACE('',#3423,1.);
#69=SPHERICAL_SURFACE('',#3516,0.5);
#70=SPHERICAL_SURFACE('',#3524,0.5);
#71=SPHERICAL_SURFACE('',#3543,0.5);
#72=SPHERICAL_SURFACE('',#3551,0.5);
#73=B_SPLINE_CURVE_WITH_KNOTS('',3,(#4854,#4855,#4856,#4857,#4858,#4859,
#4860,#4861,#4862,#4863,#4864,#4865,#4866,#4867,#4868,#4869,#4870,#4871),
 .UNSPECIFIED.,.F.,.F.,(4,2,2,2,2,2,2,2,4),(-0.0378369683141771,-0.0331308278972445,
-0.028424687480312,-0.0236751973736407,-0.0189257072669695,-0.0141696594303024,
-0.0094136115936352,-0.00470680579681761,0.),.UNSPECIFIED.);
#74=B_SPLINE_CURVE_WITH_KNOTS('',3,(#4875,#4876,#4877,#4878,#4879,#4880,
#4881,#4882,#4883,#4884,#4885,#4886,#4887,#4888,#4889,#4890,#4891,#4892),
 .UNSPECIFIED.,.F.,.F.,(4,2,2,2,2,2,2,2,4),(0.,0.00470697772183937,0.00941395544367874,
0.0141653126271177,0.0189166698105567,0.0236621250751594,0.028407580339762,
0.0331139604655828,0.0378203405914036),.UNSPECIFIED.);
#75=B_SPLINE_CURVE_WITH_KNOTS('',3,(#4911,#4912,#4913,#4914,#4915,#4916,
#4917,#4918,#4919,#4920,#4921,#4922,#4923,#4924,#4925,#4926,#4927,#4928),
 .UNSPECIFIED.,.F.,.F.,(4,2,2,2,2,2,2,2,4),(-0.0378203405914036,-0.0331139604655828,
-0.028407580339762,-0.0236621250751594,-0.0189166698105567,-0.0141653126271177,
-0.00941395544367873,-0.00470697772183937,0.),.UNSPECIFIED.);
#76=B_SPLINE_CURVE_WITH_KNOTS('',3,(#4931,#4932,#4933,#4934,#4935,#4936,
#4937,#4938,#4939,#4940,#4941,#4942,#4943,#4944,#4945,#4946,#4947,#4948),
 .UNSPECIFIED.,.F.,.F.,(4,2,2,2,2,2,2,2,4),(0.,0.0047068057968176,0.0094136115936352,
0.0141696594303024,0.0189257072669695,0.0236751973736407,0.028424687480312,
0.0331308278972445,0.0378369683141771),.UNSPECIFIED.);
#77=B_SPLINE_CURVE_WITH_KNOTS('',3,(#4966,#4967,#4968,#4969,#4970,#4971,
#4972,#4973,#4974,#4975,#4976,#4977,#4978,#4979,#4980,#4981,#4982,#4983),
 .UNSPECIFIED.,.F.,.F.,(4,2,2,2,2,2,2,2,4),(0.,0.00470626758110588,0.00941253516221176,
0.0141600463708788,0.0189075575795458,0.0236611334498468,0.0284147093201478,
0.0331215915785593,0.0378284738369708),.UNSPECIFIED.);
#78=B_SPLINE_CURVE_WITH_KNOTS('',3,(#4986,#4987,#4988,#4989,#4990,#4991,
#4992,#4993,#4994,#4995,#4996,#4997,#4998,#4999,#5000,#5001,#5002,#5003),
 .UNSPECIFIED.,.F.,.F.,(4,2,2,2,2,2,2,2,4),(-0.0378460067914074,-0.0331393066594366,
-0.0284326065274658,-0.0236740928922319,-0.0189155792569981,-0.0141638051872639,
-0.00941203111752964,-0.00470601555876482,0.),.UNSPECIFIED.);
#79=B_SPLINE_CURVE_WITH_KNOTS('',3,(#5006,#5007,#5008,#5009,#5010,#5011,
#5012,#5013,#5014,#5015,#5016,#5017,#5018,#5019,#5020,#5021,#5022,#5023),
 .UNSPECIFIED.,.F.,.F.,(4,2,2,2,2,2,2,2,4),(0.,0.00470601555876482,0.00941203111752964,
0.0141638051872639,0.0189155792569981,0.023674092892232,0.0284326065274658,
0.0331393066594366,0.0378460067914074),.UNSPECIFIED.);
#80=B_SPLINE_CURVE_WITH_KNOTS('',3,(#5026,#5027,#5028,#5029,#5030,#5031,
#5032,#5033,#5034,#5035,#5036,#5037,#5038,#5039,#5040,#5041,#5042,#5043),
 .UNSPECIFIED.,.F.,.F.,(4,2,2,2,2,2,2,2,4),(-0.037828473836971,-0.0331215915785595,
-0.0284147093201479,-0.0236611334498469,-0.0189075575795459,-0.0141600463708789,
-0.00941253516221198,-0.00470626758110598,0.),.UNSPECIFIED.);
#81=B_SPLINE_CURVE_WITH_KNOTS('',3,(#5429,#5430,#5431,#5432,#5433,#5434,
#5435,#5436,#5437,#5438,#5439,#5440),.UNSPECIFIED.,.F.,.F.,(4,2,2,2,2,4),
(0.,0.0172713809262876,0.0345427618525751,0.0498725217057793,0.0622819333749646,
0.0746913450441498),.UNSPECIFIED.);
#82=B_SPLINE_CURVE_WITH_KNOTS('',3,(#5453,#5454,#5455,#5456,#5457,#5458,
#5459,#5460,#5461,#5462,#5463,#5464),.UNSPECIFIED.,.F.,.F.,(4,2,2,2,2,4),
(0.0746913450441499,0.0871007567133351,0.0995101683825204,0.114839928235725,
0.132111309162012,0.1493826900883),.UNSPECIFIED.);
#83=B_SPLINE_CURVE_WITH_KNOTS('',3,(#5467,#5468,#5469,#5470,#5471,#5472,
#5473,#5474,#5475,#5476,#5477,#5478),.UNSPECIFIED.,.F.,.F.,(4,2,2,2,2,4),
(-0.0820374686899147,-0.0782944393614164,-0.0563492112615576,-0.0352953949842176,
-0.0169208785301739,0.),.UNSPECIFIED.);
#84=B_SPLINE_CURVE_WITH_KNOTS('',3,(#5493,#5494,#5495,#5496),
 .UNSPECIFIED.,.F.,.F.,(4,4),(0.,0.0778304489694355),.UNSPECIFIED.);
#85=B_SPLINE_CURVE_WITH_KNOTS('',3,(#5540,#5541,#5542,#5543,#5544,#5545,
#5546,#5547,#5548,#5549,#5550,#5551),.UNSPECIFIED.,.F.,.F.,(4,2,2,2,2,4),
(-0.161694229175781,-0.151360676254255,-0.140914324229034,-0.120363927128956,
-0.0984729801671547,-0.0795861597238265),.UNSPECIFIED.);
#86=B_SPLINE_CURVE_WITH_KNOTS('',3,(#5591,#5592,#5593,#5594,#5595,#5596),
 .UNSPECIFIED.,.F.,.F.,(4,2,4),(0.42661751577981,0.433997450813331,0.476383903071175),
 .UNSPECIFIED.);
#87=B_SPLINE_CURVE_WITH_KNOTS('',3,(#5635,#5636,#5637,#5638,#5639,#5640),
 .UNSPECIFIED.,.F.,.F.,(4,2,4),(0.156097409694125,0.19848386195197,0.20586379698549),
 .UNSPECIFIED.);
#88=B_SPLINE_CURVE_WITH_KNOTS('',3,(#5705,#5706,#5707,#5708),
 .UNSPECIFIED.,.F.,.F.,(4,4),(-0.0778304569334387,-4.20912365866974E-15),
 .UNSPECIFIED.);
#89=B_SPLINE_CURVE_WITH_KNOTS('',3,(#5711,#5712,#5713,#5714),
 .UNSPECIFIED.,.F.,.F.,(4,4),(4.20912365866974E-15,0.0778304569334387),
 .UNSPECIFIED.);
#90=B_SPLINE_CURVE_WITH_KNOTS('',3,(#5771,#5772,#5773,#5774),
 .UNSPECIFIED.,.F.,.F.,(4,4),(-0.0778304489694355,0.),.UNSPECIFIED.);
#91=CYLINDRICAL_SURFACE('',#3364,0.125000000000001);
#92=CYLINDRICAL_SURFACE('',#3367,0.125000000000001);
#93=CYLINDRICAL_SURFACE('',#3370,0.125);
#94=CYLINDRICAL_SURFACE('',#3371,0.125);
#95=CYLINDRICAL_SURFACE('',#3379,9.5);
#96=CYLINDRICAL_SURFACE('',#3383,10.);
#97=CYLINDRICAL_SURFACE('',#3401,9.5);
#98=CYLINDRICAL_SURFACE('',#3404,10.);
#99=CYLINDRICAL_SURFACE('',#3406,1.);
#100=CYLINDRICAL_SURFACE('',#3409,1.);
#101=CYLINDRICAL_SURFACE('',#3422,1.);
#102=CYLINDRICAL_SURFACE('',#3428,1.);
#103=CYLINDRICAL_SURFACE('',#3429,1.);
#104=CYLINDRICAL_SURFACE('',#3432,1.);
#105=CYLINDRICAL_SURFACE('',#3435,2.475);
#106=CYLINDRICAL_SURFACE('',#3439,2.975);
#107=CYLINDRICAL_SURFACE('',#3458,9.5);
#108=CYLINDRICAL_SURFACE('',#3460,2.);
#109=CYLINDRICAL_SURFACE('',#3463,9.35837907958562);
#110=CYLINDRICAL_SURFACE('',#3465,0.500000000000778);
#111=CYLINDRICAL_SURFACE('',#3468,0.499999999999994);
#112=CYLINDRICAL_SURFACE('',#3470,9.35837907958484);
#113=CYLINDRICAL_SURFACE('',#3472,2.);
#114=CYLINDRICAL_SURFACE('',#3490,9.5);
#115=CYLINDRICAL_SURFACE('',#3492,2.);
#116=CYLINDRICAL_SURFACE('',#3495,9.35837907958484);
#117=CYLINDRICAL_SURFACE('',#3497,0.499999999999996);
#118=CYLINDRICAL_SURFACE('',#3500,0.50000000000077);
#119=CYLINDRICAL_SURFACE('',#3502,9.35837907958562);
#120=CYLINDRICAL_SURFACE('',#3504,9.5);
#121=CYLINDRICAL_SURFACE('',#3506,9.5);
#122=CYLINDRICAL_SURFACE('',#3508,2.);
#123=CYLINDRICAL_SURFACE('',#3541,0.5);
#124=CYLINDRICAL_SURFACE('',#3553,2.);
#125=CYLINDRICAL_SURFACE('',#3554,9.85837543697535);
#126=CYLINDRICAL_SURFACE('',#3557,1.55);
#127=CYLINDRICAL_SURFACE('',#3559,0.5);
#128=CYLINDRICAL_SURFACE('',#3561,9.85837907958485);
#129=CYLINDRICAL_SURFACE('',#3566,0.5);
#130=CYLINDRICAL_SURFACE('',#3568,1.5);
#131=CYLINDRICAL_SURFACE('',#3569,0.5);
#132=CYLINDRICAL_SURFACE('',#3579,10.7930385251108);
#133=CYLINDRICAL_SURFACE('',#3581,2.);
#134=CYLINDRICAL_SURFACE('',#3582,2.);
#135=CYLINDRICAL_SURFACE('',#3591,8.85837907958485);
#136=CYLINDRICAL_SURFACE('',#3593,2.);
#137=CYLINDRICAL_SURFACE('',#3594,8.85837907958485);
#138=CYLINDRICAL_SURFACE('',#3595,9.85837907958485);
#139=CYLINDRICAL_SURFACE('',#3602,4.);
#140=CYLINDRICAL_SURFACE('',#3605,8.85837907958485);
#141=CYLINDRICAL_SURFACE('',#3606,8.85837907958485);
#142=CYLINDRICAL_SURFACE('',#3608,1.);
#143=CYLINDRICAL_SURFACE('',#3610,1.);
#144=CYLINDRICAL_SURFACE('',#3614,1.);
#145=CYLINDRICAL_SURFACE('',#3616,1.);
#146=CYLINDRICAL_SURFACE('',#3624,2.125);
#147=CYLINDRICAL_SURFACE('',#3632,2.);
#148=CYLINDRICAL_SURFACE('',#3634,2.);
#149=CYLINDRICAL_SURFACE('',#3641,2.);
#150=CYLINDRICAL_SURFACE('',#3643,2.);
#151=CYLINDRICAL_SURFACE('',#3645,9.85837907958485);
#152=CYLINDRICAL_SURFACE('',#3657,1.);
#153=CYLINDRICAL_SURFACE('',#3658,9.85837907958485);
#154=CYLINDRICAL_SURFACE('',#3659,1.);
#155=CYLINDRICAL_SURFACE('',#3661,0.5);
#156=CYLINDRICAL_SURFACE('',#3664,0.5);
#157=CYLINDRICAL_SURFACE('',#3667,1.);
#158=CYLINDRICAL_SURFACE('',#3676,0.5);
#159=CYLINDRICAL_SURFACE('',#3680,1.);
#160=CYLINDRICAL_SURFACE('',#3681,5.);
#161=CYLINDRICAL_SURFACE('',#3685,1.);
#162=CYLINDRICAL_SURFACE('',#3686,1.);
#163=CYLINDRICAL_SURFACE('',#3688,1.125);
#164=CYLINDRICAL_SURFACE('',#3690,1.025);
#165=CYLINDRICAL_SURFACE('',#3693,2.4681202397402);
#166=CYLINDRICAL_SURFACE('',#3698,0.5);
#167=CYLINDRICAL_SURFACE('',#3704,0.5);
#168=CYLINDRICAL_SURFACE('',#3719,0.5);
#169=CYLINDRICAL_SURFACE('',#3720,0.5);
#170=CYLINDRICAL_SURFACE('',#3721,0.75);
#171=CYLINDRICAL_SURFACE('',#3730,1.);
#172=CYLINDRICAL_SURFACE('',#3731,0.5);
#173=CYLINDRICAL_SURFACE('',#3735,0.5);
#174=CYLINDRICAL_SURFACE('',#3751,0.75);
#175=CYLINDRICAL_SURFACE('',#3752,0.5);
#176=CYLINDRICAL_SURFACE('',#3754,0.5);
#177=CIRCLE('',#3361,1.);
#178=CIRCLE('',#3362,10.);
#179=CIRCLE('',#3363,9.5);
#180=CIRCLE('',#3373,9.5);
#181=CIRCLE('',#3374,9.5);
#182=CIRCLE('',#3375,10.);
#183=CIRCLE('',#3376,1.);
#184=CIRCLE('',#3377,1.);
#185=CIRCLE('',#3378,10.);
#186=CIRCLE('',#3380,9.5);
#187=CIRCLE('',#3381,9.5);
#188=CIRCLE('',#3382,9.5);
#189=CIRCLE('',#3384,10.);
#190=CIRCLE('',#3385,10.);
#191=CIRCLE('',#3387,10.);
#192=CIRCLE('',#3388,1.);
#193=CIRCLE('',#3393,10.);
#194=CIRCLE('',#3400,9.5);
#195=CIRCLE('',#3402,9.5);
#196=CIRCLE('',#3405,10.);
#197=CIRCLE('',#3407,1.);
#198=CIRCLE('',#3410,0.999999999999999);
#199=CIRCLE('',#3412,0.999999999999999);
#200=CIRCLE('',#3413,1.);
#201=CIRCLE('',#3414,1.);
#202=CIRCLE('',#3416,1.);
#203=CIRCLE('',#3417,0.999999999999999);
#204=CIRCLE('',#3419,1.);
#205=CIRCLE('',#3420,1.);
#206=CIRCLE('',#3421,0.999999999999999);
#207=CIRCLE('',#3424,1.);
#208=CIRCLE('',#3425,1.);
#209=CIRCLE('',#3427,9.);
#210=CIRCLE('',#3431,9.);
#211=CIRCLE('',#3434,2.975);
#212=CIRCLE('',#3436,2.475);
#213=CIRCLE('',#3437,2.475);
#214=CIRCLE('',#3440,2.975);
#215=CIRCLE('',#3444,0.5);
#216=CIRCLE('',#3445,9.85837907958485);
#217=CIRCLE('',#3446,1.);
#218=CIRCLE('',#3447,1.);
#219=CIRCLE('',#3448,9.85837907958485);
#220=CIRCLE('',#3449,0.5);
#221=CIRCLE('',#3450,9.5);
#222=CIRCLE('',#3451,2.);
#223=CIRCLE('',#3452,9.35837907958484);
#224=CIRCLE('',#3453,0.499999999999994);
#225=CIRCLE('',#3454,0.500000000000778);
#226=CIRCLE('',#3455,9.35837907958562);
#227=CIRCLE('',#3456,2.);
#228=CIRCLE('',#3457,9.5);
#229=CIRCLE('',#3459,9.5);
#230=CIRCLE('',#3461,2.);
#231=CIRCLE('',#3462,2.);
#232=CIRCLE('',#3464,9.35837907958562);
#233=CIRCLE('',#3466,0.500000000000778);
#234=CIRCLE('',#3469,0.499999999999994);
#235=CIRCLE('',#3471,9.35837907958484);
#236=CIRCLE('',#3473,2.);
#237=CIRCLE('',#3474,2.);
#238=CIRCLE('',#3476,2.);
#239=CIRCLE('',#3477,9.35837907958562);
#240=CIRCLE('',#3478,0.50000000000077);
#241=CIRCLE('',#3479,0.499999999999996);
#242=CIRCLE('',#3480,9.35837907958484);
#243=CIRCLE('',#3481,2.);
#244=CIRCLE('',#3482,9.5);
#245=CIRCLE('',#3483,0.49999999970991);
#246=CIRCLE('',#3484,9.85837907958485);
#247=CIRCLE('',#3485,1.);
#248=CIRCLE('',#3486,1.);
#249=CIRCLE('',#3487,9.85837907958485);
#250=CIRCLE('',#3488,0.5);
#251=CIRCLE('',#3489,9.5);
#252=CIRCLE('',#3491,9.5);
#253=CIRCLE('',#3493,2.);
#254=CIRCLE('',#3494,2.);
#255=CIRCLE('',#3496,9.35837907958484);
#256=CIRCLE('',#3498,0.499999999999996);
#257=CIRCLE('',#3501,0.50000000000077);
#258=CIRCLE('',#3503,9.35837907958562);
#259=CIRCLE('',#3505,9.5);
#260=CIRCLE('',#3507,9.5);
#261=CIRCLE('',#3509,2.);
#262=CIRCLE('',#3510,2.);
#263=CIRCLE('',#3512,0.5);
#264=CIRCLE('',#3513,1.5);
#265=CIRCLE('',#3514,0.5);
#266=CIRCLE('',#3515,10.7930385251108);
#267=CIRCLE('',#3517,0.5);
#268=CIRCLE('',#3518,0.499999999999998);
#269=CIRCLE('',#3519,0.5);
#270=CIRCLE('',#3521,0.499999999999998);
#271=CIRCLE('',#3522,1.55);
#272=CIRCLE('',#3523,2.05);
#273=CIRCLE('',#3525,0.5);
#274=CIRCLE('',#3526,0.5);
#275=CIRCLE('',#3528,9.35837907958484);
#276=CIRCLE('',#3529,0.5);
#277=CIRCLE('',#3530,0.5);
#278=CIRCLE('',#3531,9.35837907958484);
#279=CIRCLE('',#3532,2.);
#280=CIRCLE('',#3533,9.35837907958484);
#281=CIRCLE('',#3534,9.35837907958484);
#282=CIRCLE('',#3535,1.);
#283=CIRCLE('',#3536,5.);
#284=CIRCLE('',#3537,1.);
#285=CIRCLE('',#3539,9.85837907958485);
#286=CIRCLE('',#3540,0.500000000000001);
#287=CIRCLE('',#3542,0.5);
#288=CIRCLE('',#3544,0.499999999999998);
#289=CIRCLE('',#3545,0.49999999970991);
#290=CIRCLE('',#3547,0.499999999999998);
#291=CIRCLE('',#3548,1.5);
#292=CIRCLE('',#3549,2.);
#293=CIRCLE('',#3550,2.);
#294=CIRCLE('',#3552,0.5);
#295=CIRCLE('',#3555,9.85837543697535);
#296=CIRCLE('',#3556,9.85837543697535);
#297=CIRCLE('',#3558,1.55);
#298=CIRCLE('',#3560,0.5);
#299=CIRCLE('',#3562,9.85837907958485);
#300=CIRCLE('',#3563,9.85837907958485);
#301=CIRCLE('',#3565,0.5);
#302=CIRCLE('',#3567,0.5);
#303=CIRCLE('',#3570,0.49999999970991);
#304=CIRCLE('',#3572,10.7930385251108);
#305=CIRCLE('',#3573,8.85837907958485);
#306=CIRCLE('',#3574,8.85837907958485);
#307=CIRCLE('',#3575,2.);
#308=CIRCLE('',#3576,8.85837907958485);
#309=CIRCLE('',#3577,8.85837907958485);
#310=CIRCLE('',#3578,2.);
#311=CIRCLE('',#3583,2.);
#312=CIRCLE('',#3585,8.85837907958485);
#313=CIRCLE('',#3586,8.85837907958485);
#314=CIRCLE('',#3587,2.);
#315=CIRCLE('',#3588,8.85837907958485);
#316=CIRCLE('',#3589,8.85837907958485);
#317=CIRCLE('',#3590,4.);
#318=CIRCLE('',#3592,8.85837907958485);
#319=CIRCLE('',#3596,9.85837907958485);
#320=CIRCLE('',#3598,0.5);
#321=CIRCLE('',#3600,1.);
#322=CIRCLE('',#3603,4.);
#323=CIRCLE('',#3607,8.85837907958485);
#324=CIRCLE('',#3611,1.);
#325=CIRCLE('',#3615,1.);
#326=CIRCLE('',#3617,1.);
#327=CIRCLE('',#3623,2.125);
#328=CIRCLE('',#3625,2.125);
#329=CIRCLE('',#3627,1.125);
#330=CIRCLE('',#3628,0.499999999999998);
#331=CIRCLE('',#3629,0.500000000000003);
#332=CIRCLE('',#3633,2.);
#333=CIRCLE('',#3635,2.);
#334=CIRCLE('',#3637,9.85837907958485);
#335=CIRCLE('',#3638,0.500000000000001);
#336=CIRCLE('',#3642,2.);
#337=CIRCLE('',#3644,2.);
#338=CIRCLE('',#3647,9.85837907958485);
#339=CIRCLE('',#3648,1.);
#340=CIRCLE('',#3651,0.5);
#341=CIRCLE('',#3653,1.);
#342=CIRCLE('',#3655,0.5);
#343=CIRCLE('',#3662,0.499999999999998);
#344=CIRCLE('',#3663,1.);
#345=CIRCLE('',#3665,0.5);
#346=CIRCLE('',#3666,1.);
#347=CIRCLE('',#3669,0.499999999999998);
#348=CIRCLE('',#3670,5.);
#349=CIRCLE('',#3671,0.499999999999999);
#350=CIRCLE('',#3672,4.5);
#351=CIRCLE('',#3673,0.5);
#352=CIRCLE('',#3674,0.5);
#353=CIRCLE('',#3675,1.);
#354=CIRCLE('',#3677,0.5);
#355=CIRCLE('',#3678,1.);
#356=CIRCLE('',#3679,0.5);
#357=CIRCLE('',#3683,1.125);
#358=CIRCLE('',#3691,1.025);
#359=CIRCLE('',#3692,1.025);
#360=CIRCLE('',#3694,2.4681202397402);
#361=CIRCLE('',#3695,2.4681202397402);
#362=CIRCLE('',#3699,0.5);
#363=CIRCLE('',#3700,0.5);
#364=CIRCLE('',#3702,0.5);
#365=CIRCLE('',#3705,0.5);
#366=CIRCLE('',#3707,0.5);
#367=CIRCLE('',#3708,0.5);
#368=CIRCLE('',#3709,0.75);
#369=CIRCLE('',#3716,0.5);
#370=CIRCLE('',#3717,0.5);
#371=CIRCLE('',#3718,0.75);
#372=CIRCLE('',#3723,0.75);
#373=CIRCLE('',#3724,1.);
#374=CIRCLE('',#3727,0.75);
#375=CIRCLE('',#3729,1.);
#376=CIRCLE('',#3732,0.5);
#377=CIRCLE('',#3733,0.5);
#378=CIRCLE('',#3736,0.5);
#379=CIRCLE('',#3737,0.5);
#380=CIRCLE('',#3743,0.5);
#381=CIRCLE('',#3744,0.5);
#382=CIRCLE('',#3745,0.75);
#383=CIRCLE('',#3748,0.5);
#384=CIRCLE('',#3749,0.5);
#385=CIRCLE('',#3750,0.75);
#386=FACE_OUTER_BOUND('',#578,.T.);
#387=FACE_OUTER_BOUND('',#579,.T.);
#388=FACE_OUTER_BOUND('',#580,.T.);
#389=FACE_OUTER_BOUND('',#581,.T.);
#390=FACE_OUTER_BOUND('',#582,.T.);
#391=FACE_OUTER_BOUND('',#583,.T.);
#392=FACE_OUTER_BOUND('',#584,.T.);
#393=FACE_OUTER_BOUND('',#585,.T.);
#394=FACE_OUTER_BOUND('',#586,.T.);
#395=FACE_OUTER_BOUND('',#587,.T.);
#396=FACE_OUTER_BOUND('',#588,.T.);
#397=FACE_OUTER_BOUND('',#589,.T.);
#398=FACE_OUTER_BOUND('',#590,.T.);
#399=FACE_OUTER_BOUND('',#591,.T.);
#400=FACE_OUTER_BOUND('',#592,.T.);
#401=FACE_OUTER_BOUND('',#593,.T.);
#402=FACE_OUTER_BOUND('',#594,.T.);
#403=FACE_OUTER_BOUND('',#595,.T.);
#404=FACE_OUTER_BOUND('',#596,.T.);
#405=FACE_OUTER_BOUND('',#597,.T.);
#406=FACE_OUTER_BOUND('',#598,.T.);
#407=FACE_OUTER_BOUND('',#599,.T.);
#408=FACE_OUTER_BOUND('',#600,.T.);
#409=FACE_OUTER_BOUND('',#601,.T.);
#410=FACE_OUTER_BOUND('',#602,.T.);
#411=FACE_OUTER_BOUND('',#603,.T.);
#412=FACE_OUTER_BOUND('',#604,.T.);
#413=FACE_OUTER_BOUND('',#605,.T.);
#414=FACE_OUTER_BOUND('',#606,.T.);
#415=FACE_OUTER_BOUND('',#607,.T.);
#416=FACE_OUTER_BOUND('',#608,.T.);
#417=FACE_OUTER_BOUND('',#609,.T.);
#418=FACE_OUTER_BOUND('',#610,.T.);
#419=FACE_OUTER_BOUND('',#611,.T.);
#420=FACE_OUTER_BOUND('',#612,.T.);
#421=FACE_OUTER_BOUND('',#613,.T.);
#422=FACE_OUTER_BOUND('',#614,.T.);
#423=FACE_OUTER_BOUND('',#615,.T.);
#424=FACE_OUTER_BOUND('',#616,.T.);
#425=FACE_OUTER_BOUND('',#617,.T.);
#426=FACE_OUTER_BOUND('',#618,.T.);
#427=FACE_OUTER_BOUND('',#619,.T.);
#428=FACE_OUTER_BOUND('',#620,.T.);
#429=FACE_OUTER_BOUND('',#621,.T.);
#430=FACE_OUTER_BOUND('',#623,.T.);
#431=FACE_OUTER_BOUND('',#624,.T.);
#432=FACE_OUTER_BOUND('',#626,.T.);
#433=FACE_OUTER_BOUND('',#627,.T.);
#434=FACE_OUTER_BOUND('',#629,.T.);
#435=FACE_OUTER_BOUND('',#630,.T.);
#436=FACE_OUTER_BOUND('',#631,.T.);
#437=FACE_OUTER_BOUND('',#632,.T.);
#438=FACE_OUTER_BOUND('',#633,.T.);
#439=FACE_OUTER_BOUND('',#634,.T.);
#440=FACE_OUTER_BOUND('',#635,.T.);
#441=FACE_OUTER_BOUND('',#636,.T.);
#442=FACE_OUTER_BOUND('',#637,.T.);
#443=FACE_OUTER_BOUND('',#638,.T.);
#444=FACE_OUTER_BOUND('',#639,.T.);
#445=FACE_OUTER_BOUND('',#640,.T.);
#446=FACE_OUTER_BOUND('',#641,.T.);
#447=FACE_OUTER_BOUND('',#642,.T.);
#448=FACE_OUTER_BOUND('',#643,.T.);
#449=FACE_OUTER_BOUND('',#644,.T.);
#450=FACE_OUTER_BOUND('',#645,.T.);
#451=FACE_OUTER_BOUND('',#646,.T.);
#452=FACE_OUTER_BOUND('',#647,.T.);
#453=FACE_OUTER_BOUND('',#648,.T.);
#454=FACE_OUTER_BOUND('',#649,.T.);
#455=FACE_OUTER_BOUND('',#650,.T.);
#456=FACE_OUTER_BOUND('',#651,.T.);
#457=FACE_OUTER_BOUND('',#652,.T.);
#458=FACE_OUTER_BOUND('',#653,.T.);
#459=FACE_OUTER_BOUND('',#654,.T.);
#460=FACE_OUTER_BOUND('',#656,.T.);
#461=FACE_OUTER_BOUND('',#657,.T.);
#462=FACE_OUTER_BOUND('',#658,.T.);
#463=FACE_OUTER_BOUND('',#659,.T.);
#464=FACE_OUTER_BOUND('',#660,.T.);
#465=FACE_OUTER_BOUND('',#661,.T.);
#466=FACE_OUTER_BOUND('',#662,.T.);
#467=FACE_OUTER_BOUND('',#663,.T.);
#468=FACE_OUTER_BOUND('',#664,.T.);
#469=FACE_OUTER_BOUND('',#665,.T.);
#470=FACE_OUTER_BOUND('',#666,.T.);
#471=FACE_OUTER_BOUND('',#667,.T.);
#472=FACE_OUTER_BOUND('',#668,.T.);
#473=FACE_OUTER_BOUND('',#669,.T.);
#474=FACE_OUTER_BOUND('',#670,.T.);
#475=FACE_OUTER_BOUND('',#672,.T.);
#476=FACE_OUTER_BOUND('',#673,.T.);
#477=FACE_OUTER_BOUND('',#674,.T.);
#478=FACE_OUTER_BOUND('',#675,.T.);
#479=FACE_OUTER_BOUND('',#676,.T.);
#480=FACE_OUTER_BOUND('',#678,.T.);
#481=FACE_OUTER_BOUND('',#679,.T.);
#482=FACE_OUTER_BOUND('',#680,.T.);
#483=FACE_OUTER_BOUND('',#681,.T.);
#484=FACE_OUTER_BOUND('',#682,.T.);
#485=FACE_OUTER_BOUND('',#683,.T.);
#486=FACE_OUTER_BOUND('',#684,.T.);
#487=FACE_OUTER_BOUND('',#685,.T.);
#488=FACE_OUTER_BOUND('',#686,.T.);
#489=FACE_OUTER_BOUND('',#687,.T.);
#490=FACE_OUTER_BOUND('',#688,.T.);
#491=FACE_OUTER_BOUND('',#689,.T.);
#492=FACE_OUTER_BOUND('',#690,.T.);
#493=FACE_OUTER_BOUND('',#691,.T.);
#494=FACE_OUTER_BOUND('',#692,.T.);
#495=FACE_OUTER_BOUND('',#693,.T.);
#496=FACE_OUTER_BOUND('',#694,.T.);
#497=FACE_OUTER_BOUND('',#695,.T.);
#498=FACE_OUTER_BOUND('',#696,.T.);
#499=FACE_OUTER_BOUND('',#697,.T.);
#500=FACE_OUTER_BOUND('',#698,.T.);
#501=FACE_OUTER_BOUND('',#700,.T.);
#502=FACE_OUTER_BOUND('',#701,.T.);
#503=FACE_OUTER_BOUND('',#703,.T.);
#504=FACE_OUTER_BOUND('',#704,.T.);
#505=FACE_OUTER_BOUND('',#705,.T.);
#506=FACE_OUTER_BOUND('',#706,.T.);
#507=FACE_OUTER_BOUND('',#707,.T.);
#508=FACE_OUTER_BOUND('',#708,.T.);
#509=FACE_OUTER_BOUND('',#709,.T.);
#510=FACE_OUTER_BOUND('',#710,.T.);
#511=FACE_OUTER_BOUND('',#711,.T.);
#512=FACE_OUTER_BOUND('',#712,.T.);
#513=FACE_OUTER_BOUND('',#713,.T.);
#514=FACE_OUTER_BOUND('',#714,.T.);
#515=FACE_OUTER_BOUND('',#715,.T.);
#516=FACE_OUTER_BOUND('',#716,.T.);
#517=FACE_OUTER_BOUND('',#717,.T.);
#518=FACE_OUTER_BOUND('',#718,.T.);
#519=FACE_OUTER_BOUND('',#719,.T.);
#520=FACE_OUTER_BOUND('',#720,.T.);
#521=FACE_OUTER_BOUND('',#721,.T.);
#522=FACE_OUTER_BOUND('',#722,.T.);
#523=FACE_OUTER_BOUND('',#723,.T.);
#524=FACE_OUTER_BOUND('',#724,.T.);
#525=FACE_OUTER_BOUND('',#725,.T.);
#526=FACE_OUTER_BOUND('',#726,.T.);
#527=FACE_OUTER_BOUND('',#727,.T.);
#528=FACE_OUTER_BOUND('',#728,.T.);
#529=FACE_OUTER_BOUND('',#729,.T.);
#530=FACE_OUTER_BOUND('',#730,.T.);
#531=FACE_OUTER_BOUND('',#731,.T.);
#532=FACE_OUTER_BOUND('',#732,.T.);
#533=FACE_OUTER_BOUND('',#733,.T.);
#534=FACE_OUTER_BOUND('',#734,.T.);
#535=FACE_OUTER_BOUND('',#736,.T.);
#536=FACE_OUTER_BOUND('',#737,.T.);
#537=FACE_OUTER_BOUND('',#738,.T.);
#538=FACE_OUTER_BOUND('',#739,.T.);
#539=FACE_OUTER_BOUND('',#740,.T.);
#540=FACE_OUTER_BOUND('',#741,.T.);
#541=FACE_OUTER_BOUND('',#742,.T.);
#542=FACE_OUTER_BOUND('',#743,.T.);
#543=FACE_OUTER_BOUND('',#744,.T.);
#544=FACE_OUTER_BOUND('',#746,.T.);
#545=FACE_OUTER_BOUND('',#748,.T.);
#546=FACE_OUTER_BOUND('',#749,.T.);
#547=FACE_OUTER_BOUND('',#750,.T.);
#548=FACE_OUTER_BOUND('',#751,.T.);
#549=FACE_OUTER_BOUND('',#752,.T.);
#550=FACE_OUTER_BOUND('',#754,.T.);
#551=FACE_OUTER_BOUND('',#755,.T.);
#552=FACE_OUTER_BOUND('',#756,.T.);
#553=FACE_OUTER_BOUND('',#757,.T.);
#554=FACE_OUTER_BOUND('',#758,.T.);
#555=FACE_OUTER_BOUND('',#759,.T.);
#556=FACE_OUTER_BOUND('',#761,.T.);
#557=FACE_OUTER_BOUND('',#762,.T.);
#558=FACE_OUTER_BOUND('',#763,.T.);
#559=FACE_OUTER_BOUND('',#764,.T.);
#560=FACE_OUTER_BOUND('',#765,.T.);
#561=FACE_OUTER_BOUND('',#766,.T.);
#562=FACE_OUTER_BOUND('',#767,.T.);
#563=FACE_OUTER_BOUND('',#768,.T.);
#564=FACE_OUTER_BOUND('',#769,.T.);
#565=FACE_OUTER_BOUND('',#770,.T.);
#566=FACE_OUTER_BOUND('',#771,.T.);
#567=FACE_OUTER_BOUND('',#772,.T.);
#568=FACE_OUTER_BOUND('',#773,.T.);
#569=FACE_OUTER_BOUND('',#774,.T.);
#570=FACE_OUTER_BOUND('',#775,.T.);
#571=FACE_OUTER_BOUND('',#776,.T.);
#572=FACE_OUTER_BOUND('',#778,.T.);
#573=FACE_OUTER_BOUND('',#779,.T.);
#574=FACE_OUTER_BOUND('',#781,.T.);
#575=FACE_OUTER_BOUND('',#782,.T.);
#576=FACE_OUTER_BOUND('',#783,.T.);
#577=FACE_OUTER_BOUND('',#784,.T.);
#578=EDGE_LOOP('',(#2092,#2093,#2094,#2095));
#579=EDGE_LOOP('',(#2096,#2097,#2098,#2099));
#580=EDGE_LOOP('',(#2100,#2101,#2102,#2103));
#581=EDGE_LOOP('',(#2104,#2105,#2106,#2107,#2108,#2109,#2110,#2111));
#582=EDGE_LOOP('',(#2112,#2113,#2114,#2115,#2116,#2117,#2118));
#583=EDGE_LOOP('',(#2119,#2120,#2121,#2122));
#584=EDGE_LOOP('',(#2123,#2124,#2125,#2126));
#585=EDGE_LOOP('',(#2127,#2128,#2129,#2130));
#586=EDGE_LOOP('',(#2131,#2132,#2133,#2134));
#587=EDGE_LOOP('',(#2135,#2136,#2137,#2138));
#588=EDGE_LOOP('',(#2139,#2140,#2141,#2142));
#589=EDGE_LOOP('',(#2143,#2144,#2145,#2146));
#590=EDGE_LOOP('',(#2147,#2148,#2149,#2150));
#591=EDGE_LOOP('',(#2151,#2152,#2153,#2154,#2155,#2156,#2157,#2158,#2159,
#2160));
#592=EDGE_LOOP('',(#2161,#2162,#2163,#2164,#2165,#2166,#2167,#2168,#2169,
#2170,#2171,#2172));
#593=EDGE_LOOP('',(#2173,#2174,#2175,#2176,#2177,#2178,#2179,#2180,#2181,
#2182,#2183,#2184));
#594=EDGE_LOOP('',(#2185,#2186,#2187,#2188,#2189,#2190,#2191));
#595=EDGE_LOOP('',(#2192,#2193,#2194,#2195,#2196,#2197));
#596=EDGE_LOOP('',(#2198,#2199,#2200,#2201));
#597=EDGE_LOOP('',(#2202,#2203,#2204,#2205,#2206,#2207));
#598=EDGE_LOOP('',(#2208,#2209,#2210,#2211));
#599=EDGE_LOOP('',(#2212,#2213,#2214,#2215));
#600=EDGE_LOOP('',(#2216,#2217,#2218,#2219));
#601=EDGE_LOOP('',(#2220,#2221,#2222,#2223,#2224,#2225));
#602=EDGE_LOOP('',(#2226,#2227,#2228,#2229,#2230,#2231));
#603=EDGE_LOOP('',(#2232,#2233,#2234,#2235));
#604=EDGE_LOOP('',(#2236,#2237,#2238,#2239));
#605=EDGE_LOOP('',(#2240,#2241,#2242,#2243,#2244,#2245,#2246,#2247,#2248,
#2249,#2250,#2251));
#606=EDGE_LOOP('',(#2252,#2253,#2254,#2255));
#607=EDGE_LOOP('',(#2256,#2257,#2258,#2259,#2260,#2261,#2262,#2263,#2264,
#2265,#2266,#2267));
#608=EDGE_LOOP('',(#2268,#2269,#2270,#2271));
#609=EDGE_LOOP('',(#2272,#2273,#2274,#2275));
#610=EDGE_LOOP('',(#2276,#2277,#2278,#2279));
#611=EDGE_LOOP('',(#2280,#2281,#2282));
#612=EDGE_LOOP('',(#2283,#2284,#2285));
#613=EDGE_LOOP('',(#2286,#2287,#2288));
#614=EDGE_LOOP('',(#2289,#2290,#2291,#2292));
#615=EDGE_LOOP('',(#2293,#2294,#2295));
#616=EDGE_LOOP('',(#2296,#2297,#2298,#2299));
#617=EDGE_LOOP('',(#2300,#2301,#2302,#2303));
#618=EDGE_LOOP('',(#2304,#2305,#2306,#2307));
#619=EDGE_LOOP('',(#2308,#2309,#2310,#2311));
#620=EDGE_LOOP('',(#2312,#2313,#2314,#2315));
#621=EDGE_LOOP('',(#2316,#2317,#2318,#2319));
#622=EDGE_LOOP('',(#2320));
#623=EDGE_LOOP('',(#2321,#2322,#2323,#2324));
#624=EDGE_LOOP('',(#2325,#2326,#2327,#2328));
#625=EDGE_LOOP('',(#2329));
#626=EDGE_LOOP('',(#2330,#2331,#2332,#2333));
#627=EDGE_LOOP('',(#2334));
#628=EDGE_LOOP('',(#2335));
#629=EDGE_LOOP('',(#2336,#2337,#2338,#2339,#2340,#2341,#2342,#2343));
#630=EDGE_LOOP('',(#2344,#2345,#2346,#2347,#2348,#2349,#2350,#2351,#2352,
#2353,#2354,#2355,#2356,#2357,#2358,#2359));
#631=EDGE_LOOP('',(#2360,#2361,#2362,#2363));
#632=EDGE_LOOP('',(#2364,#2365,#2366,#2367,#2368,#2369));
#633=EDGE_LOOP('',(#2370,#2371,#2372,#2373));
#634=EDGE_LOOP('',(#2374,#2375,#2376,#2377));
#635=EDGE_LOOP('',(#2378,#2379,#2380,#2381));
#636=EDGE_LOOP('',(#2382,#2383,#2384,#2385));
#637=EDGE_LOOP('',(#2386,#2387,#2388,#2389));
#638=EDGE_LOOP('',(#2390,#2391,#2392,#2393,#2394,#2395));
#639=EDGE_LOOP('',(#2396,#2397,#2398,#2399,#2400,#2401,#2402,#2403,#2404,
#2405,#2406,#2407,#2408,#2409,#2410,#2411));
#640=EDGE_LOOP('',(#2412,#2413,#2414,#2415));
#641=EDGE_LOOP('',(#2416,#2417,#2418,#2419,#2420,#2421));
#642=EDGE_LOOP('',(#2422,#2423,#2424,#2425));
#643=EDGE_LOOP('',(#2426,#2427,#2428,#2429));
#644=EDGE_LOOP('',(#2430,#2431,#2432,#2433));
#645=EDGE_LOOP('',(#2434,#2435,#2436,#2437));
#646=EDGE_LOOP('',(#2438,#2439,#2440,#2441));
#647=EDGE_LOOP('',(#2442,#2443,#2444,#2445));
#648=EDGE_LOOP('',(#2446,#2447,#2448,#2449));
#649=EDGE_LOOP('',(#2450,#2451,#2452,#2453,#2454,#2455));
#650=EDGE_LOOP('',(#2456,#2457,#2458,#2459,#2460,#2461,#2462,#2463));
#651=EDGE_LOOP('',(#2464,#2465,#2466));
#652=EDGE_LOOP('',(#2467,#2468,#2469,#2470));
#653=EDGE_LOOP('',(#2471,#2472,#2473));
#654=EDGE_LOOP('',(#2474,#2475,#2476,#2477,#2478,#2479,#2480,#2481,#2482,
#2483,#2484,#2485,#2486,#2487));
#655=EDGE_LOOP('',(#2488,#2489,#2490,#2491));
#656=EDGE_LOOP('',(#2492,#2493,#2494,#2495));
#657=EDGE_LOOP('',(#2496,#2497,#2498,#2499,#2500,#2501));
#658=EDGE_LOOP('',(#2502,#2503,#2504));
#659=EDGE_LOOP('',(#2505,#2506,#2507,#2508,#2509,#2510));
#660=EDGE_LOOP('',(#2511,#2512,#2513));
#661=EDGE_LOOP('',(#2514,#2515,#2516));
#662=EDGE_LOOP('',(#2517,#2518,#2519,#2520));
#663=EDGE_LOOP('',(#2521,#2522,#2523,#2524));
#664=EDGE_LOOP('',(#2525,#2526,#2527,#2528,#2529,#2530));
#665=EDGE_LOOP('',(#2531,#2532,#2533,#2534,#2535,#2536,#2537));
#666=EDGE_LOOP('',(#2538,#2539,#2540,#2541));
#667=EDGE_LOOP('',(#2542,#2543,#2544,#2545,#2546,#2547,#2548,#2549,#2550));
#668=EDGE_LOOP('',(#2551,#2552,#2553,#2554,#2555,#2556));
#669=EDGE_LOOP('',(#2557,#2558,#2559,#2560,#2561,#2562,#2563,#2564,#2565));
#670=EDGE_LOOP('',(#2566,#2567,#2568,#2569,#2570,#2571,#2572,#2573,#2574,
#2575,#2576,#2577,#2578,#2579,#2580,#2581));
#671=EDGE_LOOP('',(#2582,#2583,#2584,#2585,#2586,#2587,#2588,#2589));
#672=EDGE_LOOP('',(#2590,#2591,#2592,#2593));
#673=EDGE_LOOP('',(#2594,#2595,#2596,#2597,#2598,#2599,#2600,#2601));
#674=EDGE_LOOP('',(#2602,#2603,#2604));
#675=EDGE_LOOP('',(#2605,#2606,#2607,#2608));
#676=EDGE_LOOP('',(#2609,#2610,#2611,#2612,#2613,#2614,#2615,#2616,#2617,
#2618,#2619,#2620));
#677=EDGE_LOOP('',(#2621,#2622));
#678=EDGE_LOOP('',(#2623,#2624,#2625,#2626,#2627,#2628,#2629));
#679=EDGE_LOOP('',(#2630,#2631,#2632,#2633));
#680=EDGE_LOOP('',(#2634,#2635,#2636,#2637));
#681=EDGE_LOOP('',(#2638,#2639,#2640,#2641));
#682=EDGE_LOOP('',(#2642,#2643,#2644,#2645));
#683=EDGE_LOOP('',(#2646,#2647,#2648,#2649,#2650));
#684=EDGE_LOOP('',(#2651,#2652,#2653,#2654));
#685=EDGE_LOOP('',(#2655,#2656,#2657,#2658));
#686=EDGE_LOOP('',(#2659,#2660,#2661,#2662,#2663,#2664,#2665,#2666));
#687=EDGE_LOOP('',(#2667,#2668,#2669,#2670));
#688=EDGE_LOOP('',(#2671,#2672,#2673,#2674,#2675,#2676,#2677));
#689=EDGE_LOOP('',(#2678,#2679,#2680,#2681));
#690=EDGE_LOOP('',(#2682,#2683,#2684,#2685));
#691=EDGE_LOOP('',(#2686,#2687,#2688,#2689));
#692=EDGE_LOOP('',(#2690,#2691,#2692,#2693,#2694));
#693=EDGE_LOOP('',(#2695,#2696,#2697,#2698,#2699));
#694=EDGE_LOOP('',(#2700,#2701,#2702,#2703));
#695=EDGE_LOOP('',(#2704,#2705,#2706,#2707,#2708));
#696=EDGE_LOOP('',(#2709,#2710,#2711,#2712,#2713));
#697=EDGE_LOOP('',(#2714,#2715,#2716,#2717));
#698=EDGE_LOOP('',(#2718,#2719));
#699=EDGE_LOOP('',(#2720));
#700=EDGE_LOOP('',(#2721,#2722,#2723,#2724));
#701=EDGE_LOOP('',(#2725));
#702=EDGE_LOOP('',(#2726));
#703=EDGE_LOOP('',(#2727,#2728,#2729,#2730));
#704=EDGE_LOOP('',(#2731,#2732,#2733));
#705=EDGE_LOOP('',(#2734,#2735,#2736,#2737));
#706=EDGE_LOOP('',(#2738,#2739,#2740,#2741,#2742));
#707=EDGE_LOOP('',(#2743,#2744,#2745,#2746));
#708=EDGE_LOOP('',(#2747,#2748,#2749,#2750));
#709=EDGE_LOOP('',(#2751,#2752,#2753));
#710=EDGE_LOOP('',(#2754,#2755,#2756,#2757,#2758));
#711=EDGE_LOOP('',(#2759,#2760,#2761,#2762));
#712=EDGE_LOOP('',(#2763,#2764,#2765,#2766));
#713=EDGE_LOOP('',(#2767,#2768,#2769,#2770,#2771,#2772));
#714=EDGE_LOOP('',(#2773,#2774,#2775,#2776));
#715=EDGE_LOOP('',(#2777,#2778,#2779,#2780,#2781,#2782));
#716=EDGE_LOOP('',(#2783,#2784,#2785,#2786,#2787,#2788));
#717=EDGE_LOOP('',(#2789,#2790,#2791,#2792,#2793,#2794));
#718=EDGE_LOOP('',(#2795,#2796,#2797,#2798));
#719=EDGE_LOOP('',(#2799,#2800,#2801,#2802));
#720=EDGE_LOOP('',(#2803,#2804,#2805,#2806,#2807,#2808,#2809));
#721=EDGE_LOOP('',(#2810,#2811,#2812,#2813));
#722=EDGE_LOOP('',(#2814,#2815,#2816,#2817,#2818,#2819,#2820,#2821));
#723=EDGE_LOOP('',(#2822,#2823,#2824,#2825));
#724=EDGE_LOOP('',(#2826,#2827,#2828,#2829));
#725=EDGE_LOOP('',(#2830,#2831,#2832,#2833));
#726=EDGE_LOOP('',(#2834,#2835,#2836,#2837));
#727=EDGE_LOOP('',(#2838,#2839,#2840,#2841));
#728=EDGE_LOOP('',(#2842,#2843,#2844,#2845));
#729=EDGE_LOOP('',(#2846,#2847,#2848,#2849));
#730=EDGE_LOOP('',(#2850,#2851,#2852,#2853));
#731=EDGE_LOOP('',(#2854,#2855,#2856,#2857));
#732=EDGE_LOOP('',(#2858,#2859,#2860,#2861));
#733=EDGE_LOOP('',(#2862,#2863,#2864,#2865));
#734=EDGE_LOOP('',(#2866,#2867,#2868,#2869));
#735=EDGE_LOOP('',(#2870));
#736=EDGE_LOOP('',(#2871,#2872,#2873,#2874));
#737=EDGE_LOOP('',(#2875,#2876,#2877,#2878));
#738=EDGE_LOOP('',(#2879,#2880,#2881,#2882));
#739=EDGE_LOOP('',(#2883,#2884,#2885,#2886,#2887));
#740=EDGE_LOOP('',(#2888,#2889,#2890,#2891));
#741=EDGE_LOOP('',(#2892,#2893,#2894,#2895));
#742=EDGE_LOOP('',(#2896,#2897,#2898,#2899));
#743=EDGE_LOOP('',(#2900,#2901,#2902,#2903));
#744=EDGE_LOOP('',(#2904));
#745=EDGE_LOOP('',(#2905));
#746=EDGE_LOOP('',(#2906));
#747=EDGE_LOOP('',(#2907));
#748=EDGE_LOOP('',(#2908,#2909,#2910,#2911));
#749=EDGE_LOOP('',(#2912,#2913,#2914,#2915,#2916,#2917,#2918,#2919));
#750=EDGE_LOOP('',(#2920,#2921,#2922,#2923,#2924,#2925));
#751=EDGE_LOOP('',(#2926,#2927,#2928,#2929));
#752=EDGE_LOOP('',(#2930,#2931,#2932,#2933,#2934,#2935,#2936,#2937));
#753=EDGE_LOOP('',(#2938));
#754=EDGE_LOOP('',(#2939,#2940,#2941,#2942));
#755=EDGE_LOOP('',(#2943,#2944,#2945,#2946));
#756=EDGE_LOOP('',(#2947,#2948,#2949,#2950,#2951));
#757=EDGE_LOOP('',(#2952,#2953,#2954,#2955,#2956));
#758=EDGE_LOOP('',(#2957,#2958,#2959,#2960));
#759=EDGE_LOOP('',(#2961,#2962,#2963,#2964,#2965,#2966));
#760=EDGE_LOOP('',(#2967));
#761=EDGE_LOOP('',(#2968,#2969,#2970,#2971));
#762=EDGE_LOOP('',(#2972,#2973,#2974,#2975));
#763=EDGE_LOOP('',(#2976,#2977,#2978,#2979));
#764=EDGE_LOOP('',(#2980,#2981,#2982,#2983));
#765=EDGE_LOOP('',(#2984));
#766=EDGE_LOOP('',(#2985));
#767=EDGE_LOOP('',(#2986,#2987,#2988,#2989));
#768=EDGE_LOOP('',(#2990,#2991,#2992,#2993));
#769=EDGE_LOOP('',(#2994,#2995,#2996,#2997));
#770=EDGE_LOOP('',(#2998,#2999,#3000,#3001));
#771=EDGE_LOOP('',(#3002,#3003,#3004,#3005));
#772=EDGE_LOOP('',(#3006,#3007,#3008,#3009,#3010));
#773=EDGE_LOOP('',(#3011,#3012,#3013,#3014,#3015,#3016));
#774=EDGE_LOOP('',(#3017,#3018,#3019,#3020));
#775=EDGE_LOOP('',(#3021,#3022,#3023,#3024,#3025));
#776=EDGE_LOOP('',(#3026,#3027,#3028,#3029,#3030,#3031,#3032,#3033));
#777=EDGE_LOOP('',(#3034));
#778=EDGE_LOOP('',(#3035,#3036,#3037,#3038,#3039,#3040,#3041,#3042));
#779=EDGE_LOOP('',(#3043,#3044,#3045,#3046,#3047,#3048));
#780=EDGE_LOOP('',(#3049));
#781=EDGE_LOOP('',(#3050,#3051,#3052,#3053));
#782=EDGE_LOOP('',(#3054,#3055,#3056,#3057));
#783=EDGE_LOOP('',(#3058,#3059,#3060,#3061));
#784=EDGE_LOOP('',(#3062,#3063,#3064,#3065));
#785=LINE('',#4813,#1039);
#786=LINE('',#4815,#1040);
#787=LINE('',#4817,#1041);
#788=LINE('',#4818,#1042);
#789=LINE('',#4821,#1043);
#790=LINE('',#4823,#1044);
#791=LINE('',#4824,#1045);
#792=LINE('',#4827,#1046);
#793=LINE('',#4829,#1047);
#794=LINE('',#4830,#1048);
#795=LINE('',#4833,#1049);
#796=LINE('',#4835,#1050);
#797=LINE('',#4837,#1051);
#798=LINE('',#4839,#1052);
#799=LINE('',#4840,#1053);
#800=LINE('',#4843,#1054);
#801=LINE('',#4849,#1055);
#802=LINE('',#4873,#1056);
#803=LINE('',#4893,#1057);
#804=LINE('',#4896,#1058);
#805=LINE('',#4898,#1059);
#806=LINE('',#4899,#1060);
#807=LINE('',#4903,#1061);
#808=LINE('',#4905,#1062);
#809=LINE('',#4907,#1063);
#810=LINE('',#4908,#1064);
#811=LINE('',#4930,#1065);
#812=LINE('',#4951,#1066);
#813=LINE('',#4953,#1067);
#814=LINE('',#4954,#1068);
#815=LINE('',#4958,#1069);
#816=LINE('',#4960,#1070);
#817=LINE('',#4962,#1071);
#818=LINE('',#4963,#1072);
#819=LINE('',#4985,#1073);
#820=LINE('',#5025,#1074);
#821=LINE('',#5048,#1075);
#822=LINE('',#5055,#1076);
#823=LINE('',#5061,#1077);
#824=LINE('',#5064,#1078);
#825=LINE('',#5068,#1079);
#826=LINE('',#5071,#1080);
#827=LINE('',#5074,#1081);
#828=LINE('',#5076,#1082);
#829=LINE('',#5079,#1083);
#830=LINE('',#5085,#1084);
#831=LINE('',#5088,#1085);
#832=LINE('',#5090,#1086);
#833=LINE('',#5092,#1087);
#834=LINE('',#5093,#1088);
#835=LINE('',#5096,#1089);
#836=LINE('',#5098,#1090);
#837=LINE('',#5099,#1091);
#838=LINE('',#5101,#1092);
#839=LINE('',#5103,#1093);
#840=LINE('',#5104,#1094);
#841=LINE('',#5111,#1095);
#842=LINE('',#5113,#1096);
#843=LINE('',#5115,#1097);
#844=LINE('',#5116,#1098);
#845=LINE('',#5119,#1099);
#846=LINE('',#5120,#1100);
#847=LINE('',#5121,#1101);
#848=LINE('',#5124,#1102);
#849=LINE('',#5125,#1103);
#850=LINE('',#5126,#1104);
#851=LINE('',#5132,#1105);
#852=LINE('',#5135,#1106);
#853=LINE('',#5138,#1107);
#854=LINE('',#5141,#1108);
#855=LINE('',#5144,#1109);
#856=LINE('',#5148,#1110);
#857=LINE('',#5149,#1111);
#858=LINE('',#5169,#1112);
#859=LINE('',#5170,#1113);
#860=LINE('',#5178,#1114);
#861=LINE('',#5180,#1115);
#862=LINE('',#5184,#1116);
#863=LINE('',#5192,#1117);
#864=LINE('',#5198,#1118);
#865=LINE('',#5210,#1119);
#866=LINE('',#5226,#1120);
#867=LINE('',#5236,#1121);
#868=LINE('',#5239,#1122);
#869=LINE('',#5242,#1123);
#870=LINE('',#5246,#1124);
#871=LINE('',#5250,#1125);
#872=LINE('',#5254,#1126);
#873=LINE('',#5258,#1127);
#874=LINE('',#5259,#1128);
#875=LINE('',#5262,#1129);
#876=LINE('',#5266,#1130);
#877=LINE('',#5270,#1131);
#878=LINE('',#5274,#1132);
#879=LINE('',#5285,#1133);
#880=LINE('',#5301,#1134);
#881=LINE('',#5311,#1135);
#882=LINE('',#5314,#1136);
#883=LINE('',#5317,#1137);
#884=LINE('',#5321,#1138);
#885=LINE('',#5325,#1139);
#886=LINE('',#5329,#1140);
#887=LINE('',#5333,#1141);
#888=LINE('',#5334,#1142);
#889=LINE('',#5337,#1143);
#890=LINE('',#5341,#1144);
#891=LINE('',#5345,#1145);
#892=LINE('',#5348,#1146);
#893=LINE('',#5351,#1147);
#894=LINE('',#5357,#1148);
#895=LINE('',#5389,#1149);
#896=LINE('',#5399,#1150);
#897=LINE('',#5401,#1151);
#898=LINE('',#5403,#1152);
#899=LINE('',#5405,#1153);
#900=LINE('',#5407,#1154);
#901=LINE('',#5411,#1155);
#902=LINE('',#5422,#1156);
#903=LINE('',#5424,#1157);
#904=LINE('',#5484,#1158);
#905=LINE('',#5488,#1159);
#906=LINE('',#5498,#1160);
#907=LINE('',#5501,#1161);
#908=LINE('',#5506,#1162);
#909=LINE('',#5509,#1163);
#910=LINE('',#5510,#1164);
#911=LINE('',#5513,#1165);
#912=LINE('',#5514,#1166);
#913=LINE('',#5516,#1167);
#914=LINE('',#5525,#1168);
#915=LINE('',#5533,#1169);
#916=LINE('',#5554,#1170);
#917=LINE('',#5556,#1171);
#918=LINE('',#5562,#1172);
#919=LINE('',#5564,#1173);
#920=LINE('',#5566,#1174);
#921=LINE('',#5568,#1175);
#922=LINE('',#5570,#1176);
#923=LINE('',#5578,#1177);
#924=LINE('',#5582,#1178);
#925=LINE('',#5586,#1179);
#926=LINE('',#5590,#1180);
#927=LINE('',#5598,#1181);
#928=LINE('',#5599,#1182);
#929=LINE('',#5601,#1183);
#930=LINE('',#5605,#1184);
#931=LINE('',#5610,#1185);
#932=LINE('',#5612,#1186);
#933=LINE('',#5614,#1187);
#934=LINE('',#5618,#1188);
#935=LINE('',#5620,#1189);
#936=LINE('',#5621,#1190);
#937=LINE('',#5626,#1191);
#938=LINE('',#5627,#1192);
#939=LINE('',#5629,#1193);
#940=LINE('',#5630,#1194);
#941=LINE('',#5632,#1195);
#942=LINE('',#5642,#1196);
#943=LINE('',#5646,#1197);
#944=LINE('',#5653,#1198);
#945=LINE('',#5657,#1199);
#946=LINE('',#5661,#1200);
#947=LINE('',#5665,#1201);
#948=LINE('',#5666,#1202);
#949=LINE('',#5668,#1203);
#950=LINE('',#5670,#1204);
#951=LINE('',#5678,#1205);
#952=LINE('',#5740,#1206);
#953=LINE('',#5743,#1207);
#954=LINE('',#5746,#1208);
#955=LINE('',#5802,#1209);
#956=LINE('',#5805,#1210);
#957=LINE('',#5808,#1211);
#958=LINE('',#5812,#1212);
#959=LINE('',#5814,#1213);
#960=LINE('',#5815,#1214);
#961=LINE('',#5820,#1215);
#962=LINE('',#5823,#1216);
#963=LINE('',#5827,#1217);
#964=LINE('',#5829,#1218);
#965=LINE('',#5831,#1219);
#966=LINE('',#5835,#1220);
#967=LINE('',#5836,#1221);
#968=LINE('',#5840,#1222);
#969=LINE('',#5841,#1223);
#970=LINE('',#5844,#1224);
#971=LINE('',#5846,#1225);
#972=LINE('',#5863,#1226);
#973=LINE('',#5875,#1227);
#974=LINE('',#5903,#1228);
#975=LINE('',#5904,#1229);
#976=LINE('',#5917,#1230);
#977=LINE('',#5918,#1231);
#978=LINE('',#5920,#1232);
#979=LINE('',#5925,#1233);
#980=LINE('',#5928,#1234);
#981=LINE('',#5931,#1235);
#982=LINE('',#5937,#1236);
#983=LINE('',#5943,#1237);
#984=LINE('',#5952,#1238);
#985=LINE('',#5955,#1239);
#986=LINE('',#5958,#1240);
#987=LINE('',#5960,#1241);
#988=LINE('',#5962,#1242);
#989=LINE('',#5966,#1243);
#990=LINE('',#5968,#1244);
#991=LINE('',#5969,#1245);
#992=LINE('',#5972,#1246);
#993=LINE('',#5974,#1247);
#994=LINE('',#5976,#1248);
#995=LINE('',#5977,#1249);
#996=LINE('',#5982,#1250);
#997=LINE('',#5983,#1251);
#998=LINE('',#5985,#1252);
#999=LINE('',#5987,#1253);
#1000=LINE('',#5991,#1254);
#1001=LINE('',#5997,#1255);
#1002=LINE('',#5998,#1256);
#1003=LINE('',#6000,#1257);
#1004=LINE('',#6004,#1258);
#1005=LINE('',#6005,#1259);
#1006=LINE('',#6008,#1260);
#1007=LINE('',#6010,#1261);
#1008=LINE('',#6011,#1262);
#1009=LINE('',#6020,#1263);
#1010=LINE('',#6025,#1264);
#1011=LINE('',#6033,#1265);
#1012=LINE('',#6036,#1266);
#1013=LINE('',#6042,#1267);
#1014=LINE('',#6045,#1268);
#1015=LINE('',#6048,#1269);
#1016=LINE('',#6050,#1270);
#1017=LINE('',#6051,#1271);
#1018=LINE('',#6057,#1272);
#1019=LINE('',#6060,#1273);
#1020=LINE('',#6063,#1274);
#1021=LINE('',#6065,#1275);
#1022=LINE('',#6067,#1276);
#1023=LINE('',#6068,#1277);
#1024=LINE('',#6071,#1278);
#1025=LINE('',#6073,#1279);
#1026=LINE('',#6075,#1280);
#1027=LINE('',#6076,#1281);
#1028=LINE('',#6078,#1282);
#1029=LINE('',#6079,#1283);
#1030=LINE('',#6081,#1284);
#1031=LINE('',#6084,#1285);
#1032=LINE('',#6088,#1286);
#1033=LINE('',#6094,#1287);
#1034=LINE('',#6095,#1288);
#1035=LINE('',#6100,#1289);
#1036=LINE('',#6105,#1290);
#1037=LINE('',#6107,#1291);
#1038=LINE('',#6109,#1292);
#1039=VECTOR('',#3759,10.);
#1040=VECTOR('',#3760,10.);
#1041=VECTOR('',#3761,10.);
#1042=VECTOR('',#3762,10.);
#1043=VECTOR('',#3765,10.);
#1044=VECTOR('',#3766,10.);
#1045=VECTOR('',#3767,10.);
#1046=VECTOR('',#3770,10.);
#1047=VECTOR('',#3771,10.);
#1048=VECTOR('',#3772,10.);
#1049=VECTOR('',#3775,10.);
#1050=VECTOR('',#3776,10.);
#1051=VECTOR('',#3777,10.);
#1052=VECTOR('',#3778,10.);
#1053=VECTOR('',#3779,10.);
#1054=VECTOR('',#3782,10.);
#1055=VECTOR('',#3787,10.);
#1056=VECTOR('',#3792,10.);
#1057=VECTOR('',#3793,10.);
#1058=VECTOR('',#3796,10.);
#1059=VECTOR('',#3797,10.);
#1060=VECTOR('',#3798,10.);
#1061=VECTOR('',#3801,10.);
#1062=VECTOR('',#3802,10.);
#1063=VECTOR('',#3803,10.);
#1064=VECTOR('',#3804,10.);
#1065=VECTOR('',#3807,10.);
#1066=VECTOR('',#3810,10.);
#1067=VECTOR('',#3811,10.);
#1068=VECTOR('',#3812,10.);
#1069=VECTOR('',#3815,10.);
#1070=VECTOR('',#3816,10.);
#1071=VECTOR('',#3817,10.);
#1072=VECTOR('',#3818,10.);
#1073=VECTOR('',#3821,10.);
#1074=VECTOR('',#3824,10.);
#1075=VECTOR('',#3829,10.);
#1076=VECTOR('',#3836,10.);
#1077=VECTOR('',#3843,10.);
#1078=VECTOR('',#3846,10.);
#1079=VECTOR('',#3851,10.);
#1080=VECTOR('',#3854,10.);
#1081=VECTOR('',#3857,10.);
#1082=VECTOR('',#3858,10.);
#1083=VECTOR('',#3861,10.);
#1084=VECTOR('',#3868,10.);
#1085=VECTOR('',#3871,10.);
#1086=VECTOR('',#3872,10.);
#1087=VECTOR('',#3873,10.);
#1088=VECTOR('',#3874,10.);
#1089=VECTOR('',#3877,10.);
#1090=VECTOR('',#3878,10.);
#1091=VECTOR('',#3879,10.);
#1092=VECTOR('',#3882,10.);
#1093=VECTOR('',#3883,10.);
#1094=VECTOR('',#3884,10.);
#1095=VECTOR('',#3893,10.);
#1096=VECTOR('',#3894,10.);
#1097=VECTOR('',#3895,10.);
#1098=VECTOR('',#3896,10.);
#1099=VECTOR('',#3899,10.);
#1100=VECTOR('',#3900,10.);
#1101=VECTOR('',#3901,10.);
#1102=VECTOR('',#3904,10.);
#1103=VECTOR('',#3905,10.);
#1104=VECTOR('',#3906,10.);
#1105=VECTOR('',#3915,10.);
#1106=VECTOR('',#3920,10.);
#1107=VECTOR('',#3923,10.);
#1108=VECTOR('',#3926,10.);
#1109=VECTOR('',#3929,10.);
#1110=VECTOR('',#3934,10.);
#1111=VECTOR('',#3935,10.);
#1112=VECTOR('',#3964,10.);
#1113=VECTOR('',#3965,10.);
#1114=VECTOR('',#3978,10.);
#1115=VECTOR('',#3981,10.);
#1116=VECTOR('',#3988,10.);
#1117=VECTOR('',#3997,2.975);
#1118=VECTOR('',#4006,2.975);
#1119=VECTOR('',#4019,10.);
#1120=VECTOR('',#4034,10.);
#1121=VECTOR('',#4045,10.);
#1122=VECTOR('',#4048,10.);
#1123=VECTOR('',#4051,10.);
#1124=VECTOR('',#4054,10.);
#1125=VECTOR('',#4059,10.);
#1126=VECTOR('',#4064,10.);
#1127=VECTOR('',#4069,10.);
#1128=VECTOR('',#4070,10.);
#1129=VECTOR('',#4073,10.);
#1130=VECTOR('',#4078,10.);
#1131=VECTOR('',#4083,10.);
#1132=VECTOR('',#4086,10.);
#1133=VECTOR('',#4097,10.);
#1134=VECTOR('',#4112,10.);
#1135=VECTOR('',#4123,10.);
#1136=VECTOR('',#4126,10.);
#1137=VECTOR('',#4129,10.);
#1138=VECTOR('',#4132,10.);
#1139=VECTOR('',#4137,10.);
#1140=VECTOR('',#4142,10.);
#1141=VECTOR('',#4147,10.);
#1142=VECTOR('',#4148,10.);
#1143=VECTOR('',#4151,10.);
#1144=VECTOR('',#4156,10.);
#1145=VECTOR('',#4161,10.);
#1146=VECTOR('',#4164,10.);
#1147=VECTOR('',#4167,10.);
#1148=VECTOR('',#4174,10.);
#1149=VECTOR('',#4215,10.);
#1150=VECTOR('',#4224,10.);
#1151=VECTOR('',#4225,10.);
#1152=VECTOR('',#4226,10.);
#1153=VECTOR('',#4227,10.);
#1154=VECTOR('',#4228,10.);
#1155=VECTOR('',#4231,10.);
#1156=VECTOR('',#4246,0.5);
#1157=VECTOR('',#4247,0.5);
#1158=VECTOR('',#4280,0.5);
#1159=VECTOR('',#4287,0.5);
#1160=VECTOR('',#4292,10.);
#1161=VECTOR('',#4295,10.);
#1162=VECTOR('',#4302,0.5);
#1163=VECTOR('',#4305,0.5);
#1164=VECTOR('',#4306,10.);
#1165=VECTOR('',#4309,0.5);
#1166=VECTOR('',#4310,0.5);
#1167=VECTOR('',#4313,10.);
#1168=VECTOR('',#4322,10.);
#1169=VECTOR('',#4329,10.);
#1170=VECTOR('',#4342,10.);
#1171=VECTOR('',#4343,10.);
#1172=VECTOR('',#4350,10.);
#1173=VECTOR('',#4351,10.);
#1174=VECTOR('',#4352,10.);
#1175=VECTOR('',#4353,10.);
#1176=VECTOR('',#4354,10.);
#1177=VECTOR('',#4361,10.);
#1178=VECTOR('',#4364,10.);
#1179=VECTOR('',#4369,10.);
#1180=VECTOR('',#4372,10.);
#1181=VECTOR('',#4375,10.);
#1182=VECTOR('',#4376,10.);
#1183=VECTOR('',#4379,10.);
#1184=VECTOR('',#4384,10.);
#1185=VECTOR('',#4391,10.);
#1186=VECTOR('',#4392,10.);
#1187=VECTOR('',#4393,10.);
#1188=VECTOR('',#4398,10.);
#1189=VECTOR('',#4399,10.);
#1190=VECTOR('',#4400,10.);
#1191=VECTOR('',#4407,10.);
#1192=VECTOR('',#4408,10.);
#1193=VECTOR('',#4409,10.);
#1194=VECTOR('',#4410,10.);
#1195=VECTOR('',#4413,10.);
#1196=VECTOR('',#4416,10.);
#1197=VECTOR('',#4421,10.);
#1198=VECTOR('',#4430,10.);
#1199=VECTOR('',#4435,10.);
#1200=VECTOR('',#4440,10.);
#1201=VECTOR('',#4445,10.);
#1202=VECTOR('',#4446,10.);
#1203=VECTOR('',#4449,10.);
#1204=VECTOR('',#4452,10.);
#1205=VECTOR('',#4463,1.125);
#1206=VECTOR('',#4478,10.);
#1207=VECTOR('',#4481,10.);
#1208=VECTOR('',#4484,10.);
#1209=VECTOR('',#4501,10.);
#1210=VECTOR('',#4504,10.);
#1211=VECTOR('',#4509,10.);
#1212=VECTOR('',#4512,10.);
#1213=VECTOR('',#4513,10.);
#1214=VECTOR('',#4514,10.);
#1215=VECTOR('',#4521,10.);
#1216=VECTOR('',#4524,10.);
#1217=VECTOR('',#4529,10.);
#1218=VECTOR('',#4530,10.);
#1219=VECTOR('',#4531,10.);
#1220=VECTOR('',#4536,10.);
#1221=VECTOR('',#4537,10.);
#1222=VECTOR('',#4544,10.);
#1223=VECTOR('',#4545,10.);
#1224=VECTOR('',#4550,10.);
#1225=VECTOR('',#4553,10.);
#1226=VECTOR('',#4564,10.);
#1227=VECTOR('',#4569,10.);
#1228=VECTOR('',#4590,10.);
#1229=VECTOR('',#4591,10.);
#1230=VECTOR('',#4598,10.);
#1231=VECTOR('',#4599,10.);
#1232=VECTOR('',#4602,10.);
#1233=VECTOR('',#4609,10.);
#1234=VECTOR('',#4614,10.);
#1235=VECTOR('',#4619,1.125);
#1236=VECTOR('',#4626,1.025);
#1237=VECTOR('',#4633,2.4681202397402);
#1238=VECTOR('',#4644,10.);
#1239=VECTOR('',#4647,10.);
#1240=VECTOR('',#4650,10.);
#1241=VECTOR('',#4651,10.);
#1242=VECTOR('',#4652,10.);
#1243=VECTOR('',#4655,10.);
#1244=VECTOR('',#4656,10.);
#1245=VECTOR('',#4657,10.);
#1246=VECTOR('',#4660,10.);
#1247=VECTOR('',#4661,10.);
#1248=VECTOR('',#4662,10.);
#1249=VECTOR('',#4663,10.);
#1250=VECTOR('',#4668,10.);
#1251=VECTOR('',#4669,10.);
#1252=VECTOR('',#4672,10.);
#1253=VECTOR('',#4673,10.);
#1254=VECTOR('',#4676,10.);
#1255=VECTOR('',#4683,10.);
#1256=VECTOR('',#4684,10.);
#1257=VECTOR('',#4687,10.);
#1258=VECTOR('',#4692,10.);
#1259=VECTOR('',#4693,10.);
#1260=VECTOR('',#4696,10.);
#1261=VECTOR('',#4697,10.);
#1262=VECTOR('',#4698,10.);
#1263=VECTOR('',#4713,0.75);
#1264=VECTOR('',#4718,0.875);
#1265=VECTOR('',#4729,0.875);
#1266=VECTOR('',#4734,1.);
#1267=VECTOR('',#4739,10.);
#1268=VECTOR('',#4742,10.);
#1269=VECTOR('',#4745,10.);
#1270=VECTOR('',#4746,10.);
#1271=VECTOR('',#4747,10.);
#1272=VECTOR('',#4752,10.);
#1273=VECTOR('',#4755,10.);
#1274=VECTOR('',#4758,10.);
#1275=VECTOR('',#4759,10.);
#1276=VECTOR('',#4760,10.);
#1277=VECTOR('',#4761,10.);
#1278=VECTOR('',#4764,10.);
#1279=VECTOR('',#4765,10.);
#1280=VECTOR('',#4766,10.);
#1281=VECTOR('',#4767,10.);
#1282=VECTOR('',#4770,10.);
#1283=VECTOR('',#4771,10.);
#1284=VECTOR('',#4774,10.);
#1285=VECTOR('',#4777,10.);
#1286=VECTOR('',#4780,10.);
#1287=VECTOR('',#4787,10.);
#1288=VECTOR('',#4788,10.);
#1289=VECTOR('',#4793,10.);
#1290=VECTOR('',#4800,0.75);
#1291=VECTOR('',#4803,10.);
#1292=VECTOR('',#4806,10.);
#1293=VERTEX_POINT('',#4811);
#1294=VERTEX_POINT('',#4812);
#1295=VERTEX_POINT('',#4814);
#1296=VERTEX_POINT('',#4816);
#1297=VERTEX_POINT('',#4820);
#1298=VERTEX_POINT('',#4822);
#1299=VERTEX_POINT('',#4826);
#1300=VERTEX_POINT('',#4828);
#1301=VERTEX_POINT('',#4832);
#1302=VERTEX_POINT('',#4834);
#1303=VERTEX_POINT('',#4836);
#1304=VERTEX_POINT('',#4838);
#1305=VERTEX_POINT('',#4842);
#1306=VERTEX_POINT('',#4844);
#1307=VERTEX_POINT('',#4846);
#1308=VERTEX_POINT('',#4848);
#1309=VERTEX_POINT('',#4852);
#1310=VERTEX_POINT('',#4853);
#1311=VERTEX_POINT('',#4872);
#1312=VERTEX_POINT('',#4874);
#1313=VERTEX_POINT('',#4895);
#1314=VERTEX_POINT('',#4897);
#1315=VERTEX_POINT('',#4901);
#1316=VERTEX_POINT('',#4902);
#1317=VERTEX_POINT('',#4904);
#1318=VERTEX_POINT('',#4906);
#1319=VERTEX_POINT('',#4910);
#1320=VERTEX_POINT('',#4929);
#1321=VERTEX_POINT('',#4950);
#1322=VERTEX_POINT('',#4952);
#1323=VERTEX_POINT('',#4956);
#1324=VERTEX_POINT('',#4957);
#1325=VERTEX_POINT('',#4959);
#1326=VERTEX_POINT('',#4961);
#1327=VERTEX_POINT('',#4965);
#1328=VERTEX_POINT('',#4984);
#1329=VERTEX_POINT('',#5005);
#1330=VERTEX_POINT('',#5024);
#1331=VERTEX_POINT('',#5045);
#1332=VERTEX_POINT('',#5047);
#1333=VERTEX_POINT('',#5050);
#1334=VERTEX_POINT('',#5052);
#1335=VERTEX_POINT('',#5054);
#1336=VERTEX_POINT('',#5056);
#1337=VERTEX_POINT('',#5060);
#1338=VERTEX_POINT('',#5062);
#1339=VERTEX_POINT('',#5066);
#1340=VERTEX_POINT('',#5070);
#1341=VERTEX_POINT('',#5072);
#1342=VERTEX_POINT('',#5075);
#1343=VERTEX_POINT('',#5077);
#1344=VERTEX_POINT('',#5081);
#1345=VERTEX_POINT('',#5083);
#1346=VERTEX_POINT('',#5087);
#1347=VERTEX_POINT('',#5089);
#1348=VERTEX_POINT('',#5091);
#1349=VERTEX_POINT('',#5095);
#1350=VERTEX_POINT('',#5097);
#1351=VERTEX_POINT('',#5102);
#1352=VERTEX_POINT('',#5109);
#1353=VERTEX_POINT('',#5110);
#1354=VERTEX_POINT('',#5112);
#1355=VERTEX_POINT('',#5114);
#1356=VERTEX_POINT('',#5118);
#1357=VERTEX_POINT('',#5123);
#1358=VERTEX_POINT('',#5131);
#1359=VERTEX_POINT('',#5137);
#1360=VERTEX_POINT('',#5139);
#1361=VERTEX_POINT('',#5143);
#1362=VERTEX_POINT('',#5147);
#1363=VERTEX_POINT('',#5153);
#1364=VERTEX_POINT('',#5155);
#1365=VERTEX_POINT('',#5159);
#1366=VERTEX_POINT('',#5163);
#1367=VERTEX_POINT('',#5165);
#1368=VERTEX_POINT('',#5172);
#1369=VERTEX_POINT('',#5186);
#1370=VERTEX_POINT('',#5189);
#1371=VERTEX_POINT('',#5191);
#1372=VERTEX_POINT('',#5196);
#1373=VERTEX_POINT('',#5202);
#1374=VERTEX_POINT('',#5203);
#1375=VERTEX_POINT('',#5205);
#1376=VERTEX_POINT('',#5207);
#1377=VERTEX_POINT('',#5209);
#1378=VERTEX_POINT('',#5211);
#1379=VERTEX_POINT('',#5213);
#1380=VERTEX_POINT('',#5215);
#1381=VERTEX_POINT('',#5217);
#1382=VERTEX_POINT('',#5219);
#1383=VERTEX_POINT('',#5221);
#1384=VERTEX_POINT('',#5223);
#1385=VERTEX_POINT('',#5225);
#1386=VERTEX_POINT('',#5227);
#1387=VERTEX_POINT('',#5229);
#1388=VERTEX_POINT('',#5231);
#1389=VERTEX_POINT('',#5235);
#1390=VERTEX_POINT('',#5237);
#1391=VERTEX_POINT('',#5241);
#1392=VERTEX_POINT('',#5243);
#1393=VERTEX_POINT('',#5245);
#1394=VERTEX_POINT('',#5249);
#1395=VERTEX_POINT('',#5253);
#1396=VERTEX_POINT('',#5257);
#1397=VERTEX_POINT('',#5261);
#1398=VERTEX_POINT('',#5265);
#1399=VERTEX_POINT('',#5269);
#1400=VERTEX_POINT('',#5271);
#1401=VERTEX_POINT('',#5273);
#1402=VERTEX_POINT('',#5277);
#1403=VERTEX_POINT('',#5278);
#1404=VERTEX_POINT('',#5280);
#1405=VERTEX_POINT('',#5282);
#1406=VERTEX_POINT('',#5284);
#1407=VERTEX_POINT('',#5286);
#1408=VERTEX_POINT('',#5288);
#1409=VERTEX_POINT('',#5290);
#1410=VERTEX_POINT('',#5292);
#1411=VERTEX_POINT('',#5294);
#1412=VERTEX_POINT('',#5296);
#1413=VERTEX_POINT('',#5298);
#1414=VERTEX_POINT('',#5300);
#1415=VERTEX_POINT('',#5302);
#1416=VERTEX_POINT('',#5304);
#1417=VERTEX_POINT('',#5306);
#1418=VERTEX_POINT('',#5310);
#1419=VERTEX_POINT('',#5312);
#1420=VERTEX_POINT('',#5316);
#1421=VERTEX_POINT('',#5318);
#1422=VERTEX_POINT('',#5320);
#1423=VERTEX_POINT('',#5324);
#1424=VERTEX_POINT('',#5328);
#1425=VERTEX_POINT('',#5332);
#1426=VERTEX_POINT('',#5336);
#1427=VERTEX_POINT('',#5340);
#1428=VERTEX_POINT('',#5344);
#1429=VERTEX_POINT('',#5346);
#1430=VERTEX_POINT('',#5350);
#1431=VERTEX_POINT('',#5354);
#1432=VERTEX_POINT('',#5356);
#1433=VERTEX_POINT('',#5360);
#1434=VERTEX_POINT('',#5362);
#1435=VERTEX_POINT('',#5367);
#1436=VERTEX_POINT('',#5368);
#1437=VERTEX_POINT('',#5370);
#1438=VERTEX_POINT('',#5374);
#1439=VERTEX_POINT('',#5375);
#1440=VERTEX_POINT('',#5380);
#1441=VERTEX_POINT('',#5384);
#1442=VERTEX_POINT('',#5386);
#1443=VERTEX_POINT('',#5388);
#1444=VERTEX_POINT('',#5390);
#1445=VERTEX_POINT('',#5392);
#1446=VERTEX_POINT('',#5394);
#1447=VERTEX_POINT('',#5396);
#1448=VERTEX_POINT('',#5398);
#1449=VERTEX_POINT('',#5400);
#1450=VERTEX_POINT('',#5402);
#1451=VERTEX_POINT('',#5404);
#1452=VERTEX_POINT('',#5406);
#1453=VERTEX_POINT('',#5409);
#1454=VERTEX_POINT('',#5410);
#1455=VERTEX_POINT('',#5412);
#1456=VERTEX_POINT('',#5414);
#1457=VERTEX_POINT('',#5418);
#1458=VERTEX_POINT('',#5423);
#1459=VERTEX_POINT('',#5427);
#1460=VERTEX_POINT('',#5428);
#1461=VERTEX_POINT('',#5441);
#1462=VERTEX_POINT('',#5445);
#1463=VERTEX_POINT('',#5446);
#1464=VERTEX_POINT('',#5452);
#1465=VERTEX_POINT('',#5483);
#1466=VERTEX_POINT('',#5490);
#1467=VERTEX_POINT('',#5492);
#1468=VERTEX_POINT('',#5497);
#1469=VERTEX_POINT('',#5499);
#1470=VERTEX_POINT('',#5505);
#1471=VERTEX_POINT('',#5507);
#1472=VERTEX_POINT('',#5512);
#1473=VERTEX_POINT('',#5517);
#1474=VERTEX_POINT('',#5521);
#1475=VERTEX_POINT('',#5522);
#1476=VERTEX_POINT('',#5524);
#1477=VERTEX_POINT('',#5526);
#1478=VERTEX_POINT('',#5528);
#1479=VERTEX_POINT('',#5530);
#1480=VERTEX_POINT('',#5532);
#1481=VERTEX_POINT('',#5534);
#1482=VERTEX_POINT('',#5553);
#1483=VERTEX_POINT('',#5555);
#1484=VERTEX_POINT('',#5559);
#1485=VERTEX_POINT('',#5561);
#1486=VERTEX_POINT('',#5563);
#1487=VERTEX_POINT('',#5565);
#1488=VERTEX_POINT('',#5567);
#1489=VERTEX_POINT('',#5569);
#1490=VERTEX_POINT('',#5571);
#1491=VERTEX_POINT('',#5573);
#1492=VERTEX_POINT('',#5575);
#1493=VERTEX_POINT('',#5577);
#1494=VERTEX_POINT('',#5580);
#1495=VERTEX_POINT('',#5581);
#1496=VERTEX_POINT('',#5585);
#1497=VERTEX_POINT('',#5587);
#1498=VERTEX_POINT('',#5589);
#1499=VERTEX_POINT('',#5603);
#1500=VERTEX_POINT('',#5609);
#1501=VERTEX_POINT('',#5611);
#1502=VERTEX_POINT('',#5613);
#1503=VERTEX_POINT('',#5617);
#1504=VERTEX_POINT('',#5619);
#1505=VERTEX_POINT('',#5625);
#1506=VERTEX_POINT('',#5628);
#1507=VERTEX_POINT('',#5634);
#1508=VERTEX_POINT('',#5641);
#1509=VERTEX_POINT('',#5645);
#1510=VERTEX_POINT('',#5649);
#1511=VERTEX_POINT('',#5651);
#1512=VERTEX_POINT('',#5656);
#1513=VERTEX_POINT('',#5660);
#1514=VERTEX_POINT('',#5664);
#1515=VERTEX_POINT('',#5673);
#1516=VERTEX_POINT('',#5676);
#1517=VERTEX_POINT('',#5680);
#1518=VERTEX_POINT('',#5702);
#1519=VERTEX_POINT('',#5704);
#1520=VERTEX_POINT('',#5709);
#1521=VERTEX_POINT('',#5735);
#1522=VERTEX_POINT('',#5739);
#1523=VERTEX_POINT('',#5741);
#1524=VERTEX_POINT('',#5745);
#1525=VERTEX_POINT('',#5770);
#1526=VERTEX_POINT('',#5796);
#1527=VERTEX_POINT('',#5800);
#1528=VERTEX_POINT('',#5804);
#1529=VERTEX_POINT('',#5810);
#1530=VERTEX_POINT('',#5811);
#1531=VERTEX_POINT('',#5813);
#1532=VERTEX_POINT('',#5816);
#1533=VERTEX_POINT('',#5822);
#1534=VERTEX_POINT('',#5826);
#1535=VERTEX_POINT('',#5828);
#1536=VERTEX_POINT('',#5830);
#1537=VERTEX_POINT('',#5834);
#1538=VERTEX_POINT('',#5857);
#1539=VERTEX_POINT('',#5861);
#1540=VERTEX_POINT('',#5877);
#1541=VERTEX_POINT('',#5878);
#1542=VERTEX_POINT('',#5880);
#1543=VERTEX_POINT('',#5882);
#1544=VERTEX_POINT('',#5894);
#1545=VERTEX_POINT('',#5895);
#1546=VERTEX_POINT('',#5900);
#1547=VERTEX_POINT('',#5901);
#1548=VERTEX_POINT('',#5922);
#1549=VERTEX_POINT('',#5934);
#1550=VERTEX_POINT('',#5936);
#1551=VERTEX_POINT('',#5940);
#1552=VERTEX_POINT('',#5942);
#1553=VERTEX_POINT('',#5948);
#1554=VERTEX_POINT('',#5949);
#1555=VERTEX_POINT('',#5951);
#1556=VERTEX_POINT('',#5953);
#1557=VERTEX_POINT('',#5957);
#1558=VERTEX_POINT('',#5959);
#1559=VERTEX_POINT('',#5961);
#1560=VERTEX_POINT('',#5963);
#1561=VERTEX_POINT('',#5965);
#1562=VERTEX_POINT('',#5967);
#1563=VERTEX_POINT('',#5971);
#1564=VERTEX_POINT('',#5973);
#1565=VERTEX_POINT('',#5975);
#1566=VERTEX_POINT('',#5979);
#1567=VERTEX_POINT('',#5980);
#1568=VERTEX_POINT('',#5986);
#1569=VERTEX_POINT('',#5988);
#1570=VERTEX_POINT('',#5990);
#1571=VERTEX_POINT('',#5993);
#1572=VERTEX_POINT('',#5996);
#1573=VERTEX_POINT('',#6003);
#1574=VERTEX_POINT('',#6007);
#1575=VERTEX_POINT('',#6009);
#1576=VERTEX_POINT('',#6015);
#1577=VERTEX_POINT('',#6022);
#1578=VERTEX_POINT('',#6024);
#1579=VERTEX_POINT('',#6029);
#1580=VERTEX_POINT('',#6032);
#1581=VERTEX_POINT('',#6038);
#1582=VERTEX_POINT('',#6039);
#1583=VERTEX_POINT('',#6041);
#1584=VERTEX_POINT('',#6043);
#1585=VERTEX_POINT('',#6047);
#1586=VERTEX_POINT('',#6049);
#1587=VERTEX_POINT('',#6053);
#1588=VERTEX_POINT('',#6054);
#1589=VERTEX_POINT('',#6056);
#1590=VERTEX_POINT('',#6058);
#1591=VERTEX_POINT('',#6062);
#1592=VERTEX_POINT('',#6064);
#1593=VERTEX_POINT('',#6066);
#1594=VERTEX_POINT('',#6070);
#1595=VERTEX_POINT('',#6072);
#1596=VERTEX_POINT('',#6074);
#1597=VERTEX_POINT('',#6083);
#1598=VERTEX_POINT('',#6085);
#1599=VERTEX_POINT('',#6087);
#1600=VERTEX_POINT('',#6090);
#1601=VERTEX_POINT('',#6093);
#1602=VERTEX_POINT('',#6097);
#1603=VERTEX_POINT('',#6099);
#1604=VERTEX_POINT('',#6102);
#1605=EDGE_CURVE('',#1293,#1294,#785,.T.);
#1606=EDGE_CURVE('',#1295,#1293,#786,.T.);
#1607=EDGE_CURVE('',#1296,#1295,#787,.T.);
#1608=EDGE_CURVE('',#1296,#1294,#788,.T.);
#1609=EDGE_CURVE('',#1294,#1297,#789,.T.);
#1610=EDGE_CURVE('',#1298,#1296,#790,.T.);
#1611=EDGE_CURVE('',#1297,#1298,#791,.T.);
#1612=EDGE_CURVE('',#1299,#1293,#792,.T.);
#1613=EDGE_CURVE('',#1300,#1299,#793,.T.);
#1614=EDGE_CURVE('',#1295,#1300,#794,.T.);
#1615=EDGE_CURVE('',#1297,#1301,#795,.T.);
#1616=EDGE_CURVE('',#1301,#1302,#796,.F.);
#1617=EDGE_CURVE('',#1302,#1303,#797,.T.);
#1618=EDGE_CURVE('',#1303,#1304,#798,.F.);
#1619=EDGE_CURVE('',#1304,#1299,#799,.T.);
#1620=EDGE_CURVE('',#1305,#1298,#800,.T.);
#1621=EDGE_CURVE('',#1306,#1305,#177,.T.);
#1622=EDGE_CURVE('',#1307,#1306,#178,.T.);
#1623=EDGE_CURVE('',#1307,#1308,#801,.T.);
#1624=EDGE_CURVE('',#1301,#1308,#179,.T.);
#1625=EDGE_CURVE('',#1309,#1310,#73,.T.);
#1626=EDGE_CURVE('',#1309,#1311,#802,.T.);
#1627=EDGE_CURVE('',#1312,#1311,#74,.T.);
#1628=EDGE_CURVE('',#1310,#1312,#803,.T.);
#1629=EDGE_CURVE('',#1310,#1313,#804,.T.);
#1630=EDGE_CURVE('',#1314,#1312,#805,.T.);
#1631=EDGE_CURVE('',#1313,#1314,#806,.T.);
#1632=EDGE_CURVE('',#1315,#1316,#807,.T.);
#1633=EDGE_CURVE('',#1315,#1317,#808,.T.);
#1634=EDGE_CURVE('',#1318,#1317,#809,.T.);
#1635=EDGE_CURVE('',#1316,#1318,#810,.T.);
#1636=EDGE_CURVE('',#1319,#1315,#75,.T.);
#1637=EDGE_CURVE('',#1319,#1320,#811,.T.);
#1638=EDGE_CURVE('',#1317,#1320,#76,.T.);
#1639=EDGE_CURVE('',#1321,#1307,#812,.T.);
#1640=EDGE_CURVE('',#1322,#1321,#813,.T.);
#1641=EDGE_CURVE('',#1308,#1322,#814,.T.);
#1642=EDGE_CURVE('',#1323,#1324,#815,.T.);
#1643=EDGE_CURVE('',#1325,#1323,#816,.T.);
#1644=EDGE_CURVE('',#1326,#1325,#817,.T.);
#1645=EDGE_CURVE('',#1324,#1326,#818,.T.);
#1646=EDGE_CURVE('',#1327,#1321,#77,.T.);
#1647=EDGE_CURVE('',#1328,#1327,#819,.T.);
#1648=EDGE_CURVE('',#1322,#1328,#78,.T.);
#1649=EDGE_CURVE('',#1329,#1323,#79,.T.);
#1650=EDGE_CURVE('',#1330,#1329,#820,.T.);
#1651=EDGE_CURVE('',#1325,#1330,#80,.T.);
#1652=EDGE_CURVE('',#1331,#1318,#180,.T.);
#1653=EDGE_CURVE('',#1332,#1331,#821,.T.);
#1654=EDGE_CURVE('',#1313,#1332,#181,.T.);
#1655=EDGE_CURVE('',#1333,#1314,#182,.T.);
#1656=EDGE_CURVE('',#1334,#1333,#183,.T.);
#1657=EDGE_CURVE('',#1335,#1334,#822,.T.);
#1658=EDGE_CURVE('',#1336,#1335,#184,.T.);
#1659=EDGE_CURVE('',#1316,#1336,#185,.T.);
#1660=EDGE_CURVE('',#1320,#1337,#823,.T.);
#1661=EDGE_CURVE('',#1337,#1338,#186,.T.);
#1662=EDGE_CURVE('',#1338,#1329,#824,.T.);
#1663=EDGE_CURVE('',#1324,#1304,#187,.T.);
#1664=EDGE_CURVE('',#1303,#1339,#188,.F.);
#1665=EDGE_CURVE('',#1331,#1339,#825,.F.);
#1666=EDGE_CURVE('',#1311,#1340,#826,.T.);
#1667=EDGE_CURVE('',#1341,#1340,#189,.T.);
#1668=EDGE_CURVE('',#1341,#1327,#827,.T.);
#1669=EDGE_CURVE('',#1342,#1306,#828,.T.);
#1670=EDGE_CURVE('',#1343,#1342,#190,.T.);
#1671=EDGE_CURVE('',#1333,#1343,#829,.T.);
#1672=EDGE_CURVE('',#1344,#1326,#191,.T.);
#1673=EDGE_CURVE('',#1345,#1344,#192,.T.);
#1674=EDGE_CURVE('',#1300,#1345,#830,.T.);
#1675=EDGE_CURVE('',#1346,#1319,#831,.T.);
#1676=EDGE_CURVE('',#1347,#1346,#832,.T.);
#1677=EDGE_CURVE('',#1348,#1347,#833,.T.);
#1678=EDGE_CURVE('',#1337,#1348,#834,.T.);
#1679=EDGE_CURVE('',#1348,#1349,#835,.T.);
#1680=EDGE_CURVE('',#1350,#1347,#836,.T.);
#1681=EDGE_CURVE('',#1349,#1350,#837,.T.);
#1682=EDGE_CURVE('',#1349,#1338,#838,.T.);
#1683=EDGE_CURVE('',#1351,#1350,#839,.T.);
#1684=EDGE_CURVE('',#1330,#1351,#840,.T.);
#1685=EDGE_CURVE('',#1346,#1351,#193,.T.);
#1686=EDGE_CURVE('',#1352,#1353,#841,.T.);
#1687=EDGE_CURVE('',#1353,#1354,#842,.T.);
#1688=EDGE_CURVE('',#1355,#1354,#843,.T.);
#1689=EDGE_CURVE('',#1352,#1355,#844,.T.);
#1690=EDGE_CURVE('',#1356,#1352,#845,.T.);
#1691=EDGE_CURVE('',#1340,#1355,#846,.T.);
#1692=EDGE_CURVE('',#1356,#1309,#847,.T.);
#1693=EDGE_CURVE('',#1353,#1357,#848,.T.);
#1694=EDGE_CURVE('',#1328,#1357,#849,.T.);
#1695=EDGE_CURVE('',#1354,#1341,#850,.T.);
#1696=EDGE_CURVE('',#1357,#1356,#194,.T.);
#1697=EDGE_CURVE('',#1358,#1332,#851,.F.);
#1698=EDGE_CURVE('',#1358,#1302,#195,.F.);
#1699=EDGE_CURVE('',#1339,#1358,#852,.T.);
#1700=EDGE_CURVE('',#1359,#1336,#853,.T.);
#1701=EDGE_CURVE('',#1360,#1359,#196,.T.);
#1702=EDGE_CURVE('',#1344,#1360,#854,.T.);
#1703=EDGE_CURVE('',#1335,#1361,#855,.T.);
#1704=EDGE_CURVE('',#1361,#1359,#197,.F.);
#1705=EDGE_CURVE('',#1362,#1334,#856,.T.);
#1706=EDGE_CURVE('',#1361,#1362,#857,.T.);
#1707=EDGE_CURVE('',#1343,#1362,#198,.F.);
#1708=EDGE_CURVE('',#1360,#1363,#199,.F.);
#1709=EDGE_CURVE('',#1364,#1360,#200,.F.);
#1710=EDGE_CURVE('',#1363,#1364,#201,.F.);
#1711=EDGE_CURVE('',#1365,#1361,#202,.F.);
#1712=EDGE_CURVE('',#1359,#1365,#203,.F.);
#1713=EDGE_CURVE('',#1366,#1342,#204,.F.);
#1714=EDGE_CURVE('',#1367,#1366,#205,.F.);
#1715=EDGE_CURVE('',#1342,#1367,#206,.F.);
#1716=EDGE_CURVE('',#1364,#1367,#858,.T.);
#1717=EDGE_CURVE('',#1366,#1363,#859,.T.);
#1718=EDGE_CURVE('',#1368,#1343,#207,.F.);
#1719=EDGE_CURVE('',#1362,#1368,#208,.F.);
#1720=EDGE_CURVE('',#1367,#1368,#209,.T.);
#1721=EDGE_CURVE('',#1368,#1365,#860,.T.);
#1722=EDGE_CURVE('',#1305,#1366,#861,.T.);
#1723=EDGE_CURVE('',#1365,#1364,#210,.T.);
#1724=EDGE_CURVE('',#1363,#1345,#862,.T.);
#1725=EDGE_CURVE('',#1369,#1369,#211,.T.);
#1726=EDGE_CURVE('',#1370,#1370,#212,.F.);
#1727=EDGE_CURVE('',#1370,#1371,#863,.T.);
#1728=EDGE_CURVE('',#1371,#1371,#213,.T.);
#1729=EDGE_CURVE('',#1372,#1372,#214,.T.);
#1730=EDGE_CURVE('',#1372,#1369,#864,.T.);
#1731=EDGE_CURVE('',#1373,#1374,#215,.T.);
#1732=EDGE_CURVE('',#1374,#1375,#216,.T.);
#1733=EDGE_CURVE('',#1375,#1376,#217,.T.);
#1734=EDGE_CURVE('',#1376,#1377,#865,.T.);
#1735=EDGE_CURVE('',#1377,#1378,#218,.T.);
#1736=EDGE_CURVE('',#1378,#1379,#219,.T.);
#1737=EDGE_CURVE('',#1379,#1380,#220,.T.);
#1738=EDGE_CURVE('',#1381,#1380,#221,.T.);
#1739=EDGE_CURVE('',#1382,#1381,#222,.T.);
#1740=EDGE_CURVE('',#1383,#1382,#223,.T.);
#1741=EDGE_CURVE('',#1384,#1383,#224,.T.);
#1742=EDGE_CURVE('',#1385,#1384,#866,.T.);
#1743=EDGE_CURVE('',#1386,#1385,#225,.T.);
#1744=EDGE_CURVE('',#1387,#1386,#226,.T.);
#1745=EDGE_CURVE('',#1388,#1387,#227,.T.);
#1746=EDGE_CURVE('',#1373,#1388,#228,.T.);
#1747=EDGE_CURVE('',#1389,#1388,#867,.T.);
#1748=EDGE_CURVE('',#1389,#1390,#229,.T.);
#1749=EDGE_CURVE('',#1373,#1390,#868,.T.);
#1750=EDGE_CURVE('',#1391,#1387,#869,.T.);
#1751=EDGE_CURVE('',#1392,#1391,#230,.T.);
#1752=EDGE_CURVE('',#1392,#1393,#870,.T.);
#1753=EDGE_CURVE('',#1389,#1393,#231,.T.);
#1754=EDGE_CURVE('',#1386,#1394,#871,.T.);
#1755=EDGE_CURVE('',#1391,#1394,#232,.T.);
#1756=EDGE_CURVE('',#1385,#1395,#872,.T.);
#1757=EDGE_CURVE('',#1394,#1395,#233,.T.);
#1758=EDGE_CURVE('',#1384,#1396,#873,.T.);
#1759=EDGE_CURVE('',#1395,#1396,#874,.T.);
#1760=EDGE_CURVE('',#1383,#1397,#875,.T.);
#1761=EDGE_CURVE('',#1396,#1397,#234,.T.);
#1762=EDGE_CURVE('',#1382,#1398,#876,.T.);
#1763=EDGE_CURVE('',#1397,#1398,#235,.T.);
#1764=EDGE_CURVE('',#1381,#1399,#877,.T.);
#1765=EDGE_CURVE('',#1399,#1400,#236,.T.);
#1766=EDGE_CURVE('',#1400,#1401,#878,.T.);
#1767=EDGE_CURVE('',#1398,#1401,#237,.T.);
#1768=EDGE_CURVE('',#1402,#1403,#238,.T.);
#1769=EDGE_CURVE('',#1404,#1402,#239,.T.);
#1770=EDGE_CURVE('',#1405,#1404,#240,.T.);
#1771=EDGE_CURVE('',#1406,#1405,#879,.T.);
#1772=EDGE_CURVE('',#1407,#1406,#241,.T.);
#1773=EDGE_CURVE('',#1408,#1407,#242,.T.);
#1774=EDGE_CURVE('',#1409,#1408,#243,.T.);
#1775=EDGE_CURVE('',#1410,#1409,#244,.T.);
#1776=EDGE_CURVE('',#1410,#1411,#245,.T.);
#1777=EDGE_CURVE('',#1411,#1412,#246,.T.);
#1778=EDGE_CURVE('',#1412,#1413,#247,.T.);
#1779=EDGE_CURVE('',#1413,#1414,#880,.T.);
#1780=EDGE_CURVE('',#1414,#1415,#248,.T.);
#1781=EDGE_CURVE('',#1415,#1416,#249,.T.);
#1782=EDGE_CURVE('',#1416,#1417,#250,.T.);
#1783=EDGE_CURVE('',#1403,#1417,#251,.T.);
#1784=EDGE_CURVE('',#1418,#1409,#881,.T.);
#1785=EDGE_CURVE('',#1418,#1419,#252,.T.);
#1786=EDGE_CURVE('',#1410,#1419,#882,.T.);
#1787=EDGE_CURVE('',#1420,#1408,#883,.T.);
#1788=EDGE_CURVE('',#1421,#1420,#253,.T.);
#1789=EDGE_CURVE('',#1421,#1422,#884,.T.);
#1790=EDGE_CURVE('',#1422,#1418,#254,.T.);
#1791=EDGE_CURVE('',#1407,#1423,#885,.T.);
#1792=EDGE_CURVE('',#1420,#1423,#255,.T.);
#1793=EDGE_CURVE('',#1406,#1424,#886,.T.);
#1794=EDGE_CURVE('',#1423,#1424,#256,.T.);
#1795=EDGE_CURVE('',#1405,#1425,#887,.T.);
#1796=EDGE_CURVE('',#1424,#1425,#888,.T.);
#1797=EDGE_CURVE('',#1404,#1426,#889,.T.);
#1798=EDGE_CURVE('',#1425,#1426,#257,.T.);
#1799=EDGE_CURVE('',#1402,#1427,#890,.T.);
#1800=EDGE_CURVE('',#1426,#1427,#258,.T.);
#1801=EDGE_CURVE('',#1428,#1417,#891,.T.);
#1802=EDGE_CURVE('',#1428,#1429,#259,.T.);
#1803=EDGE_CURVE('',#1403,#1429,#892,.T.);
#1804=EDGE_CURVE('',#1430,#1380,#893,.T.);
#1805=EDGE_CURVE('',#1430,#1399,#260,.T.);
#1806=EDGE_CURVE('',#1431,#1429,#261,.T.);
#1807=EDGE_CURVE('',#1431,#1432,#894,.T.);
#1808=EDGE_CURVE('',#1427,#1432,#262,.T.);
#1809=EDGE_CURVE('',#1430,#1433,#263,.T.);
#1810=EDGE_CURVE('',#1434,#1433,#264,.T.);
#1811=EDGE_CURVE('',#1419,#1434,#265,.F.);
#1812=EDGE_CURVE('',#1422,#1400,#266,.T.);
#1813=EDGE_CURVE('',#1435,#1436,#267,.T.);
#1814=EDGE_CURVE('',#1435,#1437,#268,.T.);
#1815=EDGE_CURVE('',#1437,#1436,#269,.T.);
#1816=EDGE_CURVE('',#1438,#1439,#270,.T.);
#1817=EDGE_CURVE('',#1439,#1437,#271,.T.);
#1818=EDGE_CURVE('',#1435,#1438,#272,.T.);
#1819=EDGE_CURVE('',#1438,#1440,#273,.T.);
#1820=EDGE_CURVE('',#1440,#1439,#274,.T.);
#1821=EDGE_CURVE('',#1441,#1435,#275,.T.);
#1822=EDGE_CURVE('',#1442,#1441,#276,.T.);
#1823=EDGE_CURVE('',#1443,#1442,#895,.T.);
#1824=EDGE_CURVE('',#1444,#1443,#277,.T.);
#1825=EDGE_CURVE('',#1445,#1444,#278,.T.);
#1826=EDGE_CURVE('',#1446,#1445,#279,.T.);
#1827=EDGE_CURVE('',#1447,#1446,#280,.T.);
#1828=EDGE_CURVE('',#1448,#1447,#896,.T.);
#1829=EDGE_CURVE('',#1448,#1449,#897,.T.);
#1830=EDGE_CURVE('',#1450,#1449,#898,.T.);
#1831=EDGE_CURVE('',#1451,#1450,#899,.T.);
#1832=EDGE_CURVE('',#1452,#1451,#900,.T.);
#1833=EDGE_CURVE('',#1438,#1452,#281,.T.);
#1834=EDGE_CURVE('',#1453,#1454,#901,.T.);
#1835=EDGE_CURVE('',#1455,#1454,#282,.F.);
#1836=EDGE_CURVE('',#1455,#1456,#283,.T.);
#1837=EDGE_CURVE('',#1453,#1456,#284,.F.);
#1838=EDGE_CURVE('',#1436,#1457,#285,.T.);
#1839=EDGE_CURVE('',#1457,#1441,#286,.T.);
#1840=EDGE_CURVE('',#1416,#1436,#902,.T.);
#1841=EDGE_CURVE('',#1437,#1458,#903,.T.);
#1842=EDGE_CURVE('',#1458,#1428,#287,.F.);
#1843=EDGE_CURVE('',#1459,#1460,#81,.T.);
#1844=EDGE_CURVE('',#1460,#1461,#288,.T.);
#1845=EDGE_CURVE('',#1459,#1461,#289,.T.);
#1846=EDGE_CURVE('',#1462,#1463,#290,.T.);
#1847=EDGE_CURVE('',#1463,#1461,#291,.T.);
#1848=EDGE_CURVE('',#1460,#1446,#292,.T.);
#1849=EDGE_CURVE('',#1445,#1462,#293,.T.);
#1850=EDGE_CURVE('',#1462,#1464,#82,.T.);
#1851=EDGE_CURVE('',#1464,#1463,#294,.T.);
#1852=EDGE_CURVE('',#1446,#1459,#83,.T.);
#1853=EDGE_CURVE('',#1393,#1431,#295,.T.);
#1854=EDGE_CURVE('',#1432,#1392,#296,.T.);
#1855=EDGE_CURVE('',#1465,#1439,#904,.T.);
#1856=EDGE_CURVE('',#1465,#1458,#297,.T.);
#1857=EDGE_CURVE('',#1465,#1390,#298,.T.);
#1858=EDGE_CURVE('',#1440,#1374,#905,.T.);
#1859=EDGE_CURVE('',#1466,#1440,#299,.T.);
#1860=EDGE_CURVE('',#1467,#1466,#84,.T.);
#1861=EDGE_CURVE('',#1468,#1467,#906,.T.);
#1862=EDGE_CURVE('',#1469,#1468,#300,.T.);
#1863=EDGE_CURVE('',#1375,#1469,#907,.T.);
#1864=EDGE_CURVE('',#1466,#1452,#301,.T.);
#1865=EDGE_CURVE('',#1461,#1470,#908,.T.);
#1866=EDGE_CURVE('',#1470,#1471,#302,.T.);
#1867=EDGE_CURVE('',#1470,#1433,#909,.T.);
#1868=EDGE_CURVE('',#1459,#1379,#910,.T.);
#1869=EDGE_CURVE('',#1472,#1463,#911,.T.);
#1870=EDGE_CURVE('',#1434,#1472,#912,.T.);
#1871=EDGE_CURVE('',#1411,#1464,#913,.T.);
#1872=EDGE_CURVE('',#1473,#1472,#303,.T.);
#1873=EDGE_CURVE('',#1401,#1421,#304,.T.);
#1874=EDGE_CURVE('',#1474,#1475,#305,.T.);
#1875=EDGE_CURVE('',#1475,#1476,#914,.T.);
#1876=EDGE_CURVE('',#1476,#1477,#306,.T.);
#1877=EDGE_CURVE('',#1477,#1478,#307,.T.);
#1878=EDGE_CURVE('',#1478,#1479,#308,.T.);
#1879=EDGE_CURVE('',#1479,#1480,#915,.T.);
#1880=EDGE_CURVE('',#1480,#1481,#309,.T.);
#1881=EDGE_CURVE('',#1481,#1474,#310,.T.);
#1882=EDGE_CURVE('',#1464,#1445,#85,.T.);
#1883=EDGE_CURVE('',#1474,#1482,#916,.T.);
#1884=EDGE_CURVE('',#1483,#1481,#917,.T.);
#1885=EDGE_CURVE('',#1482,#1483,#311,.T.);
#1886=EDGE_CURVE('',#1483,#1484,#312,.F.);
#1887=EDGE_CURVE('',#1484,#1485,#918,.T.);
#1888=EDGE_CURVE('',#1485,#1486,#919,.T.);
#1889=EDGE_CURVE('',#1486,#1487,#920,.F.);
#1890=EDGE_CURVE('',#1488,#1487,#921,.F.);
#1891=EDGE_CURVE('',#1488,#1489,#922,.T.);
#1892=EDGE_CURVE('',#1489,#1490,#313,.F.);
#1893=EDGE_CURVE('',#1490,#1491,#314,.T.);
#1894=EDGE_CURVE('',#1491,#1492,#315,.F.);
#1895=EDGE_CURVE('',#1493,#1492,#923,.T.);
#1896=EDGE_CURVE('',#1493,#1482,#316,.F.);
#1897=EDGE_CURVE('',#1494,#1495,#924,.F.);
#1898=EDGE_CURVE('',#1495,#1494,#317,.F.);
#1899=EDGE_CURVE('',#1496,#1480,#925,.T.);
#1900=EDGE_CURVE('',#1497,#1496,#318,.T.);
#1901=EDGE_CURVE('',#1497,#1498,#926,.T.);
#1902=EDGE_CURVE('',#1484,#1498,#86,.F.);
#1903=EDGE_CURVE('',#1478,#1490,#927,.T.);
#1904=EDGE_CURVE('',#1491,#1477,#928,.T.);
#1905=EDGE_CURVE('',#1492,#1476,#929,.T.);
#1906=EDGE_CURVE('',#1499,#1464,#319,.T.);
#1907=EDGE_CURVE('',#1412,#1499,#930,.T.);
#1908=EDGE_CURVE('',#1499,#1444,#320,.T.);
#1909=EDGE_CURVE('',#1496,#1500,#931,.T.);
#1910=EDGE_CURVE('',#1500,#1501,#932,.T.);
#1911=EDGE_CURVE('',#1501,#1502,#933,.T.);
#1912=EDGE_CURVE('',#1502,#1497,#321,.T.);
#1913=EDGE_CURVE('',#1495,#1503,#934,.T.);
#1914=EDGE_CURVE('',#1503,#1504,#935,.T.);
#1915=EDGE_CURVE('',#1504,#1494,#936,.T.);
#1916=EDGE_CURVE('',#1503,#1504,#322,.T.);
#1917=EDGE_CURVE('',#1487,#1505,#937,.T.);
#1918=EDGE_CURVE('',#1500,#1486,#938,.T.);
#1919=EDGE_CURVE('',#1506,#1479,#939,.T.);
#1920=EDGE_CURVE('',#1505,#1506,#940,.T.);
#1921=EDGE_CURVE('',#1493,#1475,#941,.T.);
#1922=EDGE_CURVE('',#1507,#1489,#87,.F.);
#1923=EDGE_CURVE('',#1507,#1508,#942,.T.);
#1924=EDGE_CURVE('',#1506,#1508,#323,.T.);
#1925=EDGE_CURVE('',#1509,#1502,#943,.T.);
#1926=EDGE_CURVE('',#1509,#1498,#23,.F.);
#1927=EDGE_CURVE('',#1508,#1510,#324,.T.);
#1928=EDGE_CURVE('',#1507,#1511,#24,.T.);
#1929=EDGE_CURVE('',#1510,#1511,#944,.T.);
#1930=EDGE_CURVE('',#1511,#1512,#945,.T.);
#1931=EDGE_CURVE('',#1512,#1488,#325,.T.);
#1932=EDGE_CURVE('',#1513,#1509,#946,.T.);
#1933=EDGE_CURVE('',#1485,#1513,#326,.T.);
#1934=EDGE_CURVE('',#1510,#1514,#947,.T.);
#1935=EDGE_CURVE('',#1512,#1514,#948,.T.);
#1936=EDGE_CURVE('',#1514,#1505,#949,.T.);
#1937=EDGE_CURVE('',#1513,#1501,#950,.T.);
#1938=EDGE_CURVE('',#1515,#1515,#327,.F.);
#1939=EDGE_CURVE('',#1516,#1516,#328,.T.);
#1940=EDGE_CURVE('',#1516,#1515,#951,.T.);
#1941=EDGE_CURVE('',#1517,#1517,#329,.T.);
#1942=EDGE_CURVE('',#1447,#1518,#330,.T.);
#1943=EDGE_CURVE('',#1518,#1519,#88,.T.);
#1944=EDGE_CURVE('',#1520,#1519,#331,.T.);
#1945=EDGE_CURVE('',#1520,#1447,#89,.T.);
#1946=EDGE_CURVE('',#1519,#1521,#25,.T.);
#1947=EDGE_CURVE('',#1521,#1520,#26,.T.);
#1948=EDGE_CURVE('',#1519,#1522,#952,.T.);
#1949=EDGE_CURVE('',#1522,#1523,#332,.F.);
#1950=EDGE_CURVE('',#1523,#1521,#953,.T.);
#1951=EDGE_CURVE('',#1521,#1524,#954,.T.);
#1952=EDGE_CURVE('',#1524,#1448,#333,.F.);
#1953=EDGE_CURVE('',#1459,#1518,#334,.T.);
#1954=EDGE_CURVE('',#1452,#1525,#90,.T.);
#1955=EDGE_CURVE('',#1467,#1525,#335,.T.);
#1956=EDGE_CURVE('',#1525,#1526,#27,.T.);
#1957=EDGE_CURVE('',#1526,#1467,#28,.T.);
#1958=EDGE_CURVE('',#1451,#1527,#336,.F.);
#1959=EDGE_CURVE('',#1527,#1526,#955,.T.);
#1960=EDGE_CURVE('',#1526,#1528,#956,.T.);
#1961=EDGE_CURVE('',#1528,#1468,#337,.F.);
#1962=EDGE_CURVE('',#1457,#1415,#957,.T.);
#1963=EDGE_CURVE('',#1529,#1530,#958,.T.);
#1964=EDGE_CURVE('',#1531,#1529,#959,.T.);
#1965=EDGE_CURVE('',#1523,#1531,#960,.T.);
#1966=EDGE_CURVE('',#1522,#1532,#338,.T.);
#1967=EDGE_CURVE('',#1530,#1532,#339,.T.);
#1968=EDGE_CURVE('',#1524,#1531,#961,.T.);
#1969=EDGE_CURVE('',#1533,#1529,#962,.T.);
#1970=EDGE_CURVE('',#1449,#1533,#340,.T.);
#1971=EDGE_CURVE('',#1534,#1528,#963,.T.);
#1972=EDGE_CURVE('',#1535,#1534,#964,.T.);
#1973=EDGE_CURVE('',#1536,#1535,#965,.T.);
#1974=EDGE_CURVE('',#1469,#1536,#341,.T.);
#1975=EDGE_CURVE('',#1535,#1537,#966,.T.);
#1976=EDGE_CURVE('',#1527,#1534,#967,.T.);
#1977=EDGE_CURVE('',#1537,#1450,#342,.T.);
#1978=EDGE_CURVE('',#1532,#1378,#968,.T.);
#1979=EDGE_CURVE('',#1377,#1530,#969,.T.);
#1980=EDGE_CURVE('',#1536,#1376,#970,.T.);
#1981=EDGE_CURVE('',#1533,#1537,#971,.T.);
#1982=EDGE_CURVE('',#1538,#1442,#343,.T.);
#1983=EDGE_CURVE('',#1457,#1538,#344,.T.);
#1984=EDGE_CURVE('',#1539,#1443,#345,.T.);
#1985=EDGE_CURVE('',#1538,#1539,#972,.T.);
#1986=EDGE_CURVE('',#1539,#1499,#346,.T.);
#1987=EDGE_CURVE('',#1414,#1538,#973,.T.);
#1988=EDGE_CURVE('',#1540,#1541,#347,.T.);
#1989=EDGE_CURVE('',#1541,#1542,#348,.T.);
#1990=EDGE_CURVE('',#1542,#1543,#349,.T.);
#1991=EDGE_CURVE('',#1543,#1540,#350,.T.);
#1992=EDGE_CURVE('',#1544,#1545,#351,.T.);
#1993=EDGE_CURVE('',#1545,#1543,#352,.T.);
#1994=EDGE_CURVE('',#1542,#1544,#353,.T.);
#1995=EDGE_CURVE('',#1546,#1547,#354,.T.);
#1996=EDGE_CURVE('',#1547,#1545,#974,.T.);
#1997=EDGE_CURVE('',#1544,#1546,#975,.T.);
#1998=EDGE_CURVE('',#1546,#1541,#355,.T.);
#1999=EDGE_CURVE('',#1540,#1547,#356,.T.);
#2000=EDGE_CURVE('',#1542,#1455,#976,.T.);
#2001=EDGE_CURVE('',#1454,#1544,#977,.T.);
#2002=EDGE_CURVE('',#1456,#1541,#978,.T.);
#2003=EDGE_CURVE('',#1548,#1548,#357,.T.);
#2004=EDGE_CURVE('',#1546,#1453,#979,.T.);
#2005=EDGE_CURVE('',#1539,#1413,#980,.T.);
#2006=EDGE_CURVE('',#1548,#1517,#981,.T.);
#2007=EDGE_CURVE('',#1549,#1549,#358,.T.);
#2008=EDGE_CURVE('',#1549,#1550,#982,.T.);
#2009=EDGE_CURVE('',#1550,#1550,#359,.T.);
#2010=EDGE_CURVE('',#1551,#1551,#360,.T.);
#2011=EDGE_CURVE('',#1551,#1552,#983,.T.);
#2012=EDGE_CURVE('',#1552,#1552,#361,.T.);
#2013=EDGE_CURVE('',#1553,#1554,#362,.T.);
#2014=EDGE_CURVE('',#1554,#1555,#984,.T.);
#2015=EDGE_CURVE('',#1555,#1556,#363,.T.);
#2016=EDGE_CURVE('',#1556,#1553,#985,.T.);
#2017=EDGE_CURVE('',#1553,#1557,#986,.T.);
#2018=EDGE_CURVE('',#1558,#1557,#987,.T.);
#2019=EDGE_CURVE('',#1559,#1558,#988,.T.);
#2020=EDGE_CURVE('',#1560,#1559,#364,.T.);
#2021=EDGE_CURVE('',#1561,#1560,#989,.T.);
#2022=EDGE_CURVE('',#1562,#1561,#990,.T.);
#2023=EDGE_CURVE('',#1554,#1562,#991,.T.);
#2024=EDGE_CURVE('',#1563,#1556,#992,.T.);
#2025=EDGE_CURVE('',#1564,#1563,#993,.T.);
#2026=EDGE_CURVE('',#1565,#1564,#994,.T.);
#2027=EDGE_CURVE('',#1557,#1565,#995,.T.);
#2028=EDGE_CURVE('',#1566,#1567,#365,.T.);
#2029=EDGE_CURVE('',#1567,#1560,#996,.T.);
#2030=EDGE_CURVE('',#1559,#1566,#997,.T.);
#2031=EDGE_CURVE('',#1567,#1564,#998,.T.);
#2032=EDGE_CURVE('',#1568,#1563,#999,.T.);
#2033=EDGE_CURVE('',#1569,#1568,#366,.T.);
#2034=EDGE_CURVE('',#1570,#1569,#1000,.T.);
#2035=EDGE_CURVE('',#1561,#1570,#367,.T.);
#2036=EDGE_CURVE('',#1571,#1571,#368,.T.);
#2037=EDGE_CURVE('',#1558,#1572,#1001,.T.);
#2038=EDGE_CURVE('',#1566,#1572,#1002,.T.);
#2039=EDGE_CURVE('',#1572,#1565,#1003,.T.);
#2040=EDGE_CURVE('',#1573,#1555,#1004,.T.);
#2041=EDGE_CURVE('',#1568,#1573,#1005,.T.);
#2042=EDGE_CURVE('',#1574,#1569,#1006,.T.);
#2043=EDGE_CURVE('',#1574,#1575,#1007,.T.);
#2044=EDGE_CURVE('',#1570,#1575,#1008,.T.);
#2045=EDGE_CURVE('',#1575,#1562,#369,.T.);
#2046=EDGE_CURVE('',#1573,#1574,#370,.T.);
#2047=EDGE_CURVE('',#1576,#1576,#371,.T.);
#2048=EDGE_CURVE('',#1576,#1571,#1009,.T.);
#2049=EDGE_CURVE('',#1577,#1577,#372,.T.);
#2050=EDGE_CURVE('',#1577,#1578,#1010,.T.);
#2051=EDGE_CURVE('',#1578,#1578,#373,.T.);
#2052=EDGE_CURVE('',#1579,#1579,#374,.T.);
#2053=EDGE_CURVE('',#1579,#1580,#1011,.T.);
#2054=EDGE_CURVE('',#1580,#1580,#375,.T.);
#2055=EDGE_CURVE('',#1580,#1578,#1012,.T.);
#2056=EDGE_CURVE('',#1581,#1582,#376,.T.);
#2057=EDGE_CURVE('',#1582,#1583,#1013,.T.);
#2058=EDGE_CURVE('',#1583,#1584,#377,.T.);
#2059=EDGE_CURVE('',#1584,#1581,#1014,.T.);
#2060=EDGE_CURVE('',#1585,#1582,#1015,.T.);
#2061=EDGE_CURVE('',#1586,#1585,#1016,.T.);
#2062=EDGE_CURVE('',#1583,#1586,#1017,.T.);
#2063=EDGE_CURVE('',#1587,#1588,#378,.T.);
#2064=EDGE_CURVE('',#1588,#1589,#1018,.T.);
#2065=EDGE_CURVE('',#1589,#1590,#379,.T.);
#2066=EDGE_CURVE('',#1590,#1587,#1019,.T.);
#2067=EDGE_CURVE('',#1587,#1591,#1020,.T.);
#2068=EDGE_CURVE('',#1591,#1592,#1021,.T.);
#2069=EDGE_CURVE('',#1593,#1592,#1022,.T.);
#2070=EDGE_CURVE('',#1588,#1593,#1023,.T.);
#2071=EDGE_CURVE('',#1594,#1590,#1024,.T.);
#2072=EDGE_CURVE('',#1594,#1595,#1025,.T.);
#2073=EDGE_CURVE('',#1596,#1595,#1026,.T.);
#2074=EDGE_CURVE('',#1591,#1596,#1027,.T.);
#2075=EDGE_CURVE('',#1586,#1594,#1028,.T.);
#2076=EDGE_CURVE('',#1595,#1585,#1029,.T.);
#2077=EDGE_CURVE('',#1596,#1581,#1030,.T.);
#2078=EDGE_CURVE('',#1584,#1597,#1031,.T.);
#2079=EDGE_CURVE('',#1598,#1597,#380,.T.);
#2080=EDGE_CURVE('',#1599,#1598,#1032,.T.);
#2081=EDGE_CURVE('',#1592,#1599,#381,.T.);
#2082=EDGE_CURVE('',#1600,#1600,#382,.T.);
#2083=EDGE_CURVE('',#1601,#1589,#1033,.T.);
#2084=EDGE_CURVE('',#1597,#1601,#1034,.T.);
#2085=EDGE_CURVE('',#1602,#1593,#383,.T.);
#2086=EDGE_CURVE('',#1603,#1602,#1035,.T.);
#2087=EDGE_CURVE('',#1601,#1603,#384,.T.);
#2088=EDGE_CURVE('',#1604,#1604,#385,.T.);
#2089=EDGE_CURVE('',#1604,#1600,#1036,.T.);
#2090=EDGE_CURVE('',#1599,#1602,#1037,.T.);
#2091=EDGE_CURVE('',#1603,#1598,#1038,.T.);
#2092=ORIENTED_EDGE('',*,*,#1605,.F.);
#2093=ORIENTED_EDGE('',*,*,#1606,.F.);
#2094=ORIENTED_EDGE('',*,*,#1607,.F.);
#2095=ORIENTED_EDGE('',*,*,#1608,.T.);
#2096=ORIENTED_EDGE('',*,*,#1609,.F.);
#2097=ORIENTED_EDGE('',*,*,#1608,.F.);
#2098=ORIENTED_EDGE('',*,*,#1610,.F.);
#2099=ORIENTED_EDGE('',*,*,#1611,.F.);
#2100=ORIENTED_EDGE('',*,*,#1612,.F.);
#2101=ORIENTED_EDGE('',*,*,#1613,.F.);
#2102=ORIENTED_EDGE('',*,*,#1614,.F.);
#2103=ORIENTED_EDGE('',*,*,#1606,.T.);
#2104=ORIENTED_EDGE('',*,*,#1612,.T.);
#2105=ORIENTED_EDGE('',*,*,#1605,.T.);
#2106=ORIENTED_EDGE('',*,*,#1609,.T.);
#2107=ORIENTED_EDGE('',*,*,#1615,.T.);
#2108=ORIENTED_EDGE('',*,*,#1616,.T.);
#2109=ORIENTED_EDGE('',*,*,#1617,.T.);
#2110=ORIENTED_EDGE('',*,*,#1618,.T.);
#2111=ORIENTED_EDGE('',*,*,#1619,.T.);
#2112=ORIENTED_EDGE('',*,*,#1611,.T.);
#2113=ORIENTED_EDGE('',*,*,#1620,.F.);
#2114=ORIENTED_EDGE('',*,*,#1621,.F.);
#2115=ORIENTED_EDGE('',*,*,#1622,.F.);
#2116=ORIENTED_EDGE('',*,*,#1623,.T.);
#2117=ORIENTED_EDGE('',*,*,#1624,.F.);
#2118=ORIENTED_EDGE('',*,*,#1615,.F.);
#2119=ORIENTED_EDGE('',*,*,#1625,.F.);
#2120=ORIENTED_EDGE('',*,*,#1626,.T.);
#2121=ORIENTED_EDGE('',*,*,#1627,.F.);
#2122=ORIENTED_EDGE('',*,*,#1628,.F.);
#2123=ORIENTED_EDGE('',*,*,#1629,.F.);
#2124=ORIENTED_EDGE('',*,*,#1628,.T.);
#2125=ORIENTED_EDGE('',*,*,#1630,.F.);
#2126=ORIENTED_EDGE('',*,*,#1631,.F.);
#2127=ORIENTED_EDGE('',*,*,#1632,.F.);
#2128=ORIENTED_EDGE('',*,*,#1633,.T.);
#2129=ORIENTED_EDGE('',*,*,#1634,.F.);
#2130=ORIENTED_EDGE('',*,*,#1635,.F.);
#2131=ORIENTED_EDGE('',*,*,#1636,.F.);
#2132=ORIENTED_EDGE('',*,*,#1637,.T.);
#2133=ORIENTED_EDGE('',*,*,#1638,.F.);
#2134=ORIENTED_EDGE('',*,*,#1633,.F.);
#2135=ORIENTED_EDGE('',*,*,#1639,.F.);
#2136=ORIENTED_EDGE('',*,*,#1640,.F.);
#2137=ORIENTED_EDGE('',*,*,#1641,.F.);
#2138=ORIENTED_EDGE('',*,*,#1623,.F.);
#2139=ORIENTED_EDGE('',*,*,#1642,.F.);
#2140=ORIENTED_EDGE('',*,*,#1643,.F.);
#2141=ORIENTED_EDGE('',*,*,#1644,.F.);
#2142=ORIENTED_EDGE('',*,*,#1645,.F.);
#2143=ORIENTED_EDGE('',*,*,#1646,.F.);
#2144=ORIENTED_EDGE('',*,*,#1647,.F.);
#2145=ORIENTED_EDGE('',*,*,#1648,.F.);
#2146=ORIENTED_EDGE('',*,*,#1640,.T.);
#2147=ORIENTED_EDGE('',*,*,#1649,.F.);
#2148=ORIENTED_EDGE('',*,*,#1650,.F.);
#2149=ORIENTED_EDGE('',*,*,#1651,.F.);
#2150=ORIENTED_EDGE('',*,*,#1643,.T.);
#2151=ORIENTED_EDGE('',*,*,#1635,.T.);
#2152=ORIENTED_EDGE('',*,*,#1652,.F.);
#2153=ORIENTED_EDGE('',*,*,#1653,.F.);
#2154=ORIENTED_EDGE('',*,*,#1654,.F.);
#2155=ORIENTED_EDGE('',*,*,#1631,.T.);
#2156=ORIENTED_EDGE('',*,*,#1655,.F.);
#2157=ORIENTED_EDGE('',*,*,#1656,.F.);
#2158=ORIENTED_EDGE('',*,*,#1657,.F.);
#2159=ORIENTED_EDGE('',*,*,#1658,.F.);
#2160=ORIENTED_EDGE('',*,*,#1659,.F.);
#2161=ORIENTED_EDGE('',*,*,#1634,.T.);
#2162=ORIENTED_EDGE('',*,*,#1638,.T.);
#2163=ORIENTED_EDGE('',*,*,#1660,.T.);
#2164=ORIENTED_EDGE('',*,*,#1661,.T.);
#2165=ORIENTED_EDGE('',*,*,#1662,.T.);
#2166=ORIENTED_EDGE('',*,*,#1649,.T.);
#2167=ORIENTED_EDGE('',*,*,#1642,.T.);
#2168=ORIENTED_EDGE('',*,*,#1663,.T.);
#2169=ORIENTED_EDGE('',*,*,#1618,.F.);
#2170=ORIENTED_EDGE('',*,*,#1664,.T.);
#2171=ORIENTED_EDGE('',*,*,#1665,.F.);
#2172=ORIENTED_EDGE('',*,*,#1652,.T.);
#2173=ORIENTED_EDGE('',*,*,#1630,.T.);
#2174=ORIENTED_EDGE('',*,*,#1627,.T.);
#2175=ORIENTED_EDGE('',*,*,#1666,.T.);
#2176=ORIENTED_EDGE('',*,*,#1667,.F.);
#2177=ORIENTED_EDGE('',*,*,#1668,.T.);
#2178=ORIENTED_EDGE('',*,*,#1646,.T.);
#2179=ORIENTED_EDGE('',*,*,#1639,.T.);
#2180=ORIENTED_EDGE('',*,*,#1622,.T.);
#2181=ORIENTED_EDGE('',*,*,#1669,.F.);
#2182=ORIENTED_EDGE('',*,*,#1670,.F.);
#2183=ORIENTED_EDGE('',*,*,#1671,.F.);
#2184=ORIENTED_EDGE('',*,*,#1655,.T.);
#2185=ORIENTED_EDGE('',*,*,#1613,.T.);
#2186=ORIENTED_EDGE('',*,*,#1619,.F.);
#2187=ORIENTED_EDGE('',*,*,#1663,.F.);
#2188=ORIENTED_EDGE('',*,*,#1645,.T.);
#2189=ORIENTED_EDGE('',*,*,#1672,.F.);
#2190=ORIENTED_EDGE('',*,*,#1673,.F.);
#2191=ORIENTED_EDGE('',*,*,#1674,.F.);
#2192=ORIENTED_EDGE('',*,*,#1675,.F.);
#2193=ORIENTED_EDGE('',*,*,#1676,.F.);
#2194=ORIENTED_EDGE('',*,*,#1677,.F.);
#2195=ORIENTED_EDGE('',*,*,#1678,.F.);
#2196=ORIENTED_EDGE('',*,*,#1660,.F.);
#2197=ORIENTED_EDGE('',*,*,#1637,.F.);
#2198=ORIENTED_EDGE('',*,*,#1679,.F.);
#2199=ORIENTED_EDGE('',*,*,#1677,.T.);
#2200=ORIENTED_EDGE('',*,*,#1680,.F.);
#2201=ORIENTED_EDGE('',*,*,#1681,.F.);
#2202=ORIENTED_EDGE('',*,*,#1682,.F.);
#2203=ORIENTED_EDGE('',*,*,#1681,.T.);
#2204=ORIENTED_EDGE('',*,*,#1683,.F.);
#2205=ORIENTED_EDGE('',*,*,#1684,.F.);
#2206=ORIENTED_EDGE('',*,*,#1650,.T.);
#2207=ORIENTED_EDGE('',*,*,#1662,.F.);
#2208=ORIENTED_EDGE('',*,*,#1685,.T.);
#2209=ORIENTED_EDGE('',*,*,#1683,.T.);
#2210=ORIENTED_EDGE('',*,*,#1680,.T.);
#2211=ORIENTED_EDGE('',*,*,#1676,.T.);
#2212=ORIENTED_EDGE('',*,*,#1661,.F.);
#2213=ORIENTED_EDGE('',*,*,#1678,.T.);
#2214=ORIENTED_EDGE('',*,*,#1679,.T.);
#2215=ORIENTED_EDGE('',*,*,#1682,.T.);
#2216=ORIENTED_EDGE('',*,*,#1686,.T.);
#2217=ORIENTED_EDGE('',*,*,#1687,.T.);
#2218=ORIENTED_EDGE('',*,*,#1688,.F.);
#2219=ORIENTED_EDGE('',*,*,#1689,.F.);
#2220=ORIENTED_EDGE('',*,*,#1690,.T.);
#2221=ORIENTED_EDGE('',*,*,#1689,.T.);
#2222=ORIENTED_EDGE('',*,*,#1691,.F.);
#2223=ORIENTED_EDGE('',*,*,#1666,.F.);
#2224=ORIENTED_EDGE('',*,*,#1626,.F.);
#2225=ORIENTED_EDGE('',*,*,#1692,.F.);
#2226=ORIENTED_EDGE('',*,*,#1693,.T.);
#2227=ORIENTED_EDGE('',*,*,#1694,.F.);
#2228=ORIENTED_EDGE('',*,*,#1647,.T.);
#2229=ORIENTED_EDGE('',*,*,#1668,.F.);
#2230=ORIENTED_EDGE('',*,*,#1695,.F.);
#2231=ORIENTED_EDGE('',*,*,#1687,.F.);
#2232=ORIENTED_EDGE('',*,*,#1695,.T.);
#2233=ORIENTED_EDGE('',*,*,#1667,.T.);
#2234=ORIENTED_EDGE('',*,*,#1691,.T.);
#2235=ORIENTED_EDGE('',*,*,#1688,.T.);
#2236=ORIENTED_EDGE('',*,*,#1696,.F.);
#2237=ORIENTED_EDGE('',*,*,#1693,.F.);
#2238=ORIENTED_EDGE('',*,*,#1686,.F.);
#2239=ORIENTED_EDGE('',*,*,#1690,.F.);
#2240=ORIENTED_EDGE('',*,*,#1629,.T.);
#2241=ORIENTED_EDGE('',*,*,#1654,.T.);
#2242=ORIENTED_EDGE('',*,*,#1697,.F.);
#2243=ORIENTED_EDGE('',*,*,#1698,.T.);
#2244=ORIENTED_EDGE('',*,*,#1616,.F.);
#2245=ORIENTED_EDGE('',*,*,#1624,.T.);
#2246=ORIENTED_EDGE('',*,*,#1641,.T.);
#2247=ORIENTED_EDGE('',*,*,#1648,.T.);
#2248=ORIENTED_EDGE('',*,*,#1694,.T.);
#2249=ORIENTED_EDGE('',*,*,#1696,.T.);
#2250=ORIENTED_EDGE('',*,*,#1692,.T.);
#2251=ORIENTED_EDGE('',*,*,#1625,.T.);
#2252=ORIENTED_EDGE('',*,*,#1653,.T.);
#2253=ORIENTED_EDGE('',*,*,#1665,.T.);
#2254=ORIENTED_EDGE('',*,*,#1699,.T.);
#2255=ORIENTED_EDGE('',*,*,#1697,.T.);
#2256=ORIENTED_EDGE('',*,*,#1632,.T.);
#2257=ORIENTED_EDGE('',*,*,#1659,.T.);
#2258=ORIENTED_EDGE('',*,*,#1700,.F.);
#2259=ORIENTED_EDGE('',*,*,#1701,.F.);
#2260=ORIENTED_EDGE('',*,*,#1702,.F.);
#2261=ORIENTED_EDGE('',*,*,#1672,.T.);
#2262=ORIENTED_EDGE('',*,*,#1644,.T.);
#2263=ORIENTED_EDGE('',*,*,#1651,.T.);
#2264=ORIENTED_EDGE('',*,*,#1684,.T.);
#2265=ORIENTED_EDGE('',*,*,#1685,.F.);
#2266=ORIENTED_EDGE('',*,*,#1675,.T.);
#2267=ORIENTED_EDGE('',*,*,#1636,.T.);
#2268=ORIENTED_EDGE('',*,*,#1658,.T.);
#2269=ORIENTED_EDGE('',*,*,#1703,.T.);
#2270=ORIENTED_EDGE('',*,*,#1704,.T.);
#2271=ORIENTED_EDGE('',*,*,#1700,.T.);
#2272=ORIENTED_EDGE('',*,*,#1657,.T.);
#2273=ORIENTED_EDGE('',*,*,#1705,.F.);
#2274=ORIENTED_EDGE('',*,*,#1706,.F.);
#2275=ORIENTED_EDGE('',*,*,#1703,.F.);
#2276=ORIENTED_EDGE('',*,*,#1656,.T.);
#2277=ORIENTED_EDGE('',*,*,#1671,.T.);
#2278=ORIENTED_EDGE('',*,*,#1707,.T.);
#2279=ORIENTED_EDGE('',*,*,#1705,.T.);
#2280=ORIENTED_EDGE('',*,*,#1708,.F.);
#2281=ORIENTED_EDGE('',*,*,#1709,.F.);
#2282=ORIENTED_EDGE('',*,*,#1710,.F.);
#2283=ORIENTED_EDGE('',*,*,#1704,.F.);
#2284=ORIENTED_EDGE('',*,*,#1711,.F.);
#2285=ORIENTED_EDGE('',*,*,#1712,.F.);
#2286=ORIENTED_EDGE('',*,*,#1713,.F.);
#2287=ORIENTED_EDGE('',*,*,#1714,.F.);
#2288=ORIENTED_EDGE('',*,*,#1715,.F.);
#2289=ORIENTED_EDGE('',*,*,#1710,.T.);
#2290=ORIENTED_EDGE('',*,*,#1716,.T.);
#2291=ORIENTED_EDGE('',*,*,#1714,.T.);
#2292=ORIENTED_EDGE('',*,*,#1717,.T.);
#2293=ORIENTED_EDGE('',*,*,#1707,.F.);
#2294=ORIENTED_EDGE('',*,*,#1718,.F.);
#2295=ORIENTED_EDGE('',*,*,#1719,.F.);
#2296=ORIENTED_EDGE('',*,*,#1715,.T.);
#2297=ORIENTED_EDGE('',*,*,#1720,.T.);
#2298=ORIENTED_EDGE('',*,*,#1718,.T.);
#2299=ORIENTED_EDGE('',*,*,#1670,.T.);
#2300=ORIENTED_EDGE('',*,*,#1719,.T.);
#2301=ORIENTED_EDGE('',*,*,#1721,.T.);
#2302=ORIENTED_EDGE('',*,*,#1711,.T.);
#2303=ORIENTED_EDGE('',*,*,#1706,.T.);
#2304=ORIENTED_EDGE('',*,*,#1621,.T.);
#2305=ORIENTED_EDGE('',*,*,#1722,.T.);
#2306=ORIENTED_EDGE('',*,*,#1713,.T.);
#2307=ORIENTED_EDGE('',*,*,#1669,.T.);
#2308=ORIENTED_EDGE('',*,*,#1712,.T.);
#2309=ORIENTED_EDGE('',*,*,#1723,.T.);
#2310=ORIENTED_EDGE('',*,*,#1709,.T.);
#2311=ORIENTED_EDGE('',*,*,#1701,.T.);
#2312=ORIENTED_EDGE('',*,*,#1673,.T.);
#2313=ORIENTED_EDGE('',*,*,#1702,.T.);
#2314=ORIENTED_EDGE('',*,*,#1708,.T.);
#2315=ORIENTED_EDGE('',*,*,#1724,.T.);
#2316=ORIENTED_EDGE('',*,*,#1716,.F.);
#2317=ORIENTED_EDGE('',*,*,#1723,.F.);
#2318=ORIENTED_EDGE('',*,*,#1721,.F.);
#2319=ORIENTED_EDGE('',*,*,#1720,.F.);
#2320=ORIENTED_EDGE('',*,*,#1725,.T.);
#2321=ORIENTED_EDGE('',*,*,#1726,.T.);
#2322=ORIENTED_EDGE('',*,*,#1727,.T.);
#2323=ORIENTED_EDGE('',*,*,#1728,.F.);
#2324=ORIENTED_EDGE('',*,*,#1727,.F.);
#2325=ORIENTED_EDGE('',*,*,#1699,.F.);
#2326=ORIENTED_EDGE('',*,*,#1664,.F.);
#2327=ORIENTED_EDGE('',*,*,#1617,.F.);
#2328=ORIENTED_EDGE('',*,*,#1698,.F.);
#2329=ORIENTED_EDGE('',*,*,#1726,.F.);
#2330=ORIENTED_EDGE('',*,*,#1729,.F.);
#2331=ORIENTED_EDGE('',*,*,#1730,.T.);
#2332=ORIENTED_EDGE('',*,*,#1725,.F.);
#2333=ORIENTED_EDGE('',*,*,#1730,.F.);
#2334=ORIENTED_EDGE('',*,*,#1729,.T.);
#2335=ORIENTED_EDGE('',*,*,#1728,.T.);
#2336=ORIENTED_EDGE('',*,*,#1614,.T.);
#2337=ORIENTED_EDGE('',*,*,#1674,.T.);
#2338=ORIENTED_EDGE('',*,*,#1724,.F.);
#2339=ORIENTED_EDGE('',*,*,#1717,.F.);
#2340=ORIENTED_EDGE('',*,*,#1722,.F.);
#2341=ORIENTED_EDGE('',*,*,#1620,.T.);
#2342=ORIENTED_EDGE('',*,*,#1610,.T.);
#2343=ORIENTED_EDGE('',*,*,#1607,.T.);
#2344=ORIENTED_EDGE('',*,*,#1731,.T.);
#2345=ORIENTED_EDGE('',*,*,#1732,.T.);
#2346=ORIENTED_EDGE('',*,*,#1733,.T.);
#2347=ORIENTED_EDGE('',*,*,#1734,.T.);
#2348=ORIENTED_EDGE('',*,*,#1735,.T.);
#2349=ORIENTED_EDGE('',*,*,#1736,.T.);
#2350=ORIENTED_EDGE('',*,*,#1737,.T.);
#2351=ORIENTED_EDGE('',*,*,#1738,.F.);
#2352=ORIENTED_EDGE('',*,*,#1739,.F.);
#2353=ORIENTED_EDGE('',*,*,#1740,.F.);
#2354=ORIENTED_EDGE('',*,*,#1741,.F.);
#2355=ORIENTED_EDGE('',*,*,#1742,.F.);
#2356=ORIENTED_EDGE('',*,*,#1743,.F.);
#2357=ORIENTED_EDGE('',*,*,#1744,.F.);
#2358=ORIENTED_EDGE('',*,*,#1745,.F.);
#2359=ORIENTED_EDGE('',*,*,#1746,.F.);
#2360=ORIENTED_EDGE('',*,*,#1746,.T.);
#2361=ORIENTED_EDGE('',*,*,#1747,.F.);
#2362=ORIENTED_EDGE('',*,*,#1748,.T.);
#2363=ORIENTED_EDGE('',*,*,#1749,.F.);
#2364=ORIENTED_EDGE('',*,*,#1745,.T.);
#2365=ORIENTED_EDGE('',*,*,#1750,.F.);
#2366=ORIENTED_EDGE('',*,*,#1751,.F.);
#2367=ORIENTED_EDGE('',*,*,#1752,.T.);
#2368=ORIENTED_EDGE('',*,*,#1753,.F.);
#2369=ORIENTED_EDGE('',*,*,#1747,.T.);
#2370=ORIENTED_EDGE('',*,*,#1744,.T.);
#2371=ORIENTED_EDGE('',*,*,#1754,.T.);
#2372=ORIENTED_EDGE('',*,*,#1755,.F.);
#2373=ORIENTED_EDGE('',*,*,#1750,.T.);
#2374=ORIENTED_EDGE('',*,*,#1743,.T.);
#2375=ORIENTED_EDGE('',*,*,#1756,.T.);
#2376=ORIENTED_EDGE('',*,*,#1757,.F.);
#2377=ORIENTED_EDGE('',*,*,#1754,.F.);
#2378=ORIENTED_EDGE('',*,*,#1742,.T.);
#2379=ORIENTED_EDGE('',*,*,#1758,.T.);
#2380=ORIENTED_EDGE('',*,*,#1759,.F.);
#2381=ORIENTED_EDGE('',*,*,#1756,.F.);
#2382=ORIENTED_EDGE('',*,*,#1741,.T.);
#2383=ORIENTED_EDGE('',*,*,#1760,.T.);
#2384=ORIENTED_EDGE('',*,*,#1761,.F.);
#2385=ORIENTED_EDGE('',*,*,#1758,.F.);
#2386=ORIENTED_EDGE('',*,*,#1740,.T.);
#2387=ORIENTED_EDGE('',*,*,#1762,.T.);
#2388=ORIENTED_EDGE('',*,*,#1763,.F.);
#2389=ORIENTED_EDGE('',*,*,#1760,.F.);
#2390=ORIENTED_EDGE('',*,*,#1739,.T.);
#2391=ORIENTED_EDGE('',*,*,#1764,.T.);
#2392=ORIENTED_EDGE('',*,*,#1765,.T.);
#2393=ORIENTED_EDGE('',*,*,#1766,.T.);
#2394=ORIENTED_EDGE('',*,*,#1767,.F.);
#2395=ORIENTED_EDGE('',*,*,#1762,.F.);
#2396=ORIENTED_EDGE('',*,*,#1768,.F.);
#2397=ORIENTED_EDGE('',*,*,#1769,.F.);
#2398=ORIENTED_EDGE('',*,*,#1770,.F.);
#2399=ORIENTED_EDGE('',*,*,#1771,.F.);
#2400=ORIENTED_EDGE('',*,*,#1772,.F.);
#2401=ORIENTED_EDGE('',*,*,#1773,.F.);
#2402=ORIENTED_EDGE('',*,*,#1774,.F.);
#2403=ORIENTED_EDGE('',*,*,#1775,.F.);
#2404=ORIENTED_EDGE('',*,*,#1776,.T.);
#2405=ORIENTED_EDGE('',*,*,#1777,.T.);
#2406=ORIENTED_EDGE('',*,*,#1778,.T.);
#2407=ORIENTED_EDGE('',*,*,#1779,.T.);
#2408=ORIENTED_EDGE('',*,*,#1780,.T.);
#2409=ORIENTED_EDGE('',*,*,#1781,.T.);
#2410=ORIENTED_EDGE('',*,*,#1782,.T.);
#2411=ORIENTED_EDGE('',*,*,#1783,.F.);
#2412=ORIENTED_EDGE('',*,*,#1775,.T.);
#2413=ORIENTED_EDGE('',*,*,#1784,.F.);
#2414=ORIENTED_EDGE('',*,*,#1785,.T.);
#2415=ORIENTED_EDGE('',*,*,#1786,.F.);
#2416=ORIENTED_EDGE('',*,*,#1774,.T.);
#2417=ORIENTED_EDGE('',*,*,#1787,.F.);
#2418=ORIENTED_EDGE('',*,*,#1788,.F.);
#2419=ORIENTED_EDGE('',*,*,#1789,.T.);
#2420=ORIENTED_EDGE('',*,*,#1790,.T.);
#2421=ORIENTED_EDGE('',*,*,#1784,.T.);
#2422=ORIENTED_EDGE('',*,*,#1773,.T.);
#2423=ORIENTED_EDGE('',*,*,#1791,.T.);
#2424=ORIENTED_EDGE('',*,*,#1792,.F.);
#2425=ORIENTED_EDGE('',*,*,#1787,.T.);
#2426=ORIENTED_EDGE('',*,*,#1772,.T.);
#2427=ORIENTED_EDGE('',*,*,#1793,.T.);
#2428=ORIENTED_EDGE('',*,*,#1794,.F.);
#2429=ORIENTED_EDGE('',*,*,#1791,.F.);
#2430=ORIENTED_EDGE('',*,*,#1771,.T.);
#2431=ORIENTED_EDGE('',*,*,#1795,.T.);
#2432=ORIENTED_EDGE('',*,*,#1796,.F.);
#2433=ORIENTED_EDGE('',*,*,#1793,.F.);
#2434=ORIENTED_EDGE('',*,*,#1770,.T.);
#2435=ORIENTED_EDGE('',*,*,#1797,.T.);
#2436=ORIENTED_EDGE('',*,*,#1798,.F.);
#2437=ORIENTED_EDGE('',*,*,#1795,.F.);
#2438=ORIENTED_EDGE('',*,*,#1769,.T.);
#2439=ORIENTED_EDGE('',*,*,#1799,.T.);
#2440=ORIENTED_EDGE('',*,*,#1800,.F.);
#2441=ORIENTED_EDGE('',*,*,#1797,.F.);
#2442=ORIENTED_EDGE('',*,*,#1783,.T.);
#2443=ORIENTED_EDGE('',*,*,#1801,.F.);
#2444=ORIENTED_EDGE('',*,*,#1802,.T.);
#2445=ORIENTED_EDGE('',*,*,#1803,.F.);
#2446=ORIENTED_EDGE('',*,*,#1738,.T.);
#2447=ORIENTED_EDGE('',*,*,#1804,.F.);
#2448=ORIENTED_EDGE('',*,*,#1805,.T.);
#2449=ORIENTED_EDGE('',*,*,#1764,.F.);
#2450=ORIENTED_EDGE('',*,*,#1768,.T.);
#2451=ORIENTED_EDGE('',*,*,#1803,.T.);
#2452=ORIENTED_EDGE('',*,*,#1806,.F.);
#2453=ORIENTED_EDGE('',*,*,#1807,.T.);
#2454=ORIENTED_EDGE('',*,*,#1808,.F.);
#2455=ORIENTED_EDGE('',*,*,#1799,.F.);
#2456=ORIENTED_EDGE('',*,*,#1809,.T.);
#2457=ORIENTED_EDGE('',*,*,#1810,.F.);
#2458=ORIENTED_EDGE('',*,*,#1811,.F.);
#2459=ORIENTED_EDGE('',*,*,#1785,.F.);
#2460=ORIENTED_EDGE('',*,*,#1790,.F.);
#2461=ORIENTED_EDGE('',*,*,#1812,.T.);
#2462=ORIENTED_EDGE('',*,*,#1765,.F.);
#2463=ORIENTED_EDGE('',*,*,#1805,.F.);
#2464=ORIENTED_EDGE('',*,*,#1813,.F.);
#2465=ORIENTED_EDGE('',*,*,#1814,.T.);
#2466=ORIENTED_EDGE('',*,*,#1815,.T.);
#2467=ORIENTED_EDGE('',*,*,#1816,.T.);
#2468=ORIENTED_EDGE('',*,*,#1817,.T.);
#2469=ORIENTED_EDGE('',*,*,#1814,.F.);
#2470=ORIENTED_EDGE('',*,*,#1818,.T.);
#2471=ORIENTED_EDGE('',*,*,#1819,.T.);
#2472=ORIENTED_EDGE('',*,*,#1820,.T.);
#2473=ORIENTED_EDGE('',*,*,#1816,.F.);
#2474=ORIENTED_EDGE('',*,*,#1818,.F.);
#2475=ORIENTED_EDGE('',*,*,#1821,.F.);
#2476=ORIENTED_EDGE('',*,*,#1822,.F.);
#2477=ORIENTED_EDGE('',*,*,#1823,.F.);
#2478=ORIENTED_EDGE('',*,*,#1824,.F.);
#2479=ORIENTED_EDGE('',*,*,#1825,.F.);
#2480=ORIENTED_EDGE('',*,*,#1826,.F.);
#2481=ORIENTED_EDGE('',*,*,#1827,.F.);
#2482=ORIENTED_EDGE('',*,*,#1828,.F.);
#2483=ORIENTED_EDGE('',*,*,#1829,.T.);
#2484=ORIENTED_EDGE('',*,*,#1830,.F.);
#2485=ORIENTED_EDGE('',*,*,#1831,.F.);
#2486=ORIENTED_EDGE('',*,*,#1832,.F.);
#2487=ORIENTED_EDGE('',*,*,#1833,.F.);
#2488=ORIENTED_EDGE('',*,*,#1834,.T.);
#2489=ORIENTED_EDGE('',*,*,#1835,.F.);
#2490=ORIENTED_EDGE('',*,*,#1836,.T.);
#2491=ORIENTED_EDGE('',*,*,#1837,.F.);
#2492=ORIENTED_EDGE('',*,*,#1813,.T.);
#2493=ORIENTED_EDGE('',*,*,#1838,.T.);
#2494=ORIENTED_EDGE('',*,*,#1839,.T.);
#2495=ORIENTED_EDGE('',*,*,#1821,.T.);
#2496=ORIENTED_EDGE('',*,*,#1840,.T.);
#2497=ORIENTED_EDGE('',*,*,#1815,.F.);
#2498=ORIENTED_EDGE('',*,*,#1841,.T.);
#2499=ORIENTED_EDGE('',*,*,#1842,.T.);
#2500=ORIENTED_EDGE('',*,*,#1801,.T.);
#2501=ORIENTED_EDGE('',*,*,#1782,.F.);
#2502=ORIENTED_EDGE('',*,*,#1843,.T.);
#2503=ORIENTED_EDGE('',*,*,#1844,.T.);
#2504=ORIENTED_EDGE('',*,*,#1845,.F.);
#2505=ORIENTED_EDGE('',*,*,#1846,.T.);
#2506=ORIENTED_EDGE('',*,*,#1847,.T.);
#2507=ORIENTED_EDGE('',*,*,#1844,.F.);
#2508=ORIENTED_EDGE('',*,*,#1848,.T.);
#2509=ORIENTED_EDGE('',*,*,#1826,.T.);
#2510=ORIENTED_EDGE('',*,*,#1849,.T.);
#2511=ORIENTED_EDGE('',*,*,#1850,.T.);
#2512=ORIENTED_EDGE('',*,*,#1851,.T.);
#2513=ORIENTED_EDGE('',*,*,#1846,.F.);
#2514=ORIENTED_EDGE('',*,*,#1843,.F.);
#2515=ORIENTED_EDGE('',*,*,#1852,.F.);
#2516=ORIENTED_EDGE('',*,*,#1848,.F.);
#2517=ORIENTED_EDGE('',*,*,#1853,.F.);
#2518=ORIENTED_EDGE('',*,*,#1752,.F.);
#2519=ORIENTED_EDGE('',*,*,#1854,.F.);
#2520=ORIENTED_EDGE('',*,*,#1807,.F.);
#2521=ORIENTED_EDGE('',*,*,#1817,.F.);
#2522=ORIENTED_EDGE('',*,*,#1855,.F.);
#2523=ORIENTED_EDGE('',*,*,#1856,.T.);
#2524=ORIENTED_EDGE('',*,*,#1841,.F.);
#2525=ORIENTED_EDGE('',*,*,#1749,.T.);
#2526=ORIENTED_EDGE('',*,*,#1857,.F.);
#2527=ORIENTED_EDGE('',*,*,#1855,.T.);
#2528=ORIENTED_EDGE('',*,*,#1820,.F.);
#2529=ORIENTED_EDGE('',*,*,#1858,.T.);
#2530=ORIENTED_EDGE('',*,*,#1731,.F.);
#2531=ORIENTED_EDGE('',*,*,#1858,.F.);
#2532=ORIENTED_EDGE('',*,*,#1859,.F.);
#2533=ORIENTED_EDGE('',*,*,#1860,.F.);
#2534=ORIENTED_EDGE('',*,*,#1861,.F.);
#2535=ORIENTED_EDGE('',*,*,#1862,.F.);
#2536=ORIENTED_EDGE('',*,*,#1863,.F.);
#2537=ORIENTED_EDGE('',*,*,#1732,.F.);
#2538=ORIENTED_EDGE('',*,*,#1819,.F.);
#2539=ORIENTED_EDGE('',*,*,#1833,.T.);
#2540=ORIENTED_EDGE('',*,*,#1864,.F.);
#2541=ORIENTED_EDGE('',*,*,#1859,.T.);
#2542=ORIENTED_EDGE('',*,*,#1845,.T.);
#2543=ORIENTED_EDGE('',*,*,#1865,.T.);
#2544=ORIENTED_EDGE('',*,*,#1866,.T.);
#2545=ORIENTED_EDGE('',*,*,#1866,.F.);
#2546=ORIENTED_EDGE('',*,*,#1867,.T.);
#2547=ORIENTED_EDGE('',*,*,#1809,.F.);
#2548=ORIENTED_EDGE('',*,*,#1804,.T.);
#2549=ORIENTED_EDGE('',*,*,#1737,.F.);
#2550=ORIENTED_EDGE('',*,*,#1868,.F.);
#2551=ORIENTED_EDGE('',*,*,#1847,.F.);
#2552=ORIENTED_EDGE('',*,*,#1869,.F.);
#2553=ORIENTED_EDGE('',*,*,#1870,.F.);
#2554=ORIENTED_EDGE('',*,*,#1810,.T.);
#2555=ORIENTED_EDGE('',*,*,#1867,.F.);
#2556=ORIENTED_EDGE('',*,*,#1865,.F.);
#2557=ORIENTED_EDGE('',*,*,#1851,.F.);
#2558=ORIENTED_EDGE('',*,*,#1871,.F.);
#2559=ORIENTED_EDGE('',*,*,#1776,.F.);
#2560=ORIENTED_EDGE('',*,*,#1786,.T.);
#2561=ORIENTED_EDGE('',*,*,#1811,.T.);
#2562=ORIENTED_EDGE('',*,*,#1870,.T.);
#2563=ORIENTED_EDGE('',*,*,#1872,.F.);
#2564=ORIENTED_EDGE('',*,*,#1872,.T.);
#2565=ORIENTED_EDGE('',*,*,#1869,.T.);
#2566=ORIENTED_EDGE('',*,*,#1873,.T.);
#2567=ORIENTED_EDGE('',*,*,#1788,.T.);
#2568=ORIENTED_EDGE('',*,*,#1792,.T.);
#2569=ORIENTED_EDGE('',*,*,#1794,.T.);
#2570=ORIENTED_EDGE('',*,*,#1796,.T.);
#2571=ORIENTED_EDGE('',*,*,#1798,.T.);
#2572=ORIENTED_EDGE('',*,*,#1800,.T.);
#2573=ORIENTED_EDGE('',*,*,#1808,.T.);
#2574=ORIENTED_EDGE('',*,*,#1854,.T.);
#2575=ORIENTED_EDGE('',*,*,#1751,.T.);
#2576=ORIENTED_EDGE('',*,*,#1755,.T.);
#2577=ORIENTED_EDGE('',*,*,#1757,.T.);
#2578=ORIENTED_EDGE('',*,*,#1759,.T.);
#2579=ORIENTED_EDGE('',*,*,#1761,.T.);
#2580=ORIENTED_EDGE('',*,*,#1763,.T.);
#2581=ORIENTED_EDGE('',*,*,#1767,.T.);
#2582=ORIENTED_EDGE('',*,*,#1874,.T.);
#2583=ORIENTED_EDGE('',*,*,#1875,.T.);
#2584=ORIENTED_EDGE('',*,*,#1876,.T.);
#2585=ORIENTED_EDGE('',*,*,#1877,.T.);
#2586=ORIENTED_EDGE('',*,*,#1878,.T.);
#2587=ORIENTED_EDGE('',*,*,#1879,.T.);
#2588=ORIENTED_EDGE('',*,*,#1880,.T.);
#2589=ORIENTED_EDGE('',*,*,#1881,.T.);
#2590=ORIENTED_EDGE('',*,*,#1812,.F.);
#2591=ORIENTED_EDGE('',*,*,#1789,.F.);
#2592=ORIENTED_EDGE('',*,*,#1873,.F.);
#2593=ORIENTED_EDGE('',*,*,#1766,.F.);
#2594=ORIENTED_EDGE('',*,*,#1842,.F.);
#2595=ORIENTED_EDGE('',*,*,#1856,.F.);
#2596=ORIENTED_EDGE('',*,*,#1857,.T.);
#2597=ORIENTED_EDGE('',*,*,#1748,.F.);
#2598=ORIENTED_EDGE('',*,*,#1753,.T.);
#2599=ORIENTED_EDGE('',*,*,#1853,.T.);
#2600=ORIENTED_EDGE('',*,*,#1806,.T.);
#2601=ORIENTED_EDGE('',*,*,#1802,.F.);
#2602=ORIENTED_EDGE('',*,*,#1850,.F.);
#2603=ORIENTED_EDGE('',*,*,#1849,.F.);
#2604=ORIENTED_EDGE('',*,*,#1882,.F.);
#2605=ORIENTED_EDGE('',*,*,#1883,.F.);
#2606=ORIENTED_EDGE('',*,*,#1881,.F.);
#2607=ORIENTED_EDGE('',*,*,#1884,.F.);
#2608=ORIENTED_EDGE('',*,*,#1885,.F.);
#2609=ORIENTED_EDGE('',*,*,#1885,.T.);
#2610=ORIENTED_EDGE('',*,*,#1886,.T.);
#2611=ORIENTED_EDGE('',*,*,#1887,.T.);
#2612=ORIENTED_EDGE('',*,*,#1888,.T.);
#2613=ORIENTED_EDGE('',*,*,#1889,.T.);
#2614=ORIENTED_EDGE('',*,*,#1890,.F.);
#2615=ORIENTED_EDGE('',*,*,#1891,.T.);
#2616=ORIENTED_EDGE('',*,*,#1892,.T.);
#2617=ORIENTED_EDGE('',*,*,#1893,.T.);
#2618=ORIENTED_EDGE('',*,*,#1894,.T.);
#2619=ORIENTED_EDGE('',*,*,#1895,.F.);
#2620=ORIENTED_EDGE('',*,*,#1896,.T.);
#2621=ORIENTED_EDGE('',*,*,#1897,.F.);
#2622=ORIENTED_EDGE('',*,*,#1898,.F.);
#2623=ORIENTED_EDGE('',*,*,#1884,.T.);
#2624=ORIENTED_EDGE('',*,*,#1880,.F.);
#2625=ORIENTED_EDGE('',*,*,#1899,.F.);
#2626=ORIENTED_EDGE('',*,*,#1900,.F.);
#2627=ORIENTED_EDGE('',*,*,#1901,.T.);
#2628=ORIENTED_EDGE('',*,*,#1902,.F.);
#2629=ORIENTED_EDGE('',*,*,#1886,.F.);
#2630=ORIENTED_EDGE('',*,*,#1903,.F.);
#2631=ORIENTED_EDGE('',*,*,#1877,.F.);
#2632=ORIENTED_EDGE('',*,*,#1904,.F.);
#2633=ORIENTED_EDGE('',*,*,#1893,.F.);
#2634=ORIENTED_EDGE('',*,*,#1904,.T.);
#2635=ORIENTED_EDGE('',*,*,#1876,.F.);
#2636=ORIENTED_EDGE('',*,*,#1905,.F.);
#2637=ORIENTED_EDGE('',*,*,#1894,.F.);
#2638=ORIENTED_EDGE('',*,*,#1871,.T.);
#2639=ORIENTED_EDGE('',*,*,#1906,.F.);
#2640=ORIENTED_EDGE('',*,*,#1907,.F.);
#2641=ORIENTED_EDGE('',*,*,#1777,.F.);
#2642=ORIENTED_EDGE('',*,*,#1882,.T.);
#2643=ORIENTED_EDGE('',*,*,#1825,.T.);
#2644=ORIENTED_EDGE('',*,*,#1908,.F.);
#2645=ORIENTED_EDGE('',*,*,#1906,.T.);
#2646=ORIENTED_EDGE('',*,*,#1900,.T.);
#2647=ORIENTED_EDGE('',*,*,#1909,.T.);
#2648=ORIENTED_EDGE('',*,*,#1910,.T.);
#2649=ORIENTED_EDGE('',*,*,#1911,.T.);
#2650=ORIENTED_EDGE('',*,*,#1912,.T.);
#2651=ORIENTED_EDGE('',*,*,#1897,.T.);
#2652=ORIENTED_EDGE('',*,*,#1913,.T.);
#2653=ORIENTED_EDGE('',*,*,#1914,.T.);
#2654=ORIENTED_EDGE('',*,*,#1915,.T.);
#2655=ORIENTED_EDGE('',*,*,#1898,.T.);
#2656=ORIENTED_EDGE('',*,*,#1915,.F.);
#2657=ORIENTED_EDGE('',*,*,#1916,.F.);
#2658=ORIENTED_EDGE('',*,*,#1913,.F.);
#2659=ORIENTED_EDGE('',*,*,#1917,.F.);
#2660=ORIENTED_EDGE('',*,*,#1889,.F.);
#2661=ORIENTED_EDGE('',*,*,#1918,.F.);
#2662=ORIENTED_EDGE('',*,*,#1909,.F.);
#2663=ORIENTED_EDGE('',*,*,#1899,.T.);
#2664=ORIENTED_EDGE('',*,*,#1879,.F.);
#2665=ORIENTED_EDGE('',*,*,#1919,.F.);
#2666=ORIENTED_EDGE('',*,*,#1920,.F.);
#2667=ORIENTED_EDGE('',*,*,#1883,.T.);
#2668=ORIENTED_EDGE('',*,*,#1896,.F.);
#2669=ORIENTED_EDGE('',*,*,#1921,.T.);
#2670=ORIENTED_EDGE('',*,*,#1874,.F.);
#2671=ORIENTED_EDGE('',*,*,#1903,.T.);
#2672=ORIENTED_EDGE('',*,*,#1892,.F.);
#2673=ORIENTED_EDGE('',*,*,#1922,.F.);
#2674=ORIENTED_EDGE('',*,*,#1923,.T.);
#2675=ORIENTED_EDGE('',*,*,#1924,.F.);
#2676=ORIENTED_EDGE('',*,*,#1919,.T.);
#2677=ORIENTED_EDGE('',*,*,#1878,.F.);
#2678=ORIENTED_EDGE('',*,*,#1912,.F.);
#2679=ORIENTED_EDGE('',*,*,#1925,.F.);
#2680=ORIENTED_EDGE('',*,*,#1926,.T.);
#2681=ORIENTED_EDGE('',*,*,#1901,.F.);
#2682=ORIENTED_EDGE('',*,*,#1927,.F.);
#2683=ORIENTED_EDGE('',*,*,#1923,.F.);
#2684=ORIENTED_EDGE('',*,*,#1928,.T.);
#2685=ORIENTED_EDGE('',*,*,#1929,.F.);
#2686=ORIENTED_EDGE('',*,*,#1921,.F.);
#2687=ORIENTED_EDGE('',*,*,#1895,.T.);
#2688=ORIENTED_EDGE('',*,*,#1905,.T.);
#2689=ORIENTED_EDGE('',*,*,#1875,.F.);
#2690=ORIENTED_EDGE('',*,*,#1930,.F.);
#2691=ORIENTED_EDGE('',*,*,#1928,.F.);
#2692=ORIENTED_EDGE('',*,*,#1922,.T.);
#2693=ORIENTED_EDGE('',*,*,#1891,.F.);
#2694=ORIENTED_EDGE('',*,*,#1931,.F.);
#2695=ORIENTED_EDGE('',*,*,#1887,.F.);
#2696=ORIENTED_EDGE('',*,*,#1902,.T.);
#2697=ORIENTED_EDGE('',*,*,#1926,.F.);
#2698=ORIENTED_EDGE('',*,*,#1932,.F.);
#2699=ORIENTED_EDGE('',*,*,#1933,.F.);
#2700=ORIENTED_EDGE('',*,*,#1934,.F.);
#2701=ORIENTED_EDGE('',*,*,#1929,.T.);
#2702=ORIENTED_EDGE('',*,*,#1930,.T.);
#2703=ORIENTED_EDGE('',*,*,#1935,.T.);
#2704=ORIENTED_EDGE('',*,*,#1936,.F.);
#2705=ORIENTED_EDGE('',*,*,#1935,.F.);
#2706=ORIENTED_EDGE('',*,*,#1931,.T.);
#2707=ORIENTED_EDGE('',*,*,#1890,.T.);
#2708=ORIENTED_EDGE('',*,*,#1917,.T.);
#2709=ORIENTED_EDGE('',*,*,#1910,.F.);
#2710=ORIENTED_EDGE('',*,*,#1918,.T.);
#2711=ORIENTED_EDGE('',*,*,#1888,.F.);
#2712=ORIENTED_EDGE('',*,*,#1933,.T.);
#2713=ORIENTED_EDGE('',*,*,#1937,.T.);
#2714=ORIENTED_EDGE('',*,*,#1911,.F.);
#2715=ORIENTED_EDGE('',*,*,#1937,.F.);
#2716=ORIENTED_EDGE('',*,*,#1932,.T.);
#2717=ORIENTED_EDGE('',*,*,#1925,.T.);
#2718=ORIENTED_EDGE('',*,*,#1914,.F.);
#2719=ORIENTED_EDGE('',*,*,#1916,.T.);
#2720=ORIENTED_EDGE('',*,*,#1938,.F.);
#2721=ORIENTED_EDGE('',*,*,#1939,.F.);
#2722=ORIENTED_EDGE('',*,*,#1940,.T.);
#2723=ORIENTED_EDGE('',*,*,#1938,.T.);
#2724=ORIENTED_EDGE('',*,*,#1940,.F.);
#2725=ORIENTED_EDGE('',*,*,#1939,.T.);
#2726=ORIENTED_EDGE('',*,*,#1941,.T.);
#2727=ORIENTED_EDGE('',*,*,#1942,.T.);
#2728=ORIENTED_EDGE('',*,*,#1943,.T.);
#2729=ORIENTED_EDGE('',*,*,#1944,.F.);
#2730=ORIENTED_EDGE('',*,*,#1945,.T.);
#2731=ORIENTED_EDGE('',*,*,#1944,.T.);
#2732=ORIENTED_EDGE('',*,*,#1946,.T.);
#2733=ORIENTED_EDGE('',*,*,#1947,.T.);
#2734=ORIENTED_EDGE('',*,*,#1946,.F.);
#2735=ORIENTED_EDGE('',*,*,#1948,.T.);
#2736=ORIENTED_EDGE('',*,*,#1949,.T.);
#2737=ORIENTED_EDGE('',*,*,#1950,.T.);
#2738=ORIENTED_EDGE('',*,*,#1945,.F.);
#2739=ORIENTED_EDGE('',*,*,#1947,.F.);
#2740=ORIENTED_EDGE('',*,*,#1951,.T.);
#2741=ORIENTED_EDGE('',*,*,#1952,.T.);
#2742=ORIENTED_EDGE('',*,*,#1828,.T.);
#2743=ORIENTED_EDGE('',*,*,#1852,.T.);
#2744=ORIENTED_EDGE('',*,*,#1953,.T.);
#2745=ORIENTED_EDGE('',*,*,#1942,.F.);
#2746=ORIENTED_EDGE('',*,*,#1827,.T.);
#2747=ORIENTED_EDGE('',*,*,#1864,.T.);
#2748=ORIENTED_EDGE('',*,*,#1954,.T.);
#2749=ORIENTED_EDGE('',*,*,#1955,.F.);
#2750=ORIENTED_EDGE('',*,*,#1860,.T.);
#2751=ORIENTED_EDGE('',*,*,#1955,.T.);
#2752=ORIENTED_EDGE('',*,*,#1956,.T.);
#2753=ORIENTED_EDGE('',*,*,#1957,.T.);
#2754=ORIENTED_EDGE('',*,*,#1956,.F.);
#2755=ORIENTED_EDGE('',*,*,#1954,.F.);
#2756=ORIENTED_EDGE('',*,*,#1832,.T.);
#2757=ORIENTED_EDGE('',*,*,#1958,.T.);
#2758=ORIENTED_EDGE('',*,*,#1959,.T.);
#2759=ORIENTED_EDGE('',*,*,#1957,.F.);
#2760=ORIENTED_EDGE('',*,*,#1960,.T.);
#2761=ORIENTED_EDGE('',*,*,#1961,.T.);
#2762=ORIENTED_EDGE('',*,*,#1861,.T.);
#2763=ORIENTED_EDGE('',*,*,#1840,.F.);
#2764=ORIENTED_EDGE('',*,*,#1781,.F.);
#2765=ORIENTED_EDGE('',*,*,#1962,.F.);
#2766=ORIENTED_EDGE('',*,*,#1838,.F.);
#2767=ORIENTED_EDGE('',*,*,#1963,.F.);
#2768=ORIENTED_EDGE('',*,*,#1964,.F.);
#2769=ORIENTED_EDGE('',*,*,#1965,.F.);
#2770=ORIENTED_EDGE('',*,*,#1949,.F.);
#2771=ORIENTED_EDGE('',*,*,#1966,.T.);
#2772=ORIENTED_EDGE('',*,*,#1967,.F.);
#2773=ORIENTED_EDGE('',*,*,#1950,.F.);
#2774=ORIENTED_EDGE('',*,*,#1965,.T.);
#2775=ORIENTED_EDGE('',*,*,#1968,.F.);
#2776=ORIENTED_EDGE('',*,*,#1951,.F.);
#2777=ORIENTED_EDGE('',*,*,#1969,.F.);
#2778=ORIENTED_EDGE('',*,*,#1970,.F.);
#2779=ORIENTED_EDGE('',*,*,#1829,.F.);
#2780=ORIENTED_EDGE('',*,*,#1952,.F.);
#2781=ORIENTED_EDGE('',*,*,#1968,.T.);
#2782=ORIENTED_EDGE('',*,*,#1964,.T.);
#2783=ORIENTED_EDGE('',*,*,#1862,.T.);
#2784=ORIENTED_EDGE('',*,*,#1961,.F.);
#2785=ORIENTED_EDGE('',*,*,#1971,.F.);
#2786=ORIENTED_EDGE('',*,*,#1972,.F.);
#2787=ORIENTED_EDGE('',*,*,#1973,.F.);
#2788=ORIENTED_EDGE('',*,*,#1974,.F.);
#2789=ORIENTED_EDGE('',*,*,#1975,.F.);
#2790=ORIENTED_EDGE('',*,*,#1972,.T.);
#2791=ORIENTED_EDGE('',*,*,#1976,.F.);
#2792=ORIENTED_EDGE('',*,*,#1958,.F.);
#2793=ORIENTED_EDGE('',*,*,#1831,.T.);
#2794=ORIENTED_EDGE('',*,*,#1977,.F.);
#2795=ORIENTED_EDGE('',*,*,#1959,.F.);
#2796=ORIENTED_EDGE('',*,*,#1976,.T.);
#2797=ORIENTED_EDGE('',*,*,#1971,.T.);
#2798=ORIENTED_EDGE('',*,*,#1960,.F.);
#2799=ORIENTED_EDGE('',*,*,#1967,.T.);
#2800=ORIENTED_EDGE('',*,*,#1978,.T.);
#2801=ORIENTED_EDGE('',*,*,#1735,.F.);
#2802=ORIENTED_EDGE('',*,*,#1979,.T.);
#2803=ORIENTED_EDGE('',*,*,#1868,.T.);
#2804=ORIENTED_EDGE('',*,*,#1736,.F.);
#2805=ORIENTED_EDGE('',*,*,#1978,.F.);
#2806=ORIENTED_EDGE('',*,*,#1966,.F.);
#2807=ORIENTED_EDGE('',*,*,#1948,.F.);
#2808=ORIENTED_EDGE('',*,*,#1943,.F.);
#2809=ORIENTED_EDGE('',*,*,#1953,.F.);
#2810=ORIENTED_EDGE('',*,*,#1974,.T.);
#2811=ORIENTED_EDGE('',*,*,#1980,.T.);
#2812=ORIENTED_EDGE('',*,*,#1733,.F.);
#2813=ORIENTED_EDGE('',*,*,#1863,.T.);
#2814=ORIENTED_EDGE('',*,*,#1969,.T.);
#2815=ORIENTED_EDGE('',*,*,#1963,.T.);
#2816=ORIENTED_EDGE('',*,*,#1979,.F.);
#2817=ORIENTED_EDGE('',*,*,#1734,.F.);
#2818=ORIENTED_EDGE('',*,*,#1980,.F.);
#2819=ORIENTED_EDGE('',*,*,#1973,.T.);
#2820=ORIENTED_EDGE('',*,*,#1975,.T.);
#2821=ORIENTED_EDGE('',*,*,#1981,.F.);
#2822=ORIENTED_EDGE('',*,*,#1970,.T.);
#2823=ORIENTED_EDGE('',*,*,#1981,.T.);
#2824=ORIENTED_EDGE('',*,*,#1977,.T.);
#2825=ORIENTED_EDGE('',*,*,#1830,.T.);
#2826=ORIENTED_EDGE('',*,*,#1982,.T.);
#2827=ORIENTED_EDGE('',*,*,#1822,.T.);
#2828=ORIENTED_EDGE('',*,*,#1839,.F.);
#2829=ORIENTED_EDGE('',*,*,#1983,.T.);
#2830=ORIENTED_EDGE('',*,*,#1984,.T.);
#2831=ORIENTED_EDGE('',*,*,#1823,.T.);
#2832=ORIENTED_EDGE('',*,*,#1982,.F.);
#2833=ORIENTED_EDGE('',*,*,#1985,.T.);
#2834=ORIENTED_EDGE('',*,*,#1908,.T.);
#2835=ORIENTED_EDGE('',*,*,#1824,.T.);
#2836=ORIENTED_EDGE('',*,*,#1984,.F.);
#2837=ORIENTED_EDGE('',*,*,#1986,.T.);
#2838=ORIENTED_EDGE('',*,*,#1983,.F.);
#2839=ORIENTED_EDGE('',*,*,#1962,.T.);
#2840=ORIENTED_EDGE('',*,*,#1780,.F.);
#2841=ORIENTED_EDGE('',*,*,#1987,.T.);
#2842=ORIENTED_EDGE('',*,*,#1988,.T.);
#2843=ORIENTED_EDGE('',*,*,#1989,.T.);
#2844=ORIENTED_EDGE('',*,*,#1990,.T.);
#2845=ORIENTED_EDGE('',*,*,#1991,.T.);
#2846=ORIENTED_EDGE('',*,*,#1992,.T.);
#2847=ORIENTED_EDGE('',*,*,#1993,.T.);
#2848=ORIENTED_EDGE('',*,*,#1990,.F.);
#2849=ORIENTED_EDGE('',*,*,#1994,.T.);
#2850=ORIENTED_EDGE('',*,*,#1995,.T.);
#2851=ORIENTED_EDGE('',*,*,#1996,.T.);
#2852=ORIENTED_EDGE('',*,*,#1992,.F.);
#2853=ORIENTED_EDGE('',*,*,#1997,.T.);
#2854=ORIENTED_EDGE('',*,*,#1995,.F.);
#2855=ORIENTED_EDGE('',*,*,#1998,.T.);
#2856=ORIENTED_EDGE('',*,*,#1988,.F.);
#2857=ORIENTED_EDGE('',*,*,#1999,.T.);
#2858=ORIENTED_EDGE('',*,*,#1994,.F.);
#2859=ORIENTED_EDGE('',*,*,#2000,.T.);
#2860=ORIENTED_EDGE('',*,*,#1835,.T.);
#2861=ORIENTED_EDGE('',*,*,#2001,.T.);
#2862=ORIENTED_EDGE('',*,*,#1989,.F.);
#2863=ORIENTED_EDGE('',*,*,#2002,.F.);
#2864=ORIENTED_EDGE('',*,*,#1836,.F.);
#2865=ORIENTED_EDGE('',*,*,#2000,.F.);
#2866=ORIENTED_EDGE('',*,*,#1991,.F.);
#2867=ORIENTED_EDGE('',*,*,#1993,.F.);
#2868=ORIENTED_EDGE('',*,*,#1996,.F.);
#2869=ORIENTED_EDGE('',*,*,#1999,.F.);
#2870=ORIENTED_EDGE('',*,*,#2003,.T.);
#2871=ORIENTED_EDGE('',*,*,#1997,.F.);
#2872=ORIENTED_EDGE('',*,*,#2001,.F.);
#2873=ORIENTED_EDGE('',*,*,#1834,.F.);
#2874=ORIENTED_EDGE('',*,*,#2004,.F.);
#2875=ORIENTED_EDGE('',*,*,#1998,.F.);
#2876=ORIENTED_EDGE('',*,*,#2004,.T.);
#2877=ORIENTED_EDGE('',*,*,#1837,.T.);
#2878=ORIENTED_EDGE('',*,*,#2002,.T.);
#2879=ORIENTED_EDGE('',*,*,#1986,.F.);
#2880=ORIENTED_EDGE('',*,*,#2005,.T.);
#2881=ORIENTED_EDGE('',*,*,#1778,.F.);
#2882=ORIENTED_EDGE('',*,*,#1907,.T.);
#2883=ORIENTED_EDGE('',*,*,#1924,.T.);
#2884=ORIENTED_EDGE('',*,*,#1927,.T.);
#2885=ORIENTED_EDGE('',*,*,#1934,.T.);
#2886=ORIENTED_EDGE('',*,*,#1936,.T.);
#2887=ORIENTED_EDGE('',*,*,#1920,.T.);
#2888=ORIENTED_EDGE('',*,*,#2003,.F.);
#2889=ORIENTED_EDGE('',*,*,#2006,.T.);
#2890=ORIENTED_EDGE('',*,*,#1941,.F.);
#2891=ORIENTED_EDGE('',*,*,#2006,.F.);
#2892=ORIENTED_EDGE('',*,*,#1985,.F.);
#2893=ORIENTED_EDGE('',*,*,#1987,.F.);
#2894=ORIENTED_EDGE('',*,*,#1779,.F.);
#2895=ORIENTED_EDGE('',*,*,#2005,.F.);
#2896=ORIENTED_EDGE('',*,*,#2007,.F.);
#2897=ORIENTED_EDGE('',*,*,#2008,.T.);
#2898=ORIENTED_EDGE('',*,*,#2009,.F.);
#2899=ORIENTED_EDGE('',*,*,#2008,.F.);
#2900=ORIENTED_EDGE('',*,*,#2010,.F.);
#2901=ORIENTED_EDGE('',*,*,#2011,.T.);
#2902=ORIENTED_EDGE('',*,*,#2012,.T.);
#2903=ORIENTED_EDGE('',*,*,#2011,.F.);
#2904=ORIENTED_EDGE('',*,*,#2010,.T.);
#2905=ORIENTED_EDGE('',*,*,#2009,.T.);
#2906=ORIENTED_EDGE('',*,*,#2012,.F.);
#2907=ORIENTED_EDGE('',*,*,#2007,.T.);
#2908=ORIENTED_EDGE('',*,*,#2013,.T.);
#2909=ORIENTED_EDGE('',*,*,#2014,.T.);
#2910=ORIENTED_EDGE('',*,*,#2015,.T.);
#2911=ORIENTED_EDGE('',*,*,#2016,.T.);
#2912=ORIENTED_EDGE('',*,*,#2013,.F.);
#2913=ORIENTED_EDGE('',*,*,#2017,.T.);
#2914=ORIENTED_EDGE('',*,*,#2018,.F.);
#2915=ORIENTED_EDGE('',*,*,#2019,.F.);
#2916=ORIENTED_EDGE('',*,*,#2020,.F.);
#2917=ORIENTED_EDGE('',*,*,#2021,.F.);
#2918=ORIENTED_EDGE('',*,*,#2022,.F.);
#2919=ORIENTED_EDGE('',*,*,#2023,.F.);
#2920=ORIENTED_EDGE('',*,*,#2016,.F.);
#2921=ORIENTED_EDGE('',*,*,#2024,.F.);
#2922=ORIENTED_EDGE('',*,*,#2025,.F.);
#2923=ORIENTED_EDGE('',*,*,#2026,.F.);
#2924=ORIENTED_EDGE('',*,*,#2027,.F.);
#2925=ORIENTED_EDGE('',*,*,#2017,.F.);
#2926=ORIENTED_EDGE('',*,*,#2028,.T.);
#2927=ORIENTED_EDGE('',*,*,#2029,.T.);
#2928=ORIENTED_EDGE('',*,*,#2020,.T.);
#2929=ORIENTED_EDGE('',*,*,#2030,.T.);
#2930=ORIENTED_EDGE('',*,*,#2029,.F.);
#2931=ORIENTED_EDGE('',*,*,#2031,.T.);
#2932=ORIENTED_EDGE('',*,*,#2025,.T.);
#2933=ORIENTED_EDGE('',*,*,#2032,.F.);
#2934=ORIENTED_EDGE('',*,*,#2033,.F.);
#2935=ORIENTED_EDGE('',*,*,#2034,.F.);
#2936=ORIENTED_EDGE('',*,*,#2035,.F.);
#2937=ORIENTED_EDGE('',*,*,#2021,.T.);
#2938=ORIENTED_EDGE('',*,*,#2036,.T.);
#2939=ORIENTED_EDGE('',*,*,#2030,.F.);
#2940=ORIENTED_EDGE('',*,*,#2019,.T.);
#2941=ORIENTED_EDGE('',*,*,#2037,.T.);
#2942=ORIENTED_EDGE('',*,*,#2038,.F.);
#2943=ORIENTED_EDGE('',*,*,#2018,.T.);
#2944=ORIENTED_EDGE('',*,*,#2027,.T.);
#2945=ORIENTED_EDGE('',*,*,#2039,.F.);
#2946=ORIENTED_EDGE('',*,*,#2037,.F.);
#2947=ORIENTED_EDGE('',*,*,#2039,.T.);
#2948=ORIENTED_EDGE('',*,*,#2026,.T.);
#2949=ORIENTED_EDGE('',*,*,#2031,.F.);
#2950=ORIENTED_EDGE('',*,*,#2028,.F.);
#2951=ORIENTED_EDGE('',*,*,#2038,.T.);
#2952=ORIENTED_EDGE('',*,*,#2015,.F.);
#2953=ORIENTED_EDGE('',*,*,#2040,.F.);
#2954=ORIENTED_EDGE('',*,*,#2041,.F.);
#2955=ORIENTED_EDGE('',*,*,#2032,.T.);
#2956=ORIENTED_EDGE('',*,*,#2024,.T.);
#2957=ORIENTED_EDGE('',*,*,#2042,.F.);
#2958=ORIENTED_EDGE('',*,*,#2043,.T.);
#2959=ORIENTED_EDGE('',*,*,#2044,.F.);
#2960=ORIENTED_EDGE('',*,*,#2034,.T.);
#2961=ORIENTED_EDGE('',*,*,#2014,.F.);
#2962=ORIENTED_EDGE('',*,*,#2023,.T.);
#2963=ORIENTED_EDGE('',*,*,#2045,.F.);
#2964=ORIENTED_EDGE('',*,*,#2043,.F.);
#2965=ORIENTED_EDGE('',*,*,#2046,.F.);
#2966=ORIENTED_EDGE('',*,*,#2040,.T.);
#2967=ORIENTED_EDGE('',*,*,#2047,.T.);
#2968=ORIENTED_EDGE('',*,*,#2035,.T.);
#2969=ORIENTED_EDGE('',*,*,#2044,.T.);
#2970=ORIENTED_EDGE('',*,*,#2045,.T.);
#2971=ORIENTED_EDGE('',*,*,#2022,.T.);
#2972=ORIENTED_EDGE('',*,*,#2046,.T.);
#2973=ORIENTED_EDGE('',*,*,#2042,.T.);
#2974=ORIENTED_EDGE('',*,*,#2033,.T.);
#2975=ORIENTED_EDGE('',*,*,#2041,.T.);
#2976=ORIENTED_EDGE('',*,*,#2047,.F.);
#2977=ORIENTED_EDGE('',*,*,#2048,.T.);
#2978=ORIENTED_EDGE('',*,*,#2036,.F.);
#2979=ORIENTED_EDGE('',*,*,#2048,.F.);
#2980=ORIENTED_EDGE('',*,*,#2049,.T.);
#2981=ORIENTED_EDGE('',*,*,#2050,.T.);
#2982=ORIENTED_EDGE('',*,*,#2051,.T.);
#2983=ORIENTED_EDGE('',*,*,#2050,.F.);
#2984=ORIENTED_EDGE('',*,*,#2049,.F.);
#2985=ORIENTED_EDGE('',*,*,#2052,.F.);
#2986=ORIENTED_EDGE('',*,*,#2052,.T.);
#2987=ORIENTED_EDGE('',*,*,#2053,.T.);
#2988=ORIENTED_EDGE('',*,*,#2054,.T.);
#2989=ORIENTED_EDGE('',*,*,#2053,.F.);
#2990=ORIENTED_EDGE('',*,*,#2054,.F.);
#2991=ORIENTED_EDGE('',*,*,#2055,.T.);
#2992=ORIENTED_EDGE('',*,*,#2051,.F.);
#2993=ORIENTED_EDGE('',*,*,#2055,.F.);
#2994=ORIENTED_EDGE('',*,*,#2056,.T.);
#2995=ORIENTED_EDGE('',*,*,#2057,.T.);
#2996=ORIENTED_EDGE('',*,*,#2058,.T.);
#2997=ORIENTED_EDGE('',*,*,#2059,.T.);
#2998=ORIENTED_EDGE('',*,*,#2057,.F.);
#2999=ORIENTED_EDGE('',*,*,#2060,.F.);
#3000=ORIENTED_EDGE('',*,*,#2061,.F.);
#3001=ORIENTED_EDGE('',*,*,#2062,.F.);
#3002=ORIENTED_EDGE('',*,*,#2063,.T.);
#3003=ORIENTED_EDGE('',*,*,#2064,.T.);
#3004=ORIENTED_EDGE('',*,*,#2065,.T.);
#3005=ORIENTED_EDGE('',*,*,#2066,.T.);
#3006=ORIENTED_EDGE('',*,*,#2063,.F.);
#3007=ORIENTED_EDGE('',*,*,#2067,.T.);
#3008=ORIENTED_EDGE('',*,*,#2068,.T.);
#3009=ORIENTED_EDGE('',*,*,#2069,.F.);
#3010=ORIENTED_EDGE('',*,*,#2070,.F.);
#3011=ORIENTED_EDGE('',*,*,#2066,.F.);
#3012=ORIENTED_EDGE('',*,*,#2071,.F.);
#3013=ORIENTED_EDGE('',*,*,#2072,.T.);
#3014=ORIENTED_EDGE('',*,*,#2073,.F.);
#3015=ORIENTED_EDGE('',*,*,#2074,.F.);
#3016=ORIENTED_EDGE('',*,*,#2067,.F.);
#3017=ORIENTED_EDGE('',*,*,#2075,.F.);
#3018=ORIENTED_EDGE('',*,*,#2061,.T.);
#3019=ORIENTED_EDGE('',*,*,#2076,.F.);
#3020=ORIENTED_EDGE('',*,*,#2072,.F.);
#3021=ORIENTED_EDGE('',*,*,#2060,.T.);
#3022=ORIENTED_EDGE('',*,*,#2056,.F.);
#3023=ORIENTED_EDGE('',*,*,#2077,.F.);
#3024=ORIENTED_EDGE('',*,*,#2073,.T.);
#3025=ORIENTED_EDGE('',*,*,#2076,.T.);
#3026=ORIENTED_EDGE('',*,*,#2059,.F.);
#3027=ORIENTED_EDGE('',*,*,#2078,.T.);
#3028=ORIENTED_EDGE('',*,*,#2079,.F.);
#3029=ORIENTED_EDGE('',*,*,#2080,.F.);
#3030=ORIENTED_EDGE('',*,*,#2081,.F.);
#3031=ORIENTED_EDGE('',*,*,#2068,.F.);
#3032=ORIENTED_EDGE('',*,*,#2074,.T.);
#3033=ORIENTED_EDGE('',*,*,#2077,.T.);
#3034=ORIENTED_EDGE('',*,*,#2082,.T.);
#3035=ORIENTED_EDGE('',*,*,#2065,.F.);
#3036=ORIENTED_EDGE('',*,*,#2083,.F.);
#3037=ORIENTED_EDGE('',*,*,#2084,.F.);
#3038=ORIENTED_EDGE('',*,*,#2078,.F.);
#3039=ORIENTED_EDGE('',*,*,#2058,.F.);
#3040=ORIENTED_EDGE('',*,*,#2062,.T.);
#3041=ORIENTED_EDGE('',*,*,#2075,.T.);
#3042=ORIENTED_EDGE('',*,*,#2071,.T.);
#3043=ORIENTED_EDGE('',*,*,#2064,.F.);
#3044=ORIENTED_EDGE('',*,*,#2070,.T.);
#3045=ORIENTED_EDGE('',*,*,#2085,.F.);
#3046=ORIENTED_EDGE('',*,*,#2086,.F.);
#3047=ORIENTED_EDGE('',*,*,#2087,.F.);
#3048=ORIENTED_EDGE('',*,*,#2083,.T.);
#3049=ORIENTED_EDGE('',*,*,#2088,.T.);
#3050=ORIENTED_EDGE('',*,*,#2088,.F.);
#3051=ORIENTED_EDGE('',*,*,#2089,.T.);
#3052=ORIENTED_EDGE('',*,*,#2082,.F.);
#3053=ORIENTED_EDGE('',*,*,#2089,.F.);
#3054=ORIENTED_EDGE('',*,*,#2081,.T.);
#3055=ORIENTED_EDGE('',*,*,#2090,.T.);
#3056=ORIENTED_EDGE('',*,*,#2085,.T.);
#3057=ORIENTED_EDGE('',*,*,#2069,.T.);
#3058=ORIENTED_EDGE('',*,*,#2090,.F.);
#3059=ORIENTED_EDGE('',*,*,#2080,.T.);
#3060=ORIENTED_EDGE('',*,*,#2091,.F.);
#3061=ORIENTED_EDGE('',*,*,#2086,.T.);
#3062=ORIENTED_EDGE('',*,*,#2087,.T.);
#3063=ORIENTED_EDGE('',*,*,#2091,.T.);
#3064=ORIENTED_EDGE('',*,*,#2079,.T.);
#3065=ORIENTED_EDGE('',*,*,#2084,.T.);
#3066=PLANE('',#3356);
#3067=PLANE('',#3357);
#3068=PLANE('',#3358);
#3069=PLANE('',#3359);
#3070=PLANE('',#3360);
#3071=PLANE('',#3365);
#3072=PLANE('',#3366);
#3073=PLANE('',#3368);
#3074=PLANE('',#3369);
#3075=PLANE('',#3372);
#3076=PLANE('',#3386);
#3077=PLANE('',#3389);
#3078=PLANE('',#3390);
#3079=PLANE('',#3391);
#3080=PLANE('',#3392);
#3081=PLANE('',#3394);
#3082=PLANE('',#3395);
#3083=PLANE('',#3396);
#3084=PLANE('',#3397);
#3085=PLANE('',#3398);
#3086=PLANE('',#3399);
#3087=PLANE('',#3403);
#3088=PLANE('',#3408);
#3089=PLANE('',#3433);
#3090=PLANE('',#3438);
#3091=PLANE('',#3441);
#3092=PLANE('',#3442);
#3093=PLANE('',#3443);
#3094=PLANE('',#3467);
#3095=PLANE('',#3475);
#3096=PLANE('',#3499);
#3097=PLANE('',#3511);
#3098=PLANE('',#3527);
#3099=PLANE('',#3571);
#3100=PLANE('',#3580);
#3101=PLANE('',#3584);
#3102=PLANE('',#3599);
#3103=PLANE('',#3601);
#3104=PLANE('',#3604);
#3105=PLANE('',#3613);
#3106=PLANE('',#3618);
#3107=PLANE('',#3619);
#3108=PLANE('',#3620);
#3109=PLANE('',#3621);
#3110=PLANE('',#3622);
#3111=PLANE('',#3626);
#3112=PLANE('',#3646);
#3113=PLANE('',#3649);
#3114=PLANE('',#3650);
#3115=PLANE('',#3652);
#3116=PLANE('',#3654);
#3117=PLANE('',#3656);
#3118=PLANE('',#3660);
#3119=PLANE('',#3682);
#3120=PLANE('',#3684);
#3121=PLANE('',#3687);
#3122=PLANE('',#3689);
#3123=PLANE('',#3696);
#3124=PLANE('',#3697);
#3125=PLANE('',#3701);
#3126=PLANE('',#3703);
#3127=PLANE('',#3706);
#3128=PLANE('',#3710);
#3129=PLANE('',#3711);
#3130=PLANE('',#3712);
#3131=PLANE('',#3713);
#3132=PLANE('',#3714);
#3133=PLANE('',#3715);
#3134=PLANE('',#3725);
#3135=PLANE('',#3726);
#3136=PLANE('',#3734);
#3137=PLANE('',#3738);
#3138=PLANE('',#3739);
#3139=PLANE('',#3740);
#3140=PLANE('',#3741);
#3141=PLANE('',#3742);
#3142=PLANE('',#3746);
#3143=PLANE('',#3747);
#3144=PLANE('',#3753);
#3145=ADVANCED_FACE('',(#386),#3066,.F.);
#3146=ADVANCED_FACE('',(#387),#3067,.F.);
#3147=ADVANCED_FACE('',(#388),#3068,.F.);
#3148=ADVANCED_FACE('',(#389),#3069,.F.);
#3149=ADVANCED_FACE('',(#390),#3070,.T.);
#3150=ADVANCED_FACE('',(#391),#91,.F.);
#3151=ADVANCED_FACE('',(#392),#3071,.F.);
#3152=ADVANCED_FACE('',(#393),#3072,.F.);
#3153=ADVANCED_FACE('',(#394),#92,.F.);
#3154=ADVANCED_FACE('',(#395),#3073,.F.);
#3155=ADVANCED_FACE('',(#396),#3074,.F.);
#3156=ADVANCED_FACE('',(#397),#93,.F.);
#3157=ADVANCED_FACE('',(#398),#94,.F.);
#3158=ADVANCED_FACE('',(#399),#3075,.T.);
#3159=ADVANCED_FACE('',(#400),#95,.F.);
#3160=ADVANCED_FACE('',(#401),#96,.T.);
#3161=ADVANCED_FACE('',(#402),#3076,.T.);
#3162=ADVANCED_FACE('',(#403),#3077,.T.);
#3163=ADVANCED_FACE('',(#404),#3078,.T.);
#3164=ADVANCED_FACE('',(#405),#3079,.T.);
#3165=ADVANCED_FACE('',(#406),#3080,.T.);
#3166=ADVANCED_FACE('',(#407),#3081,.F.);
#3167=ADVANCED_FACE('',(#408),#3082,.T.);
#3168=ADVANCED_FACE('',(#409),#3083,.T.);
#3169=ADVANCED_FACE('',(#410),#3084,.T.);
#3170=ADVANCED_FACE('',(#411),#3085,.T.);
#3171=ADVANCED_FACE('',(#412),#3086,.F.);
#3172=ADVANCED_FACE('',(#413),#97,.F.);
#3173=ADVANCED_FACE('',(#414),#3087,.F.);
#3174=ADVANCED_FACE('',(#415),#98,.T.);
#3175=ADVANCED_FACE('',(#416),#99,.T.);
#3176=ADVANCED_FACE('',(#417),#3088,.T.);
#3177=ADVANCED_FACE('',(#418),#100,.T.);
#3178=ADVANCED_FACE('',(#419),#65,.T.);
#3179=ADVANCED_FACE('',(#420),#66,.T.);
#3180=ADVANCED_FACE('',(#421),#67,.T.);
#3181=ADVANCED_FACE('',(#422),#101,.T.);
#3182=ADVANCED_FACE('',(#423),#68,.T.);
#3183=ADVANCED_FACE('',(#424),#56,.T.);
#3184=ADVANCED_FACE('',(#425),#102,.T.);
#3185=ADVANCED_FACE('',(#426),#103,.T.);
#3186=ADVANCED_FACE('',(#427),#57,.T.);
#3187=ADVANCED_FACE('',(#428),#104,.T.);
#3188=ADVANCED_FACE('',(#429,#41),#3089,.F.);
#3189=ADVANCED_FACE('',(#430),#105,.F.);
#3190=ADVANCED_FACE('',(#431,#42),#3090,.T.);
#3191=ADVANCED_FACE('',(#432),#106,.T.);
#3192=ADVANCED_FACE('',(#433,#43),#3091,.F.);
#3193=ADVANCED_FACE('',(#434),#3092,.T.);
#3194=ADVANCED_FACE('',(#435),#3093,.F.);
#3195=ADVANCED_FACE('',(#436),#107,.T.);
#3196=ADVANCED_FACE('',(#437),#108,.T.);
#3197=ADVANCED_FACE('',(#438),#109,.T.);
#3198=ADVANCED_FACE('',(#439),#110,.T.);
#3199=ADVANCED_FACE('',(#440),#3094,.T.);
#3200=ADVANCED_FACE('',(#441),#111,.T.);
#3201=ADVANCED_FACE('',(#442),#112,.T.);
#3202=ADVANCED_FACE('',(#443),#113,.T.);
#3203=ADVANCED_FACE('',(#444),#3095,.F.);
#3204=ADVANCED_FACE('',(#445),#114,.T.);
#3205=ADVANCED_FACE('',(#446),#115,.T.);
#3206=ADVANCED_FACE('',(#447),#116,.T.);
#3207=ADVANCED_FACE('',(#448),#117,.T.);
#3208=ADVANCED_FACE('',(#449),#3096,.T.);
#3209=ADVANCED_FACE('',(#450),#118,.T.);
#3210=ADVANCED_FACE('',(#451),#119,.T.);
#3211=ADVANCED_FACE('',(#452),#120,.T.);
#3212=ADVANCED_FACE('',(#453),#121,.T.);
#3213=ADVANCED_FACE('',(#454),#122,.T.);
#3214=ADVANCED_FACE('',(#455),#3097,.T.);
#3215=ADVANCED_FACE('',(#456),#69,.T.);
#3216=ADVANCED_FACE('',(#457),#58,.T.);
#3217=ADVANCED_FACE('',(#458),#70,.T.);
#3218=ADVANCED_FACE('',(#459,#44),#3098,.T.);
#3219=ADVANCED_FACE('',(#460),#59,.T.);
#3220=ADVANCED_FACE('',(#461),#123,.T.);
#3221=ADVANCED_FACE('',(#462),#71,.T.);
#3222=ADVANCED_FACE('',(#463),#60,.T.);
#3223=ADVANCED_FACE('',(#464),#72,.T.);
#3224=ADVANCED_FACE('',(#465),#124,.T.);
#3225=ADVANCED_FACE('',(#466),#125,.T.);
#3226=ADVANCED_FACE('',(#467),#126,.F.);
#3227=ADVANCED_FACE('',(#468),#127,.T.);
#3228=ADVANCED_FACE('',(#469),#128,.T.);
#3229=ADVANCED_FACE('',(#470),#61,.T.);
#3230=ADVANCED_FACE('',(#471),#129,.T.);
#3231=ADVANCED_FACE('',(#472),#130,.F.);
#3232=ADVANCED_FACE('',(#473),#131,.T.);
#3233=ADVANCED_FACE('',(#474,#45),#3099,.T.);
#3234=ADVANCED_FACE('',(#475),#132,.T.);
#3235=ADVANCED_FACE('',(#476),#3100,.T.);
#3236=ADVANCED_FACE('',(#477),#133,.T.);
#3237=ADVANCED_FACE('',(#478),#134,.T.);
#3238=ADVANCED_FACE('',(#479,#46),#3101,.F.);
#3239=ADVANCED_FACE('',(#480),#135,.F.);
#3240=ADVANCED_FACE('',(#481),#136,.T.);
#3241=ADVANCED_FACE('',(#482),#137,.F.);
#3242=ADVANCED_FACE('',(#483),#138,.T.);
#3243=ADVANCED_FACE('',(#484),#62,.T.);
#3244=ADVANCED_FACE('',(#485),#3102,.F.);
#3245=ADVANCED_FACE('',(#486),#3103,.F.);
#3246=ADVANCED_FACE('',(#487),#139,.F.);
#3247=ADVANCED_FACE('',(#488),#3104,.F.);
#3248=ADVANCED_FACE('',(#489),#140,.F.);
#3249=ADVANCED_FACE('',(#490),#141,.F.);
#3250=ADVANCED_FACE('',(#491),#142,.F.);
#3251=ADVANCED_FACE('',(#492),#143,.F.);
#3252=ADVANCED_FACE('',(#493),#3105,.F.);
#3253=ADVANCED_FACE('',(#494),#144,.F.);
#3254=ADVANCED_FACE('',(#495),#145,.F.);
#3255=ADVANCED_FACE('',(#496),#3106,.T.);
#3256=ADVANCED_FACE('',(#497),#3107,.T.);
#3257=ADVANCED_FACE('',(#498),#3108,.T.);
#3258=ADVANCED_FACE('',(#499),#3109,.T.);
#3259=ADVANCED_FACE('',(#500,#47),#3110,.F.);
#3260=ADVANCED_FACE('',(#501),#146,.T.);
#3261=ADVANCED_FACE('',(#502,#48),#3111,.F.);
#3262=ADVANCED_FACE('',(#503),#19,.F.);
#3263=ADVANCED_FACE('',(#504),#20,.F.);
#3264=ADVANCED_FACE('',(#505),#147,.T.);
#3265=ADVANCED_FACE('',(#506),#148,.T.);
#3266=ADVANCED_FACE('',(#507),#63,.T.);
#3267=ADVANCED_FACE('',(#508),#21,.F.);
#3268=ADVANCED_FACE('',(#509),#22,.F.);
#3269=ADVANCED_FACE('',(#510),#149,.T.);
#3270=ADVANCED_FACE('',(#511),#150,.T.);
#3271=ADVANCED_FACE('',(#512),#151,.T.);
#3272=ADVANCED_FACE('',(#513),#3112,.F.);
#3273=ADVANCED_FACE('',(#514),#3113,.F.);
#3274=ADVANCED_FACE('',(#515),#3114,.F.);
#3275=ADVANCED_FACE('',(#516),#3115,.F.);
#3276=ADVANCED_FACE('',(#517),#3116,.F.);
#3277=ADVANCED_FACE('',(#518),#3117,.F.);
#3278=ADVANCED_FACE('',(#519),#152,.T.);
#3279=ADVANCED_FACE('',(#520),#153,.T.);
#3280=ADVANCED_FACE('',(#521),#154,.T.);
#3281=ADVANCED_FACE('',(#522),#3118,.T.);
#3282=ADVANCED_FACE('',(#523),#155,.T.);
#3283=ADVANCED_FACE('',(#524),#15,.F.);
#3284=ADVANCED_FACE('',(#525),#156,.T.);
#3285=ADVANCED_FACE('',(#526),#16,.F.);
#3286=ADVANCED_FACE('',(#527),#157,.T.);
#3287=ADVANCED_FACE('',(#528),#64,.T.);
#3288=ADVANCED_FACE('',(#529),#17,.F.);
#3289=ADVANCED_FACE('',(#530),#158,.T.);
#3290=ADVANCED_FACE('',(#531),#18,.F.);
#3291=ADVANCED_FACE('',(#532),#159,.T.);
#3292=ADVANCED_FACE('',(#533),#160,.T.);
#3293=ADVANCED_FACE('',(#534,#49),#3119,.T.);
#3294=ADVANCED_FACE('',(#535),#3120,.T.);
#3295=ADVANCED_FACE('',(#536),#161,.T.);
#3296=ADVANCED_FACE('',(#537),#162,.T.);
#3297=ADVANCED_FACE('',(#538),#3121,.F.);
#3298=ADVANCED_FACE('',(#539),#163,.F.);
#3299=ADVANCED_FACE('',(#540),#3122,.T.);
#3300=ADVANCED_FACE('',(#541),#164,.F.);
#3301=ADVANCED_FACE('',(#542),#165,.T.);
#3302=ADVANCED_FACE('',(#543,#50),#3123,.T.);
#3303=ADVANCED_FACE('',(#544,#51),#3124,.F.);
#3304=ADVANCED_FACE('',(#545),#166,.T.);
#3305=ADVANCED_FACE('',(#546),#3125,.T.);
#3306=ADVANCED_FACE('',(#547),#3126,.F.);
#3307=ADVANCED_FACE('',(#548),#167,.F.);
#3308=ADVANCED_FACE('',(#549,#52),#3127,.T.);
#3309=ADVANCED_FACE('',(#550),#3128,.T.);
#3310=ADVANCED_FACE('',(#551),#3129,.T.);
#3311=ADVANCED_FACE('',(#552),#3130,.T.);
#3312=ADVANCED_FACE('',(#553),#3131,.T.);
#3313=ADVANCED_FACE('',(#554),#3132,.T.);
#3314=ADVANCED_FACE('',(#555,#53),#3133,.T.);
#3315=ADVANCED_FACE('',(#556),#168,.T.);
#3316=ADVANCED_FACE('',(#557),#169,.T.);
#3317=ADVANCED_FACE('',(#558),#170,.F.);
#3318=ADVANCED_FACE('',(#559),#13,.T.);
#3319=ADVANCED_FACE('',(#560),#3134,.T.);
#3320=ADVANCED_FACE('',(#561),#3135,.F.);
#3321=ADVANCED_FACE('',(#562),#14,.T.);
#3322=ADVANCED_FACE('',(#563),#171,.T.);
#3323=ADVANCED_FACE('',(#564),#172,.F.);
#3324=ADVANCED_FACE('',(#565),#3136,.T.);
#3325=ADVANCED_FACE('',(#566),#173,.T.);
#3326=ADVANCED_FACE('',(#567),#3137,.T.);
#3327=ADVANCED_FACE('',(#568),#3138,.F.);
#3328=ADVANCED_FACE('',(#569),#3139,.T.);
#3329=ADVANCED_FACE('',(#570),#3140,.T.);
#3330=ADVANCED_FACE('',(#571,#54),#3141,.T.);
#3331=ADVANCED_FACE('',(#572),#3142,.T.);
#3332=ADVANCED_FACE('',(#573,#55),#3143,.T.);
#3333=ADVANCED_FACE('',(#574),#174,.F.);
#3334=ADVANCED_FACE('',(#575),#175,.T.);
#3335=ADVANCED_FACE('',(#576),#3144,.T.);
#3336=ADVANCED_FACE('',(#577),#176,.T.);
#3337=CLOSED_SHELL('',(#3145,#3146,#3147,#3148,#3149,#3150,#3151,#3152,
#3153,#3154,#3155,#3156,#3157,#3158,#3159,#3160,#3161,#3162,#3163,#3164,
#3165,#3166,#3167,#3168,#3169,#3170,#3171,#3172,#3173,#3174,#3175,#3176,
#3177,#3178,#3179,#3180,#3181,#3182,#3183,#3184,#3185,#3186,#3187,#3188,
#3189,#3190,#3191,#3192,#3193));
#3338=CLOSED_SHELL('',(#3194,#3195,#3196,#3197,#3198,#3199,#3200,#3201,
#3202,#3203,#3204,#3205,#3206,#3207,#3208,#3209,#3210,#3211,#3212,#3213,
#3214,#3215,#3216,#3217,#3218,#3219,#3220,#3221,#3222,#3223,#3224,#3225,
#3226,#3227,#3228,#3229,#3230,#3231,#3232,#3233,#3234,#3235,#3236,#3237,
#3238,#3239,#3240,#3241,#3242,#3243,#3244,#3245,#3246,#3247,#3248,#3249,
#3250,#3251,#3252,#3253,#3254,#3255,#3256,#3257,#3258,#3259,#3260,#3261,
#3262,#3263,#3264,#3265,#3266,#3267,#3268,#3269,#3270,#3271,#3272,#3273,
#3274,#3275,#3276,#3277,#3278,#3279,#3280,#3281,#3282,#3283,#3284,#3285,
#3286,#3287,#3288,#3289,#3290,#3291,#3292,#3293,#3294,#3295,#3296,#3297,
#3298,#3299));
#3339=CLOSED_SHELL('',(#3300,#3301,#3302,#3303));
#3340=CLOSED_SHELL('',(#3304,#3305,#3306,#3307,#3308,#3309,#3310,#3311,
#3312,#3313,#3314,#3315,#3316,#3317));
#3341=CLOSED_SHELL('',(#3318,#3319,#3320,#3321,#3322));
#3342=CLOSED_SHELL('',(#3323,#3324,#3325,#3326,#3327,#3328,#3329,#3330,
#3331,#3332,#3333,#3334,#3335,#3336));
#3343=DERIVED_UNIT_ELEMENT(#3345,1.);
#3344=DERIVED_UNIT_ELEMENT(#6116,-3.);
#3345=(
MASS_UNIT()
NAMED_UNIT(*)
SI_UNIT(.KILO.,.GRAM.)
);
#3346=DERIVED_UNIT((#3343,#3344));
#3347=MEASURE_REPRESENTATION_ITEM('density measure',
POSITIVE_RATIO_MEASURE(1000.),#3346);
#3348=PROPERTY_DEFINITION_REPRESENTATION(#3353,#3350);
#3349=PROPERTY_DEFINITION_REPRESENTATION(#3354,#3351);
#3350=REPRESENTATION('material name',(#3352),#6113);
#3351=REPRESENTATION('density',(#3347),#6113);
#3352=DESCRIPTIVE_REPRESENTATION_ITEM('Generic','Generic');
#3353=PROPERTY_DEFINITION('material property','material name',#6123);
#3354=PROPERTY_DEFINITION('material property','density of part',#6123);
#3355=AXIS2_PLACEMENT_3D('',#4809,#3755,#3756);
#3356=AXIS2_PLACEMENT_3D('',#4810,#3757,#3758);
#3357=AXIS2_PLACEMENT_3D('',#4819,#3763,#3764);
#3358=AXIS2_PLACEMENT_3D('',#4825,#3768,#3769);
#3359=AXIS2_PLACEMENT_3D('',#4831,#3773,#3774);
#3360=AXIS2_PLACEMENT_3D('',#4841,#3780,#3781);
#3361=AXIS2_PLACEMENT_3D('',#4845,#3783,#3784);
#3362=AXIS2_PLACEMENT_3D('',#4847,#3785,#3786);
#3363=AXIS2_PLACEMENT_3D('',#4850,#3788,#3789);
#3364=AXIS2_PLACEMENT_3D('',#4851,#3790,#3791);
#3365=AXIS2_PLACEMENT_3D('',#4894,#3794,#3795);
#3366=AXIS2_PLACEMENT_3D('',#4900,#3799,#3800);
#3367=AXIS2_PLACEMENT_3D('',#4909,#3805,#3806);
#3368=AXIS2_PLACEMENT_3D('',#4949,#3808,#3809);
#3369=AXIS2_PLACEMENT_3D('',#4955,#3813,#3814);
#3370=AXIS2_PLACEMENT_3D('',#4964,#3819,#3820);
#3371=AXIS2_PLACEMENT_3D('',#5004,#3822,#3823);
#3372=AXIS2_PLACEMENT_3D('',#5044,#3825,#3826);
#3373=AXIS2_PLACEMENT_3D('',#5046,#3827,#3828);
#3374=AXIS2_PLACEMENT_3D('',#5049,#3830,#3831);
#3375=AXIS2_PLACEMENT_3D('',#5051,#3832,#3833);
#3376=AXIS2_PLACEMENT_3D('',#5053,#3834,#3835);
#3377=AXIS2_PLACEMENT_3D('',#5057,#3837,#3838);
#3378=AXIS2_PLACEMENT_3D('',#5058,#3839,#3840);
#3379=AXIS2_PLACEMENT_3D('',#5059,#3841,#3842);
#3380=AXIS2_PLACEMENT_3D('',#5063,#3844,#3845);
#3381=AXIS2_PLACEMENT_3D('',#5065,#3847,#3848);
#3382=AXIS2_PLACEMENT_3D('',#5067,#3849,#3850);
#3383=AXIS2_PLACEMENT_3D('',#5069,#3852,#3853);
#3384=AXIS2_PLACEMENT_3D('',#5073,#3855,#3856);
#3385=AXIS2_PLACEMENT_3D('',#5078,#3859,#3860);
#3386=AXIS2_PLACEMENT_3D('',#5080,#3862,#3863);
#3387=AXIS2_PLACEMENT_3D('',#5082,#3864,#3865);
#3388=AXIS2_PLACEMENT_3D('',#5084,#3866,#3867);
#3389=AXIS2_PLACEMENT_3D('',#5086,#3869,#3870);
#3390=AXIS2_PLACEMENT_3D('',#5094,#3875,#3876);
#3391=AXIS2_PLACEMENT_3D('',#5100,#3880,#3881);
#3392=AXIS2_PLACEMENT_3D('',#5105,#3885,#3886);
#3393=AXIS2_PLACEMENT_3D('',#5106,#3887,#3888);
#3394=AXIS2_PLACEMENT_3D('',#5107,#3889,#3890);
#3395=AXIS2_PLACEMENT_3D('',#5108,#3891,#3892);
#3396=AXIS2_PLACEMENT_3D('',#5117,#3897,#3898);
#3397=AXIS2_PLACEMENT_3D('',#5122,#3902,#3903);
#3398=AXIS2_PLACEMENT_3D('',#5127,#3907,#3908);
#3399=AXIS2_PLACEMENT_3D('',#5128,#3909,#3910);
#3400=AXIS2_PLACEMENT_3D('',#5129,#3911,#3912);
#3401=AXIS2_PLACEMENT_3D('',#5130,#3913,#3914);
#3402=AXIS2_PLACEMENT_3D('',#5133,#3916,#3917);
#3403=AXIS2_PLACEMENT_3D('',#5134,#3918,#3919);
#3404=AXIS2_PLACEMENT_3D('',#5136,#3921,#3922);
#3405=AXIS2_PLACEMENT_3D('',#5140,#3924,#3925);
#3406=AXIS2_PLACEMENT_3D('',#5142,#3927,#3928);
#3407=AXIS2_PLACEMENT_3D('',#5145,#3930,#3931);
#3408=AXIS2_PLACEMENT_3D('',#5146,#3932,#3933);
#3409=AXIS2_PLACEMENT_3D('',#5150,#3936,#3937);
#3410=AXIS2_PLACEMENT_3D('',#5151,#3938,#3939);
#3411=AXIS2_PLACEMENT_3D('',#5152,#3940,#3941);
#3412=AXIS2_PLACEMENT_3D('',#5154,#3942,#3943);
#3413=AXIS2_PLACEMENT_3D('',#5156,#3944,#3945);
#3414=AXIS2_PLACEMENT_3D('',#5157,#3946,#3947);
#3415=AXIS2_PLACEMENT_3D('',#5158,#3948,#3949);
#3416=AXIS2_PLACEMENT_3D('',#5160,#3950,#3951);
#3417=AXIS2_PLACEMENT_3D('',#5161,#3952,#3953);
#3418=AXIS2_PLACEMENT_3D('',#5162,#3954,#3955);
#3419=AXIS2_PLACEMENT_3D('',#5164,#3956,#3957);
#3420=AXIS2_PLACEMENT_3D('',#5166,#3958,#3959);
#3421=AXIS2_PLACEMENT_3D('',#5167,#3960,#3961);
#3422=AXIS2_PLACEMENT_3D('',#5168,#3962,#3963);
#3423=AXIS2_PLACEMENT_3D('',#5171,#3966,#3967);
#3424=AXIS2_PLACEMENT_3D('',#5173,#3968,#3969);
#3425=AXIS2_PLACEMENT_3D('',#5174,#3970,#3971);
#3426=AXIS2_PLACEMENT_3D('',#5175,#3972,#3973);
#3427=AXIS2_PLACEMENT_3D('',#5176,#3974,#3975);
#3428=AXIS2_PLACEMENT_3D('',#5177,#3976,#3977);
#3429=AXIS2_PLACEMENT_3D('',#5179,#3979,#3980);
#3430=AXIS2_PLACEMENT_3D('',#5181,#3982,#3983);
#3431=AXIS2_PLACEMENT_3D('',#5182,#3984,#3985);
#3432=AXIS2_PLACEMENT_3D('',#5183,#3986,#3987);
#3433=AXIS2_PLACEMENT_3D('',#5185,#3989,#3990);
#3434=AXIS2_PLACEMENT_3D('',#5187,#3991,#3992);
#3435=AXIS2_PLACEMENT_3D('',#5188,#3993,#3994);
#3436=AXIS2_PLACEMENT_3D('',#5190,#3995,#3996);
#3437=AXIS2_PLACEMENT_3D('',#5193,#3998,#3999);
#3438=AXIS2_PLACEMENT_3D('',#5194,#4000,#4001);
#3439=AXIS2_PLACEMENT_3D('',#5195,#4002,#4003);
#3440=AXIS2_PLACEMENT_3D('',#5197,#4004,#4005);
#3441=AXIS2_PLACEMENT_3D('',#5199,#4007,#4008);
#3442=AXIS2_PLACEMENT_3D('',#5200,#4009,#4010);
#3443=AXIS2_PLACEMENT_3D('',#5201,#4011,#4012);
#3444=AXIS2_PLACEMENT_3D('',#5204,#4013,#4014);
#3445=AXIS2_PLACEMENT_3D('',#5206,#4015,#4016);
#3446=AXIS2_PLACEMENT_3D('',#5208,#4017,#4018);
#3447=AXIS2_PLACEMENT_3D('',#5212,#4020,#4021);
#3448=AXIS2_PLACEMENT_3D('',#5214,#4022,#4023);
#3449=AXIS2_PLACEMENT_3D('',#5216,#4024,#4025);
#3450=AXIS2_PLACEMENT_3D('',#5218,#4026,#4027);
#3451=AXIS2_PLACEMENT_3D('',#5220,#4028,#4029);
#3452=AXIS2_PLACEMENT_3D('',#5222,#4030,#4031);
#3453=AXIS2_PLACEMENT_3D('',#5224,#4032,#4033);
#3454=AXIS2_PLACEMENT_3D('',#5228,#4035,#4036);
#3455=AXIS2_PLACEMENT_3D('',#5230,#4037,#4038);
#3456=AXIS2_PLACEMENT_3D('',#5232,#4039,#4040);
#3457=AXIS2_PLACEMENT_3D('',#5233,#4041,#4042);
#3458=AXIS2_PLACEMENT_3D('',#5234,#4043,#4044);
#3459=AXIS2_PLACEMENT_3D('',#5238,#4046,#4047);
#3460=AXIS2_PLACEMENT_3D('',#5240,#4049,#4050);
#3461=AXIS2_PLACEMENT_3D('',#5244,#4052,#4053);
#3462=AXIS2_PLACEMENT_3D('',#5247,#4055,#4056);
#3463=AXIS2_PLACEMENT_3D('',#5248,#4057,#4058);
#3464=AXIS2_PLACEMENT_3D('',#5251,#4060,#4061);
#3465=AXIS2_PLACEMENT_3D('',#5252,#4062,#4063);
#3466=AXIS2_PLACEMENT_3D('',#5255,#4065,#4066);
#3467=AXIS2_PLACEMENT_3D('',#5256,#4067,#4068);
#3468=AXIS2_PLACEMENT_3D('',#5260,#4071,#4072);
#3469=AXIS2_PLACEMENT_3D('',#5263,#4074,#4075);
#3470=AXIS2_PLACEMENT_3D('',#5264,#4076,#4077);
#3471=AXIS2_PLACEMENT_3D('',#5267,#4079,#4080);
#3472=AXIS2_PLACEMENT_3D('',#5268,#4081,#4082);
#3473=AXIS2_PLACEMENT_3D('',#5272,#4084,#4085);
#3474=AXIS2_PLACEMENT_3D('',#5275,#4087,#4088);
#3475=AXIS2_PLACEMENT_3D('',#5276,#4089,#4090);
#3476=AXIS2_PLACEMENT_3D('',#5279,#4091,#4092);
#3477=AXIS2_PLACEMENT_3D('',#5281,#4093,#4094);
#3478=AXIS2_PLACEMENT_3D('',#5283,#4095,#4096);
#3479=AXIS2_PLACEMENT_3D('',#5287,#4098,#4099);
#3480=AXIS2_PLACEMENT_3D('',#5289,#4100,#4101);
#3481=AXIS2_PLACEMENT_3D('',#5291,#4102,#4103);
#3482=AXIS2_PLACEMENT_3D('',#5293,#4104,#4105);
#3483=AXIS2_PLACEMENT_3D('',#5295,#4106,#4107);
#3484=AXIS2_PLACEMENT_3D('',#5297,#4108,#4109);
#3485=AXIS2_PLACEMENT_3D('',#5299,#4110,#4111);
#3486=AXIS2_PLACEMENT_3D('',#5303,#4113,#4114);
#3487=AXIS2_PLACEMENT_3D('',#5305,#4115,#4116);
#3488=AXIS2_PLACEMENT_3D('',#5307,#4117,#4118);
#3489=AXIS2_PLACEMENT_3D('',#5308,#4119,#4120);
#3490=AXIS2_PLACEMENT_3D('',#5309,#4121,#4122);
#3491=AXIS2_PLACEMENT_3D('',#5313,#4124,#4125);
#3492=AXIS2_PLACEMENT_3D('',#5315,#4127,#4128);
#3493=AXIS2_PLACEMENT_3D('',#5319,#4130,#4131);
#3494=AXIS2_PLACEMENT_3D('',#5322,#4133,#4134);
#3495=AXIS2_PLACEMENT_3D('',#5323,#4135,#4136);
#3496=AXIS2_PLACEMENT_3D('',#5326,#4138,#4139);
#3497=AXIS2_PLACEMENT_3D('',#5327,#4140,#4141);
#3498=AXIS2_PLACEMENT_3D('',#5330,#4143,#4144);
#3499=AXIS2_PLACEMENT_3D('',#5331,#4145,#4146);
#3500=AXIS2_PLACEMENT_3D('',#5335,#4149,#4150);
#3501=AXIS2_PLACEMENT_3D('',#5338,#4152,#4153);
#3502=AXIS2_PLACEMENT_3D('',#5339,#4154,#4155);
#3503=AXIS2_PLACEMENT_3D('',#5342,#4157,#4158);
#3504=AXIS2_PLACEMENT_3D('',#5343,#4159,#4160);
#3505=AXIS2_PLACEMENT_3D('',#5347,#4162,#4163);
#3506=AXIS2_PLACEMENT_3D('',#5349,#4165,#4166);
#3507=AXIS2_PLACEMENT_3D('',#5352,#4168,#4169);
#3508=AXIS2_PLACEMENT_3D('',#5353,#4170,#4171);
#3509=AXIS2_PLACEMENT_3D('',#5355,#4172,#4173);
#3510=AXIS2_PLACEMENT_3D('',#5358,#4175,#4176);
#3511=AXIS2_PLACEMENT_3D('',#5359,#4177,#4178);
#3512=AXIS2_PLACEMENT_3D('',#5361,#4179,#4180);
#3513=AXIS2_PLACEMENT_3D('',#5363,#4181,#4182);
#3514=AXIS2_PLACEMENT_3D('',#5364,#4183,#4184);
#3515=AXIS2_PLACEMENT_3D('',#5365,#4185,#4186);
#3516=AXIS2_PLACEMENT_3D('',#5366,#4187,#4188);
#3517=AXIS2_PLACEMENT_3D('',#5369,#4189,#4190);
#3518=AXIS2_PLACEMENT_3D('',#5371,#4191,#4192);
#3519=AXIS2_PLACEMENT_3D('',#5372,#4193,#4194);
#3520=AXIS2_PLACEMENT_3D('',#5373,#4195,#4196);
#3521=AXIS2_PLACEMENT_3D('',#5376,#4197,#4198);
#3522=AXIS2_PLACEMENT_3D('',#5377,#4199,#4200);
#3523=AXIS2_PLACEMENT_3D('',#5378,#4201,#4202);
#3524=AXIS2_PLACEMENT_3D('',#5379,#4203,#4204);
#3525=AXIS2_PLACEMENT_3D('',#5381,#4205,#4206);
#3526=AXIS2_PLACEMENT_3D('',#5382,#4207,#4208);
#3527=AXIS2_PLACEMENT_3D('',#5383,#4209,#4210);
#3528=AXIS2_PLACEMENT_3D('',#5385,#4211,#4212);
#3529=AXIS2_PLACEMENT_3D('',#5387,#4213,#4214);
#3530=AXIS2_PLACEMENT_3D('',#5391,#4216,#4217);
#3531=AXIS2_PLACEMENT_3D('',#5393,#4218,#4219);
#3532=AXIS2_PLACEMENT_3D('',#5395,#4220,#4221);
#3533=AXIS2_PLACEMENT_3D('',#5397,#4222,#4223);
#3534=AXIS2_PLACEMENT_3D('',#5408,#4229,#4230);
#3535=AXIS2_PLACEMENT_3D('',#5413,#4232,#4233);
#3536=AXIS2_PLACEMENT_3D('',#5415,#4234,#4235);
#3537=AXIS2_PLACEMENT_3D('',#5416,#4236,#4237);
#3538=AXIS2_PLACEMENT_3D('',#5417,#4238,#4239);
#3539=AXIS2_PLACEMENT_3D('',#5419,#4240,#4241);
#3540=AXIS2_PLACEMENT_3D('',#5420,#4242,#4243);
#3541=AXIS2_PLACEMENT_3D('',#5421,#4244,#4245);
#3542=AXIS2_PLACEMENT_3D('',#5425,#4248,#4249);
#3543=AXIS2_PLACEMENT_3D('',#5426,#4250,#4251);
#3544=AXIS2_PLACEMENT_3D('',#5442,#4252,#4253);
#3545=AXIS2_PLACEMENT_3D('',#5443,#4254,#4255);
#3546=AXIS2_PLACEMENT_3D('',#5444,#4256,#4257);
#3547=AXIS2_PLACEMENT_3D('',#5447,#4258,#4259);
#3548=AXIS2_PLACEMENT_3D('',#5448,#4260,#4261);
#3549=AXIS2_PLACEMENT_3D('',#5449,#4262,#4263);
#3550=AXIS2_PLACEMENT_3D('',#5450,#4264,#4265);
#3551=AXIS2_PLACEMENT_3D('',#5451,#4266,#4267);
#3552=AXIS2_PLACEMENT_3D('',#5465,#4268,#4269);
#3553=AXIS2_PLACEMENT_3D('',#5466,#4270,#4271);
#3554=AXIS2_PLACEMENT_3D('',#5479,#4272,#4273);
#3555=AXIS2_PLACEMENT_3D('',#5480,#4274,#4275);
#3556=AXIS2_PLACEMENT_3D('',#5481,#4276,#4277);
#3557=AXIS2_PLACEMENT_3D('',#5482,#4278,#4279);
#3558=AXIS2_PLACEMENT_3D('',#5485,#4281,#4282);
#3559=AXIS2_PLACEMENT_3D('',#5486,#4283,#4284);
#3560=AXIS2_PLACEMENT_3D('',#5487,#4285,#4286);
#3561=AXIS2_PLACEMENT_3D('',#5489,#4288,#4289);
#3562=AXIS2_PLACEMENT_3D('',#5491,#4290,#4291);
#3563=AXIS2_PLACEMENT_3D('',#5500,#4293,#4294);
#3564=AXIS2_PLACEMENT_3D('',#5502,#4296,#4297);
#3565=AXIS2_PLACEMENT_3D('',#5503,#4298,#4299);
#3566=AXIS2_PLACEMENT_3D('',#5504,#4300,#4301);
#3567=AXIS2_PLACEMENT_3D('',#5508,#4303,#4304);
#3568=AXIS2_PLACEMENT_3D('',#5511,#4307,#4308);
#3569=AXIS2_PLACEMENT_3D('',#5515,#4311,#4312);
#3570=AXIS2_PLACEMENT_3D('',#5518,#4314,#4315);
#3571=AXIS2_PLACEMENT_3D('',#5519,#4316,#4317);
#3572=AXIS2_PLACEMENT_3D('',#5520,#4318,#4319);
#3573=AXIS2_PLACEMENT_3D('',#5523,#4320,#4321);
#3574=AXIS2_PLACEMENT_3D('',#5527,#4323,#4324);
#3575=AXIS2_PLACEMENT_3D('',#5529,#4325,#4326);
#3576=AXIS2_PLACEMENT_3D('',#5531,#4327,#4328);
#3577=AXIS2_PLACEMENT_3D('',#5535,#4330,#4331);
#3578=AXIS2_PLACEMENT_3D('',#5536,#4332,#4333);
#3579=AXIS2_PLACEMENT_3D('',#5537,#4334,#4335);
#3580=AXIS2_PLACEMENT_3D('',#5538,#4336,#4337);
#3581=AXIS2_PLACEMENT_3D('',#5539,#4338,#4339);
#3582=AXIS2_PLACEMENT_3D('',#5552,#4340,#4341);
#3583=AXIS2_PLACEMENT_3D('',#5557,#4344,#4345);
#3584=AXIS2_PLACEMENT_3D('',#5558,#4346,#4347);
#3585=AXIS2_PLACEMENT_3D('',#5560,#4348,#4349);
#3586=AXIS2_PLACEMENT_3D('',#5572,#4355,#4356);
#3587=AXIS2_PLACEMENT_3D('',#5574,#4357,#4358);
#3588=AXIS2_PLACEMENT_3D('',#5576,#4359,#4360);
#3589=AXIS2_PLACEMENT_3D('',#5579,#4362,#4363);
#3590=AXIS2_PLACEMENT_3D('',#5583,#4365,#4366);
#3591=AXIS2_PLACEMENT_3D('',#5584,#4367,#4368);
#3592=AXIS2_PLACEMENT_3D('',#5588,#4370,#4371);
#3593=AXIS2_PLACEMENT_3D('',#5597,#4373,#4374);
#3594=AXIS2_PLACEMENT_3D('',#5600,#4377,#4378);
#3595=AXIS2_PLACEMENT_3D('',#5602,#4380,#4381);
#3596=AXIS2_PLACEMENT_3D('',#5604,#4382,#4383);
#3597=AXIS2_PLACEMENT_3D('',#5606,#4385,#4386);
#3598=AXIS2_PLACEMENT_3D('',#5607,#4387,#4388);
#3599=AXIS2_PLACEMENT_3D('',#5608,#4389,#4390);
#3600=AXIS2_PLACEMENT_3D('',#5615,#4394,#4395);
#3601=AXIS2_PLACEMENT_3D('',#5616,#4396,#4397);
#3602=AXIS2_PLACEMENT_3D('',#5622,#4401,#4402);
#3603=AXIS2_PLACEMENT_3D('',#5623,#4403,#4404);
#3604=AXIS2_PLACEMENT_3D('',#5624,#4405,#4406);
#3605=AXIS2_PLACEMENT_3D('',#5631,#4411,#4412);
#3606=AXIS2_PLACEMENT_3D('',#5633,#4414,#4415);
#3607=AXIS2_PLACEMENT_3D('',#5643,#4417,#4418);
#3608=AXIS2_PLACEMENT_3D('',#5644,#4419,#4420);
#3609=AXIS2_PLACEMENT_3D('',#5647,#4422,#4423);
#3610=AXIS2_PLACEMENT_3D('',#5648,#4424,#4425);
#3611=AXIS2_PLACEMENT_3D('',#5650,#4426,#4427);
#3612=AXIS2_PLACEMENT_3D('',#5652,#4428,#4429);
#3613=AXIS2_PLACEMENT_3D('',#5654,#4431,#4432);
#3614=AXIS2_PLACEMENT_3D('',#5655,#4433,#4434);
#3615=AXIS2_PLACEMENT_3D('',#5658,#4436,#4437);
#3616=AXIS2_PLACEMENT_3D('',#5659,#4438,#4439);
#3617=AXIS2_PLACEMENT_3D('',#5662,#4441,#4442);
#3618=AXIS2_PLACEMENT_3D('',#5663,#4443,#4444);
#3619=AXIS2_PLACEMENT_3D('',#5667,#4447,#4448);
#3620=AXIS2_PLACEMENT_3D('',#5669,#4450,#4451);
#3621=AXIS2_PLACEMENT_3D('',#5671,#4453,#4454);
#3622=AXIS2_PLACEMENT_3D('',#5672,#4455,#4456);
#3623=AXIS2_PLACEMENT_3D('',#5674,#4457,#4458);
#3624=AXIS2_PLACEMENT_3D('',#5675,#4459,#4460);
#3625=AXIS2_PLACEMENT_3D('',#5677,#4461,#4462);
#3626=AXIS2_PLACEMENT_3D('',#5679,#4464,#4465);
#3627=AXIS2_PLACEMENT_3D('',#5681,#4466,#4467);
#3628=AXIS2_PLACEMENT_3D('',#5703,#4468,#4469);
#3629=AXIS2_PLACEMENT_3D('',#5710,#4470,#4471);
#3630=AXIS2_PLACEMENT_3D('',#5736,#4472,#4473);
#3631=AXIS2_PLACEMENT_3D('',#5737,#4474,#4475);
#3632=AXIS2_PLACEMENT_3D('',#5738,#4476,#4477);
#3633=AXIS2_PLACEMENT_3D('',#5742,#4479,#4480);
#3634=AXIS2_PLACEMENT_3D('',#5744,#4482,#4483);
#3635=AXIS2_PLACEMENT_3D('',#5747,#4485,#4486);
#3636=AXIS2_PLACEMENT_3D('',#5748,#4487,#4488);
#3637=AXIS2_PLACEMENT_3D('',#5749,#4489,#4490);
#3638=AXIS2_PLACEMENT_3D('',#5775,#4491,#4492);
#3639=AXIS2_PLACEMENT_3D('',#5797,#4493,#4494);
#3640=AXIS2_PLACEMENT_3D('',#5798,#4495,#4496);
#3641=AXIS2_PLACEMENT_3D('',#5799,#4497,#4498);
#3642=AXIS2_PLACEMENT_3D('',#5801,#4499,#4500);
#3643=AXIS2_PLACEMENT_3D('',#5803,#4502,#4503);
#3644=AXIS2_PLACEMENT_3D('',#5806,#4505,#4506);
#3645=AXIS2_PLACEMENT_3D('',#5807,#4507,#4508);
#3646=AXIS2_PLACEMENT_3D('',#5809,#4510,#4511);
#3647=AXIS2_PLACEMENT_3D('',#5817,#4515,#4516);
#3648=AXIS2_PLACEMENT_3D('',#5818,#4517,#4518);
#3649=AXIS2_PLACEMENT_3D('',#5819,#4519,#4520);
#3650=AXIS2_PLACEMENT_3D('',#5821,#4522,#4523);
#3651=AXIS2_PLACEMENT_3D('',#5824,#4525,#4526);
#3652=AXIS2_PLACEMENT_3D('',#5825,#4527,#4528);
#3653=AXIS2_PLACEMENT_3D('',#5832,#4532,#4533);
#3654=AXIS2_PLACEMENT_3D('',#5833,#4534,#4535);
#3655=AXIS2_PLACEMENT_3D('',#5837,#4538,#4539);
#3656=AXIS2_PLACEMENT_3D('',#5838,#4540,#4541);
#3657=AXIS2_PLACEMENT_3D('',#5839,#4542,#4543);
#3658=AXIS2_PLACEMENT_3D('',#5842,#4546,#4547);
#3659=AXIS2_PLACEMENT_3D('',#5843,#4548,#4549);
#3660=AXIS2_PLACEMENT_3D('',#5845,#4551,#4552);
#3661=AXIS2_PLACEMENT_3D('',#5847,#4554,#4555);
#3662=AXIS2_PLACEMENT_3D('',#5858,#4556,#4557);
#3663=AXIS2_PLACEMENT_3D('',#5859,#4558,#4559);
#3664=AXIS2_PLACEMENT_3D('',#5860,#4560,#4561);
#3665=AXIS2_PLACEMENT_3D('',#5862,#4562,#4563);
#3666=AXIS2_PLACEMENT_3D('',#5873,#4565,#4566);
#3667=AXIS2_PLACEMENT_3D('',#5874,#4567,#4568);
#3668=AXIS2_PLACEMENT_3D('',#5876,#4570,#4571);
#3669=AXIS2_PLACEMENT_3D('',#5879,#4572,#4573);
#3670=AXIS2_PLACEMENT_3D('',#5881,#4574,#4575);
#3671=AXIS2_PLACEMENT_3D('',#5883,#4576,#4577);
#3672=AXIS2_PLACEMENT_3D('',#5884,#4578,#4579);
#3673=AXIS2_PLACEMENT_3D('',#5896,#4580,#4581);
#3674=AXIS2_PLACEMENT_3D('',#5897,#4582,#4583);
#3675=AXIS2_PLACEMENT_3D('',#5898,#4584,#4585);
#3676=AXIS2_PLACEMENT_3D('',#5899,#4586,#4587);
#3677=AXIS2_PLACEMENT_3D('',#5902,#4588,#4589);
#3678=AXIS2_PLACEMENT_3D('',#5914,#4592,#4593);
#3679=AXIS2_PLACEMENT_3D('',#5915,#4594,#4595);
#3680=AXIS2_PLACEMENT_3D('',#5916,#4596,#4597);
#3681=AXIS2_PLACEMENT_3D('',#5919,#4600,#4601);
#3682=AXIS2_PLACEMENT_3D('',#5921,#4603,#4604);
#3683=AXIS2_PLACEMENT_3D('',#5923,#4605,#4606);
#3684=AXIS2_PLACEMENT_3D('',#5924,#4607,#4608);
#3685=AXIS2_PLACEMENT_3D('',#5926,#4610,#4611);
#3686=AXIS2_PLACEMENT_3D('',#5927,#4612,#4613);
#3687=AXIS2_PLACEMENT_3D('',#5929,#4615,#4616);
#3688=AXIS2_PLACEMENT_3D('',#5930,#4617,#4618);
#3689=AXIS2_PLACEMENT_3D('',#5932,#4620,#4621);
#3690=AXIS2_PLACEMENT_3D('',#5933,#4622,#4623);
#3691=AXIS2_PLACEMENT_3D('',#5935,#4624,#4625);
#3692=AXIS2_PLACEMENT_3D('',#5938,#4627,#4628);
#3693=AXIS2_PLACEMENT_3D('',#5939,#4629,#4630);
#3694=AXIS2_PLACEMENT_3D('',#5941,#4631,#4632);
#3695=AXIS2_PLACEMENT_3D('',#5944,#4634,#4635);
#3696=AXIS2_PLACEMENT_3D('',#5945,#4636,#4637);
#3697=AXIS2_PLACEMENT_3D('',#5946,#4638,#4639);
#3698=AXIS2_PLACEMENT_3D('',#5947,#4640,#4641);
#3699=AXIS2_PLACEMENT_3D('',#5950,#4642,#4643);
#3700=AXIS2_PLACEMENT_3D('',#5954,#4645,#4646);
#3701=AXIS2_PLACEMENT_3D('',#5956,#4648,#4649);
#3702=AXIS2_PLACEMENT_3D('',#5964,#4653,#4654);
#3703=AXIS2_PLACEMENT_3D('',#5970,#4658,#4659);
#3704=AXIS2_PLACEMENT_3D('',#5978,#4664,#4665);
#3705=AXIS2_PLACEMENT_3D('',#5981,#4666,#4667);
#3706=AXIS2_PLACEMENT_3D('',#5984,#4670,#4671);
#3707=AXIS2_PLACEMENT_3D('',#5989,#4674,#4675);
#3708=AXIS2_PLACEMENT_3D('',#5992,#4677,#4678);
#3709=AXIS2_PLACEMENT_3D('',#5994,#4679,#4680);
#3710=AXIS2_PLACEMENT_3D('',#5995,#4681,#4682);
#3711=AXIS2_PLACEMENT_3D('',#5999,#4685,#4686);
#3712=AXIS2_PLACEMENT_3D('',#6001,#4688,#4689);
#3713=AXIS2_PLACEMENT_3D('',#6002,#4690,#4691);
#3714=AXIS2_PLACEMENT_3D('',#6006,#4694,#4695);
#3715=AXIS2_PLACEMENT_3D('',#6012,#4699,#4700);
#3716=AXIS2_PLACEMENT_3D('',#6013,#4701,#4702);
#3717=AXIS2_PLACEMENT_3D('',#6014,#4703,#4704);
#3718=AXIS2_PLACEMENT_3D('',#6016,#4705,#4706);
#3719=AXIS2_PLACEMENT_3D('',#6017,#4707,#4708);
#3720=AXIS2_PLACEMENT_3D('',#6018,#4709,#4710);
#3721=AXIS2_PLACEMENT_3D('',#6019,#4711,#4712);
#3722=AXIS2_PLACEMENT_3D('',#6021,#4714,#4715);
#3723=AXIS2_PLACEMENT_3D('',#6023,#4716,#4717);
#3724=AXIS2_PLACEMENT_3D('',#6026,#4719,#4720);
#3725=AXIS2_PLACEMENT_3D('',#6027,#4721,#4722);
#3726=AXIS2_PLACEMENT_3D('',#6028,#4723,#4724);
#3727=AXIS2_PLACEMENT_3D('',#6030,#4725,#4726);
#3728=AXIS2_PLACEMENT_3D('',#6031,#4727,#4728);
#3729=AXIS2_PLACEMENT_3D('',#6034,#4730,#4731);
#3730=AXIS2_PLACEMENT_3D('',#6035,#4732,#4733);
#3731=AXIS2_PLACEMENT_3D('',#6037,#4735,#4736);
#3732=AXIS2_PLACEMENT_3D('',#6040,#4737,#4738);
#3733=AXIS2_PLACEMENT_3D('',#6044,#4740,#4741);
#3734=AXIS2_PLACEMENT_3D('',#6046,#4743,#4744);
#3735=AXIS2_PLACEMENT_3D('',#6052,#4748,#4749);
#3736=AXIS2_PLACEMENT_3D('',#6055,#4750,#4751);
#3737=AXIS2_PLACEMENT_3D('',#6059,#4753,#4754);
#3738=AXIS2_PLACEMENT_3D('',#6061,#4756,#4757);
#3739=AXIS2_PLACEMENT_3D('',#6069,#4762,#4763);
#3740=AXIS2_PLACEMENT_3D('',#6077,#4768,#4769);
#3741=AXIS2_PLACEMENT_3D('',#6080,#4772,#4773);
#3742=AXIS2_PLACEMENT_3D('',#6082,#4775,#4776);
#3743=AXIS2_PLACEMENT_3D('',#6086,#4778,#4779);
#3744=AXIS2_PLACEMENT_3D('',#6089,#4781,#4782);
#3745=AXIS2_PLACEMENT_3D('',#6091,#4783,#4784);
#3746=AXIS2_PLACEMENT_3D('',#6092,#4785,#4786);
#3747=AXIS2_PLACEMENT_3D('',#6096,#4789,#4790);
#3748=AXIS2_PLACEMENT_3D('',#6098,#4791,#4792);
#3749=AXIS2_PLACEMENT_3D('',#6101,#4794,#4795);
#3750=AXIS2_PLACEMENT_3D('',#6103,#4796,#4797);
#3751=AXIS2_PLACEMENT_3D('',#6104,#4798,#4799);
#3752=AXIS2_PLACEMENT_3D('',#6106,#4801,#4802);
#3753=AXIS2_PLACEMENT_3D('',#6108,#4804,#4805);
#3754=AXIS2_PLACEMENT_3D('',#6110,#4807,#4808);
#3755=DIRECTION('axis',(0.,0.,1.));
#3756=DIRECTION('refdir',(1.,0.,0.));
#3757=DIRECTION('center_axis',(0.,-1.,2.22044604925031E-16));
#3758=DIRECTION('ref_axis',(1.,-3.04942583937085E-32,-1.37333930738845E-16));
#3759=DIRECTION('',(-1.,3.04942583937085E-32,1.37333930738845E-16));
#3760=DIRECTION('',(9.25185853854297E-17,2.22044604925031E-16,1.));
#3761=DIRECTION('',(1.,-3.04942583937085E-32,-1.37333930738845E-16));
#3762=DIRECTION('',(9.25185853854297E-17,2.22044604925031E-16,1.));
#3763=DIRECTION('center_axis',(-1.,1.79435345827295E-16,9.25185853854297E-17));
#3764=DIRECTION('ref_axis',(-1.79435345827295E-16,-1.,2.22044604925031E-16));
#3765=DIRECTION('',(1.79435345827295E-16,1.,-2.22044604925031E-16));
#3766=DIRECTION('',(-1.79435345827295E-16,-1.,2.22044604925031E-16));
#3767=DIRECTION('',(-9.25185853854297E-17,-2.22044604925031E-16,-1.));
#3768=DIRECTION('center_axis',(1.,-2.05432527401305E-32,-9.25185853854297E-17));
#3769=DIRECTION('ref_axis',(0.,1.,-2.22044604925031E-16));
#3770=DIRECTION('',(0.,-1.,2.22044604925031E-16));
#3771=DIRECTION('',(9.25185853854297E-17,2.22044604925031E-16,1.));
#3772=DIRECTION('',(0.,1.,-2.22044604925031E-16));
#3773=DIRECTION('center_axis',(-1.37333930738845E-16,-2.22044604925031E-16,
-1.));
#3774=DIRECTION('ref_axis',(-1.,3.04942583937085E-32,1.37333930738845E-16));
#3775=DIRECTION('',(-1.,3.04942583937085E-32,1.37333930738845E-16));
#3776=DIRECTION('',(0.,1.,-2.22044604925031E-16));
#3777=DIRECTION('',(1.,-3.04942583937085E-32,-1.37333930738845E-16));
#3778=DIRECTION('',(0.,-1.,2.22044604925031E-16));
#3779=DIRECTION('',(-1.,3.04942583937085E-32,1.37333930738845E-16));
#3780=DIRECTION('center_axis',(0.,1.,-2.22044604925031E-16));
#3781=DIRECTION('ref_axis',(1.,0.,0.));
#3782=DIRECTION('',(1.,-3.04942583937085E-32,-1.37333930738845E-16));
#3783=DIRECTION('center_axis',(0.,-1.,2.22044604925031E-16));
#3784=DIRECTION('ref_axis',(-0.372677996249966,-2.06048673043377E-16,-0.927960727138337));
#3785=DIRECTION('center_axis',(0.,-1.,2.22044604925031E-16));
#3786=DIRECTION('ref_axis',(-1.,0.,0.));
#3787=DIRECTION('',(1.,0.,0.));
#3788=DIRECTION('center_axis',(0.,1.,-2.22044604925031E-16));
#3789=DIRECTION('ref_axis',(-1.,0.,0.));
#3790=DIRECTION('center_axis',(-1.,0.,0.));
#3791=DIRECTION('ref_axis',(0.,-2.22044604925031E-16,-1.));
#3792=DIRECTION('',(-1.,0.,0.));
#3793=DIRECTION('',(-1.,0.,0.));
#3794=DIRECTION('center_axis',(0.,2.22044604925031E-16,1.));
#3795=DIRECTION('ref_axis',(0.,1.,-2.22044604925031E-16));
#3796=DIRECTION('',(0.,1.,-2.22044604925031E-16));
#3797=DIRECTION('',(0.,-1.,2.22044604925031E-16));
#3798=DIRECTION('',(-1.,0.,0.));
#3799=DIRECTION('center_axis',(0.,2.22044604925031E-16,1.));
#3800=DIRECTION('ref_axis',(0.,1.,-2.22044604925031E-16));
#3801=DIRECTION('',(0.,1.,-2.22044604925031E-16));
#3802=DIRECTION('',(-1.,0.,0.));
#3803=DIRECTION('',(0.,-1.,2.22044604925031E-16));
#3804=DIRECTION('',(-1.,0.,0.));
#3805=DIRECTION('center_axis',(-1.,0.,0.));
#3806=DIRECTION('ref_axis',(0.,-2.22044604925031E-16,-1.));
#3807=DIRECTION('',(-1.,0.,0.));
#3808=DIRECTION('center_axis',(0.,-2.22044604925031E-16,-1.));
#3809=DIRECTION('ref_axis',(0.,-1.,2.22044604925031E-16));
#3810=DIRECTION('',(0.,1.,-2.22044604925031E-16));
#3811=DIRECTION('',(-1.,0.,0.));
#3812=DIRECTION('',(0.,-1.,2.22044604925031E-16));
#3813=DIRECTION('center_axis',(0.,-2.22044604925031E-16,-1.));
#3814=DIRECTION('ref_axis',(0.,-1.,2.22044604925031E-16));
#3815=DIRECTION('',(0.,1.,-2.22044604925031E-16));
#3816=DIRECTION('',(-1.,0.,0.));
#3817=DIRECTION('',(0.,-1.,2.22044604925031E-16));
#3818=DIRECTION('',(1.,0.,0.));
#3819=DIRECTION('center_axis',(-1.,0.,0.));
#3820=DIRECTION('ref_axis',(0.,-2.22044604925031E-16,-1.));
#3821=DIRECTION('',(-1.,0.,0.));
#3822=DIRECTION('center_axis',(-1.,0.,0.));
#3823=DIRECTION('ref_axis',(0.,-2.22044604925031E-16,-1.));
#3824=DIRECTION('',(-1.,0.,0.));
#3825=DIRECTION('center_axis',(0.,1.,-2.22044604925031E-16));
#3826=DIRECTION('ref_axis',(1.,0.,0.));
#3827=DIRECTION('center_axis',(0.,1.,-2.22044604925031E-16));
#3828=DIRECTION('ref_axis',(-1.,0.,0.));
#3829=DIRECTION('',(1.,0.,0.));
#3830=DIRECTION('center_axis',(0.,1.,-2.22044604925031E-16));
#3831=DIRECTION('ref_axis',(-1.,0.,0.));
#3832=DIRECTION('center_axis',(0.,-1.,2.22044604925031E-16));
#3833=DIRECTION('ref_axis',(-1.,0.,0.));
#3834=DIRECTION('center_axis',(0.,-1.,2.22044604925031E-16));
#3835=DIRECTION('ref_axis',(-0.372677996249965,2.06048673043377E-16,0.927960727138337));
#3836=DIRECTION('',(-1.,0.,0.));
#3837=DIRECTION('center_axis',(0.,-1.,2.22044604925031E-16));
#3838=DIRECTION('ref_axis',(0.372677996249965,2.06048673043377E-16,0.927960727138337));
#3839=DIRECTION('center_axis',(0.,-1.,2.22044604925031E-16));
#3840=DIRECTION('ref_axis',(-1.,0.,0.));
#3841=DIRECTION('center_axis',(0.,1.,-2.22044604925031E-16));
#3842=DIRECTION('ref_axis',(1.,2.71926214689378E-32,1.22464679914735E-16));
#3843=DIRECTION('',(0.,1.,-2.22044604925031E-16));
#3844=DIRECTION('center_axis',(0.,1.,-2.22044604925031E-16));
#3845=DIRECTION('ref_axis',(-1.,0.,0.));
#3846=DIRECTION('',(0.,-1.,2.22044604925031E-16));
#3847=DIRECTION('center_axis',(0.,1.,-2.22044604925031E-16));
#3848=DIRECTION('ref_axis',(-1.,0.,0.));
#3849=DIRECTION('center_axis',(0.,1.,-2.22044604925031E-16));
#3850=DIRECTION('ref_axis',(-1.,0.,0.));
#3851=DIRECTION('',(0.,1.,-2.22044604925031E-16));
#3852=DIRECTION('center_axis',(0.,1.,-2.22044604925031E-16));
#3853=DIRECTION('ref_axis',(-1.,0.,0.));
#3854=DIRECTION('',(0.,1.,-2.22044604925031E-16));
#3855=DIRECTION('center_axis',(0.,1.,-2.22044604925031E-16));
#3856=DIRECTION('ref_axis',(-0.691661088777152,-1.60365548001411E-16,-0.722222222222222));
#3857=DIRECTION('',(0.,-1.,2.22044604925031E-16));
#3858=DIRECTION('',(0.,1.,-2.22044604925031E-16));
#3859=DIRECTION('center_axis',(0.,-1.,2.22044604925031E-16));
#3860=DIRECTION('ref_axis',(-1.,6.16297582203915E-32,2.77555756156289E-16));
#3861=DIRECTION('',(0.,-1.,2.22044604925031E-16));
#3862=DIRECTION('center_axis',(0.,1.,-2.22044604925031E-16));
#3863=DIRECTION('ref_axis',(1.,0.,0.));
#3864=DIRECTION('center_axis',(0.,-1.,2.22044604925031E-16));
#3865=DIRECTION('ref_axis',(-1.,0.,0.));
#3866=DIRECTION('center_axis',(0.,-1.,2.22044604925031E-16));
#3867=DIRECTION('ref_axis',(0.372677996249965,-2.06048673043377E-16,-0.927960727138337));
#3868=DIRECTION('',(1.,-3.04942583937085E-32,-1.37333930738845E-16));
#3869=DIRECTION('center_axis',(0.,2.22044604925031E-16,1.));
#3870=DIRECTION('ref_axis',(1.,0.,0.));
#3871=DIRECTION('',(0.,-1.,2.22044604925031E-16));
#3872=DIRECTION('',(1.,0.,0.));
#3873=DIRECTION('',(0.,1.,-2.22044604925031E-16));
#3874=DIRECTION('',(-1.,0.,0.));
#3875=DIRECTION('center_axis',(-1.,0.,0.));
#3876=DIRECTION('ref_axis',(0.,2.22044604925031E-16,1.));
#3877=DIRECTION('',(0.,-2.22044604925031E-16,-1.));
#3878=DIRECTION('',(0.,2.22044604925031E-16,1.));
#3879=DIRECTION('',(0.,1.,-2.22044604925031E-16));
#3880=DIRECTION('center_axis',(-4.62481104621975E-16,-2.22044604925031E-16,
-1.));
#3881=DIRECTION('ref_axis',(-1.,1.02691434161079E-31,4.62481104621975E-16));
#3882=DIRECTION('',(1.,-1.02691434161079E-31,-4.62481104621975E-16));
#3883=DIRECTION('',(-1.,1.02691434161079E-31,4.62481104621975E-16));
#3884=DIRECTION('',(0.,1.,-2.22044604925031E-16));
#3885=DIRECTION('center_axis',(0.,1.,-2.22044604925031E-16));
#3886=DIRECTION('ref_axis',(-1.,0.,0.));
#3887=DIRECTION('center_axis',(0.,1.,-2.22044604925031E-16));
#3888=DIRECTION('ref_axis',(0.691661088777152,1.60365548001411E-16,0.722222222222222));
#3889=DIRECTION('center_axis',(0.,1.,-2.22044604925031E-16));
#3890=DIRECTION('ref_axis',(-1.,0.,0.));
#3891=DIRECTION('center_axis',(1.,1.07142141725354E-31,4.82525309549982E-16));
#3892=DIRECTION('ref_axis',(4.82525309549982E-16,-2.22044604925031E-16,
-1.));
#3893=DIRECTION('',(4.82525309549982E-16,-2.22044604925031E-16,-1.));
#3894=DIRECTION('',(0.,1.,-2.22044604925031E-16));
#3895=DIRECTION('',(4.82525309549982E-16,-2.22044604925031E-16,-1.));
#3896=DIRECTION('',(0.,1.,-2.22044604925031E-16));
#3897=DIRECTION('center_axis',(-3.1787948694204E-16,2.22044604925031E-16,
1.));
#3898=DIRECTION('ref_axis',(1.,7.0583425091817E-32,3.1787948694204E-16));
#3899=DIRECTION('',(1.,7.0583425091817E-32,3.1787948694204E-16));
#3900=DIRECTION('',(1.,7.0583425091817E-32,3.1787948694204E-16));
#3901=DIRECTION('',(0.,-1.,2.22044604925031E-16));
#3902=DIRECTION('center_axis',(-7.96439397684057E-17,-2.22044604925031E-16,
-1.));
#3903=DIRECTION('ref_axis',(-1.,1.76845071405486E-32,7.96439397684057E-17));
#3904=DIRECTION('',(-1.,1.76845071405486E-32,7.96439397684057E-17));
#3905=DIRECTION('',(0.,1.,-2.22044604925031E-16));
#3906=DIRECTION('',(-1.,1.76845071405486E-32,7.96439397684057E-17));
#3907=DIRECTION('center_axis',(0.,1.,-2.22044604925031E-16));
#3908=DIRECTION('ref_axis',(-1.,0.,0.));
#3909=DIRECTION('center_axis',(0.,1.,-2.22044604925031E-16));
#3910=DIRECTION('ref_axis',(-1.,0.,0.));
#3911=DIRECTION('center_axis',(0.,1.,-2.22044604925031E-16));
#3912=DIRECTION('ref_axis',(-1.,0.,0.));
#3913=DIRECTION('center_axis',(0.,1.,-2.22044604925031E-16));
#3914=DIRECTION('ref_axis',(-1.,0.,0.));
#3915=DIRECTION('',(0.,-1.,2.22044604925031E-16));
#3916=DIRECTION('center_axis',(0.,1.,-2.22044604925031E-16));
#3917=DIRECTION('ref_axis',(-1.,0.,0.));
#3918=DIRECTION('center_axis',(0.,2.22044604925031E-16,1.));
#3919=DIRECTION('ref_axis',(1.,0.,0.));
#3920=DIRECTION('',(-1.,0.,0.));
#3921=DIRECTION('center_axis',(0.,1.,-2.22044604925031E-16));
#3922=DIRECTION('ref_axis',(1.,2.71926214689378E-32,1.22464679914735E-16));
#3923=DIRECTION('',(0.,1.,-2.22044604925031E-16));
#3924=DIRECTION('center_axis',(0.,-1.,2.22044604925031E-16));
#3925=DIRECTION('ref_axis',(1.,2.71926214689378E-32,1.22464679914735E-16));
#3926=DIRECTION('',(0.,-1.,2.22044604925031E-16));
#3927=DIRECTION('center_axis',(0.,-1.,2.22044604925031E-16));
#3928=DIRECTION('ref_axis',(0.372677996249965,2.06048673043377E-16,0.927960727138337));
#3929=DIRECTION('',(0.,-1.,2.22044604925031E-16));
#3930=DIRECTION('center_axis',(0.,-1.,2.22044604925031E-16));
#3931=DIRECTION('ref_axis',(0.,2.22044604925031E-16,1.));
#3932=DIRECTION('center_axis',(0.,2.22044604925031E-16,1.));
#3933=DIRECTION('ref_axis',(1.,0.,0.));
#3934=DIRECTION('',(0.,1.,-2.22044604925031E-16));
#3935=DIRECTION('',(-1.,0.,0.));
#3936=DIRECTION('center_axis',(0.,1.,-2.22044604925031E-16));
#3937=DIRECTION('ref_axis',(-0.372677996249965,2.06048673043377E-16,0.927960727138337));
#3938=DIRECTION('center_axis',(0.,-1.,2.22044604925031E-16));
#3939=DIRECTION('ref_axis',(-0.691661088777151,1.60365548001412E-16,0.722222222222223));
#3940=DIRECTION('center_axis',(-0.944648670729553,-0.164742459071764,-0.283723123956926));
#3941=DIRECTION('ref_axis',(0.328083661417159,-0.474341649025258,-0.816921728876831));
#3942=DIRECTION('center_axis',(0.,-1.,2.22044604925031E-16));
#3943=DIRECTION('ref_axis',(0.691661088777151,-1.60365548001412E-16,-0.722222222222223));
#3944=DIRECTION('center_axis',(-0.722222222222222,-1.5357961319954E-16,
-0.691661088777152));
#3945=DIRECTION('ref_axis',(0.,-1.,2.22044604925031E-16));
#3946=DIRECTION('center_axis',(1.,0.,0.));
#3947=DIRECTION('ref_axis',(0.,-2.22044604925031E-16,-1.));
#3948=DIRECTION('center_axis',(-0.944648670729552,-0.164742459071765,0.283723123956928));
#3949=DIRECTION('ref_axis',(0.328083661417161,-0.474341649025256,0.816921728876831));
#3950=DIRECTION('center_axis',(1.,-4.93038065763132E-31,-2.22044604925031E-15));
#3951=DIRECTION('ref_axis',(0.,-1.,2.22044604925031E-16));
#3952=DIRECTION('center_axis',(-0.722222222222222,-1.41614619280522E-15,
0.691661088777152));
#3953=DIRECTION('ref_axis',(0.691661088777152,1.60365548001411E-16,0.722222222222222));
#3954=DIRECTION('center_axis',(-0.944648670729553,0.164742459071763,0.283723123956926));
#3955=DIRECTION('ref_axis',(-0.328083661417159,-0.474341649025257,-0.816921728876831));
#3956=DIRECTION('center_axis',(0.,-1.,2.22044604925031E-16));
#3957=DIRECTION('ref_axis',(0.,-2.22044604925031E-16,-1.));
#3958=DIRECTION('center_axis',(-1.,0.,0.));
#3959=DIRECTION('ref_axis',(0.,-1.,2.22044604925031E-16));
#3960=DIRECTION('center_axis',(0.722222222222222,-1.5357961319954E-16,-0.691661088777152));
#3961=DIRECTION('ref_axis',(-0.691661088777152,-1.60365548001411E-16,-0.722222222222222));
#3962=DIRECTION('center_axis',(1.,-3.04942583937085E-32,-1.37333930738845E-16));
#3963=DIRECTION('ref_axis',(0.,-0.707106781186547,-0.707106781186548));
#3964=DIRECTION('',(-1.,3.04942583937085E-32,1.37333930738845E-16));
#3965=DIRECTION('',(1.,-3.04942583937085E-32,-1.37333930738845E-16));
#3966=DIRECTION('center_axis',(-0.944648670729553,0.164742459071764,-0.283723123956925));
#3967=DIRECTION('ref_axis',(-0.328083661417159,-0.474341649025257,0.816921728876831));
#3968=DIRECTION('center_axis',(0.722222222222222,1.5357961319954E-16,0.691661088777152));
#3969=DIRECTION('ref_axis',(0.,-1.,2.22044604925031E-16));
#3970=DIRECTION('center_axis',(-1.,-1.11022302462516E-15,2.46519032881566E-31));
#3971=DIRECTION('ref_axis',(0.,2.22044604925031E-16,1.));
#3972=DIRECTION('center_axis',(0.,-1.,2.22044604925031E-16));
#3973=DIRECTION('ref_axis',(-1.,0.,0.));
#3974=DIRECTION('center_axis',(0.,1.,-2.22044604925031E-16));
#3975=DIRECTION('ref_axis',(-1.,6.16297582203915E-32,2.77555756156289E-16));
#3976=DIRECTION('center_axis',(-1.,0.,0.));
#3977=DIRECTION('ref_axis',(0.,-0.707106781186548,0.707106781186547));
#3978=DIRECTION('',(1.,0.,0.));
#3979=DIRECTION('center_axis',(0.,-1.,2.22044604925031E-16));
#3980=DIRECTION('ref_axis',(-0.372677996249966,-2.06048673043377E-16,-0.927960727138337));
#3981=DIRECTION('',(0.,-1.,2.22044604925031E-16));
#3982=DIRECTION('center_axis',(0.,-1.,2.22044604925031E-16));
#3983=DIRECTION('ref_axis',(1.,0.,1.77635683940025E-16));
#3984=DIRECTION('center_axis',(0.,1.,-2.22044604925031E-16));
#3985=DIRECTION('ref_axis',(1.,2.71926214689378E-32,1.22464679914735E-16));
#3986=DIRECTION('center_axis',(0.,1.,-2.22044604925031E-16));
#3987=DIRECTION('ref_axis',(0.372677996249965,-2.06048673043377E-16,-0.927960727138337));
#3988=DIRECTION('',(0.,1.,-2.22044604925031E-16));
#3989=DIRECTION('center_axis',(0.,1.,-2.22044604925031E-16));
#3990=DIRECTION('ref_axis',(1.,0.,0.));
#3991=DIRECTION('center_axis',(0.,1.,-2.22044604925031E-16));
#3992=DIRECTION('ref_axis',(1.,0.,0.));
#3993=DIRECTION('center_axis',(0.,-1.,2.22044604925031E-16));
#3994=DIRECTION('ref_axis',(1.,0.,0.));
#3995=DIRECTION('center_axis',(0.,-1.,2.22044604925031E-16));
#3996=DIRECTION('ref_axis',(1.,0.,0.));
#3997=DIRECTION('',(0.,-1.,2.22044604925031E-16));
#3998=DIRECTION('center_axis',(0.,1.,-2.22044604925031E-16));
#3999=DIRECTION('ref_axis',(1.,0.,0.));
#4000=DIRECTION('center_axis',(0.,1.,-2.22044604925031E-16));
#4001=DIRECTION('ref_axis',(1.,0.,0.));
#4002=DIRECTION('center_axis',(0.,-1.,2.22044604925031E-16));
#4003=DIRECTION('ref_axis',(1.,0.,0.));
#4004=DIRECTION('center_axis',(0.,-1.,2.22044604925031E-16));
#4005=DIRECTION('ref_axis',(1.,0.,0.));
#4006=DIRECTION('',(0.,1.,-2.22044604925031E-16));
#4007=DIRECTION('center_axis',(0.,1.,-2.22044604925031E-16));
#4008=DIRECTION('ref_axis',(1.,0.,0.));
#4009=DIRECTION('center_axis',(-1.37333930738845E-16,-2.22044604925031E-16,
-1.));
#4010=DIRECTION('ref_axis',(-1.,3.04942583937085E-32,1.37333930738845E-16));
#4011=DIRECTION('center_axis',(0.,1.,-2.22044604925031E-16));
#4012=DIRECTION('ref_axis',(1.,0.,0.));
#4013=DIRECTION('center_axis',(0.,-1.,2.22044604925031E-16));
#4014=DIRECTION('ref_axis',(0.0397320845495575,2.21869271614959E-16,0.999210368970092));
#4015=DIRECTION('center_axis',(0.,-1.,2.22044604925031E-16));
#4016=DIRECTION('ref_axis',(-0.665487925323089,-1.65736006134873E-16,-0.74640861547089));
#4017=DIRECTION('center_axis',(0.,-1.,2.22044604925031E-16));
#4018=DIRECTION('ref_axis',(0.375645227753242,2.05782844552595E-16,0.926763542046306));
#4019=DIRECTION('',(-1.,0.,0.));
#4020=DIRECTION('center_axis',(0.,-1.,2.22044604925031E-16));
#4021=DIRECTION('ref_axis',(-0.375645227753241,2.05782844552595E-16,0.926763542046306));
#4022=DIRECTION('center_axis',(0.,-1.,2.22044604925031E-16));
#4023=DIRECTION('ref_axis',(0.665487925323089,1.65736006134873E-16,0.74640861547089));
#4024=DIRECTION('center_axis',(-3.47895388496921E-15,-1.,-4.56933980517491E-15));
#4025=DIRECTION('ref_axis',(0.0945734784873186,4.21984272327401E-15,-0.995517883901042));
#4026=DIRECTION('center_axis',(0.,-1.,2.22044604925031E-16));
#4027=DIRECTION('ref_axis',(-0.691661088777152,-1.60365548001411E-16,-0.722222222222222));
#4028=DIRECTION('center_axis',(0.,-1.,2.22044604925031E-16));
#4029=DIRECTION('ref_axis',(-1.,0.,0.));
#4030=DIRECTION('center_axis',(0.,-1.,2.22044604925031E-16));
#4031=DIRECTION('ref_axis',(-0.69626860365077,1.59379470894823E-16,0.717781325732432));
#4032=DIRECTION('center_axis',(0.,-1.,2.22044604925031E-16));
#4033=DIRECTION('ref_axis',(4.44089209850068E-15,2.22044604925031E-16,1.));
#4034=DIRECTION('',(-1.,0.,0.));
#4035=DIRECTION('center_axis',(0.,-1.,2.22044604925031E-16));
#4036=DIRECTION('ref_axis',(0.69626860365077,1.59379470894823E-16,0.717781325732432));
#4037=DIRECTION('center_axis',(0.,-1.,2.22044604925031E-16));
#4038=DIRECTION('ref_axis',(0.696268603650812,-1.59379470894814E-16,-0.717781325732391));
#4039=DIRECTION('center_axis',(0.,-1.,2.22044604925031E-16));
#4040=DIRECTION('ref_axis',(-1.,0.,0.));
#4041=DIRECTION('center_axis',(0.,-1.,2.22044604925031E-16));
#4042=DIRECTION('ref_axis',(0.691661088777151,1.60365548001412E-16,0.722222222222223));
#4043=DIRECTION('center_axis',(0.,-1.,2.22044604925031E-16));
#4044=DIRECTION('ref_axis',(0.691661088777151,1.60365548001412E-16,0.722222222222223));
#4045=DIRECTION('',(0.,1.,-2.22044604925031E-16));
#4046=DIRECTION('center_axis',(0.,1.,-2.22044604925031E-16));
#4047=DIRECTION('ref_axis',(0.691661088777151,1.60365548001412E-16,0.722222222222223));
#4048=DIRECTION('',(0.,-1.,2.22044604925031E-16));
#4049=DIRECTION('center_axis',(0.,-1.,2.22044604925031E-16));
#4050=DIRECTION('ref_axis',(-1.,0.,0.));
#4051=DIRECTION('',(0.,1.,-2.22044604925031E-16));
#4052=DIRECTION('center_axis',(0.,-1.,2.22044604925031E-16));
#4053=DIRECTION('ref_axis',(-1.,0.,0.));
#4054=DIRECTION('',(0.,1.,-2.22044604925031E-16));
#4055=DIRECTION('center_axis',(0.,1.,-2.22044604925031E-16));
#4056=DIRECTION('ref_axis',(-1.,0.,0.));
#4057=DIRECTION('center_axis',(0.,-1.,2.22044604925031E-16));
#4058=DIRECTION('ref_axis',(0.696268603650812,-1.59379470894814E-16,-0.717781325732391));
#4059=DIRECTION('',(0.,-1.,2.22044604925031E-16));
#4060=DIRECTION('center_axis',(0.,-1.,2.22044604925031E-16));
#4061=DIRECTION('ref_axis',(0.696268603650812,-1.59379470894814E-16,-0.717781325732391));
#4062=DIRECTION('center_axis',(0.,-1.,2.22044604925031E-16));
#4063=DIRECTION('ref_axis',(0.69626860365077,1.59379470894823E-16,0.717781325732432));
#4064=DIRECTION('',(0.,-1.,2.22044604925031E-16));
#4065=DIRECTION('center_axis',(0.,-1.,2.22044604925031E-16));
#4066=DIRECTION('ref_axis',(0.69626860365077,1.59379470894823E-16,0.717781325732432));
#4067=DIRECTION('center_axis',(0.,2.22044604925031E-16,1.));
#4068=DIRECTION('ref_axis',(-1.,0.,0.));
#4069=DIRECTION('',(0.,-1.,2.22044604925031E-16));
#4070=DIRECTION('',(-1.,0.,0.));
#4071=DIRECTION('center_axis',(0.,-1.,2.22044604925031E-16));
#4072=DIRECTION('ref_axis',(4.44089209850068E-15,2.22044604925031E-16,1.));
#4073=DIRECTION('',(0.,-1.,2.22044604925031E-16));
#4074=DIRECTION('center_axis',(0.,-1.,2.22044604925031E-16));
#4075=DIRECTION('ref_axis',(4.44089209850068E-15,2.22044604925031E-16,1.));
#4076=DIRECTION('center_axis',(0.,-1.,2.22044604925031E-16));
#4077=DIRECTION('ref_axis',(-0.69626860365077,1.59379470894823E-16,0.717781325732432));
#4078=DIRECTION('',(0.,-1.,2.22044604925031E-16));
#4079=DIRECTION('center_axis',(0.,-1.,2.22044604925031E-16));
#4080=DIRECTION('ref_axis',(-0.69626860365077,1.59379470894823E-16,0.717781325732432));
#4081=DIRECTION('center_axis',(0.,-1.,2.22044604925031E-16));
#4082=DIRECTION('ref_axis',(-1.,0.,0.));
#4083=DIRECTION('',(0.,-1.,2.22044604925031E-16));
#4084=DIRECTION('center_axis',(0.,-1.,2.22044604925031E-16));
#4085=DIRECTION('ref_axis',(-1.,0.,0.));
#4086=DIRECTION('',(0.,-1.,2.22044604925031E-16));
#4087=DIRECTION('center_axis',(0.,-1.,2.22044604925031E-16));
#4088=DIRECTION('ref_axis',(-1.,0.,0.));
#4089=DIRECTION('center_axis',(0.,1.,-2.22044604925031E-16));
#4090=DIRECTION('ref_axis',(1.,0.,0.));
#4091=DIRECTION('center_axis',(0.,-1.,2.22044604925031E-16));
#4092=DIRECTION('ref_axis',(-1.,0.,0.));
#4093=DIRECTION('center_axis',(0.,-1.,2.22044604925031E-16));
#4094=DIRECTION('ref_axis',(0.696268603650812,-1.59379470894814E-16,-0.717781325732391));
#4095=DIRECTION('center_axis',(0.,-1.,2.22044604925031E-16));
#4096=DIRECTION('ref_axis',(-1.59650070940852E-12,-2.22044604925031E-16,
-1.));
#4097=DIRECTION('',(1.,-1.39290713873657E-29,-6.2730960709757E-14));
#4098=DIRECTION('center_axis',(0.,-1.,2.22044604925031E-16));
#4099=DIRECTION('ref_axis',(-0.69626860364918,-1.59379470895165E-16,-0.717781325733974));
#4100=DIRECTION('center_axis',(0.,-1.,2.22044604925031E-16));
#4101=DIRECTION('ref_axis',(-0.69626860365077,1.59379470894823E-16,0.717781325732432));
#4102=DIRECTION('center_axis',(0.,-1.,2.22044604925031E-16));
#4103=DIRECTION('ref_axis',(-1.,0.,0.));
#4104=DIRECTION('center_axis',(0.,-1.,2.22044604925031E-16));
#4105=DIRECTION('ref_axis',(-0.691661088777152,-1.60365548001411E-16,-0.722222222222222));
#4106=DIRECTION('center_axis',(-3.47895388496921E-15,-1.,5.01342901502497E-15));
#4107=DIRECTION('ref_axis',(-0.975888095149827,4.48935809888746E-15,0.218271449678702));
#4108=DIRECTION('center_axis',(0.,-1.,2.22044604925031E-16));
#4109=DIRECTION('ref_axis',(0.665487925323089,1.65736006134873E-16,0.74640861547089));
#4110=DIRECTION('center_axis',(0.,-1.,2.22044604925031E-16));
#4111=DIRECTION('ref_axis',(-0.375645227753241,-2.05782844552595E-16,-0.926763542046306));
#4112=DIRECTION('',(1.,-3.75754994086208E-32,-1.69225005134925E-16));
#4113=DIRECTION('center_axis',(0.,-1.,2.22044604925031E-16));
#4114=DIRECTION('ref_axis',(0.375645227753241,-2.05782844552595E-16,-0.926763542046306));
#4115=DIRECTION('center_axis',(0.,-1.,2.22044604925031E-16));
#4116=DIRECTION('ref_axis',(-0.665487925323089,-1.65736006134873E-16,-0.74640861547089));
#4117=DIRECTION('center_axis',(0.,-1.,2.22044604925031E-16));
#4118=DIRECTION('ref_axis',(-0.975751323564858,4.86015797119048E-17,0.218882056280152));
#4119=DIRECTION('center_axis',(0.,-1.,2.22044604925031E-16));
#4120=DIRECTION('ref_axis',(0.691661088777151,1.60365548001412E-16,0.722222222222223));
#4121=DIRECTION('center_axis',(0.,-1.,2.22044604925031E-16));
#4122=DIRECTION('ref_axis',(-0.691661088777152,-1.60365548001411E-16,-0.722222222222222));
#4123=DIRECTION('',(0.,1.,-2.22044604925031E-16));
#4124=DIRECTION('center_axis',(0.,1.,-2.22044604925031E-16));
#4125=DIRECTION('ref_axis',(-0.691661088777152,-1.60365548001411E-16,-0.722222222222222));
#4126=DIRECTION('',(0.,-1.,2.22044604925031E-16));
#4127=DIRECTION('center_axis',(0.,-1.,2.22044604925031E-16));
#4128=DIRECTION('ref_axis',(-1.,0.,0.));
#4129=DIRECTION('',(0.,1.,-2.22044604925031E-16));
#4130=DIRECTION('center_axis',(0.,-1.,2.22044604925031E-16));
#4131=DIRECTION('ref_axis',(-1.,0.,0.));
#4132=DIRECTION('',(0.,1.,-2.22044604925031E-16));
#4133=DIRECTION('center_axis',(0.,-1.,2.22044604925031E-16));
#4134=DIRECTION('ref_axis',(-1.,0.,0.));
#4135=DIRECTION('center_axis',(0.,-1.,2.22044604925031E-16));
#4136=DIRECTION('ref_axis',(-0.69626860365077,1.59379470894823E-16,0.717781325732432));
#4137=DIRECTION('',(0.,-1.,2.22044604925031E-16));
#4138=DIRECTION('center_axis',(0.,-1.,2.22044604925031E-16));
#4139=DIRECTION('ref_axis',(-0.69626860365077,1.59379470894823E-16,0.717781325732432));
#4140=DIRECTION('center_axis',(0.,-1.,2.22044604925031E-16));
#4141=DIRECTION('ref_axis',(-0.69626860364918,-1.59379470895165E-16,-0.717781325733974));
#4142=DIRECTION('',(0.,-1.,2.22044604925031E-16));
#4143=DIRECTION('center_axis',(0.,-1.,2.22044604925031E-16));
#4144=DIRECTION('ref_axis',(-0.69626860364918,-1.59379470895165E-16,-0.717781325733974));
#4145=DIRECTION('center_axis',(-6.2730960709757E-14,-2.22044604925031E-16,
-1.));
#4146=DIRECTION('ref_axis',(1.,-1.39290713873657E-29,-6.2730960709757E-14));
#4147=DIRECTION('',(0.,-1.,2.22044604925031E-16));
#4148=DIRECTION('',(1.,-1.39290713873657E-29,-6.2730960709757E-14));
#4149=DIRECTION('center_axis',(0.,-1.,2.22044604925031E-16));
#4150=DIRECTION('ref_axis',(-1.59650070940852E-12,-2.22044604925031E-16,
-1.));
#4151=DIRECTION('',(0.,-1.,2.22044604925031E-16));
#4152=DIRECTION('center_axis',(0.,-1.,2.22044604925031E-16));
#4153=DIRECTION('ref_axis',(-1.59650070940852E-12,-2.22044604925031E-16,
-1.));
#4154=DIRECTION('center_axis',(0.,-1.,2.22044604925031E-16));
#4155=DIRECTION('ref_axis',(0.696268603650812,-1.59379470894814E-16,-0.717781325732391));
#4156=DIRECTION('',(0.,-1.,2.22044604925031E-16));
#4157=DIRECTION('center_axis',(0.,-1.,2.22044604925031E-16));
#4158=DIRECTION('ref_axis',(0.696268603650812,-1.59379470894814E-16,-0.717781325732391));
#4159=DIRECTION('center_axis',(0.,-1.,2.22044604925031E-16));
#4160=DIRECTION('ref_axis',(0.691661088777151,1.60365548001412E-16,0.722222222222223));
#4161=DIRECTION('',(0.,1.,-2.22044604925031E-16));
#4162=DIRECTION('center_axis',(0.,1.,-2.22044604925031E-16));
#4163=DIRECTION('ref_axis',(0.691661088777151,1.60365548001412E-16,0.722222222222223));
#4164=DIRECTION('',(0.,-1.,2.22044604925031E-16));
#4165=DIRECTION('center_axis',(0.,-1.,2.22044604925031E-16));
#4166=DIRECTION('ref_axis',(-0.691661088777152,-1.60365548001411E-16,-0.722222222222222));
#4167=DIRECTION('',(0.,1.,-2.22044604925031E-16));
#4168=DIRECTION('center_axis',(0.,1.,-2.22044604925031E-16));
#4169=DIRECTION('ref_axis',(-0.691661088777152,-1.60365548001411E-16,-0.722222222222222));
#4170=DIRECTION('center_axis',(0.,-1.,2.22044604925031E-16));
#4171=DIRECTION('ref_axis',(-1.,0.,0.));
#4172=DIRECTION('center_axis',(0.,1.,-2.22044604925031E-16));
#4173=DIRECTION('ref_axis',(-1.,0.,0.));
#4174=DIRECTION('',(0.,-1.,2.22044604925031E-16));
#4175=DIRECTION('center_axis',(0.,-1.,2.22044604925031E-16));
#4176=DIRECTION('ref_axis',(-1.,0.,0.));
#4177=DIRECTION('center_axis',(0.,1.,-2.22044604925031E-16));
#4178=DIRECTION('ref_axis',(-1.,0.,0.));
#4179=DIRECTION('center_axis',(0.,-1.,2.22044604925031E-16));
#4180=DIRECTION('ref_axis',(0.0945734784873187,-2.2104937522661E-16,-0.995517883901042));
#4181=DIRECTION('center_axis',(0.,-1.,2.22044604925031E-16));
#4182=DIRECTION('ref_axis',(-1.,0.,0.));
#4183=DIRECTION('center_axis',(0.,-1.,2.22044604925031E-16));
#4184=DIRECTION('ref_axis',(0.0945734784873187,2.2104937522661E-16,0.995517883901042));
#4185=DIRECTION('center_axis',(0.,1.,-2.22044604925031E-16));
#4186=DIRECTION('ref_axis',(-0.984681550210131,-3.87162290387386E-17,-0.174362394672054));
#4187=DIRECTION('center_axis',(-0.338269916279106,-0.361392054969905,0.868889662929164));
#4188=DIRECTION('ref_axis',(0.593769257986264,0.634355826500866,0.495005811738452));
#4189=DIRECTION('center_axis',(-0.218882056280152,-2.16660317146035E-16,
-0.975751323564858));
#4190=DIRECTION('ref_axis',(0.975751323564858,-4.86015797119048E-17,-0.218882056280152));
#4191=DIRECTION('center_axis',(0.999210368970092,8.82229501665443E-18,0.0397320845495575));
#4192=DIRECTION('ref_axis',(0.,1.,-2.22044604925031E-16));
#4193=DIRECTION('center_axis',(0.,1.,-2.22044604925031E-16));
#4194=DIRECTION('ref_axis',(-0.975751323564858,4.86015797119048E-17,0.218882056280152));
#4195=DIRECTION('center_axis',(0.,-1.,2.22044604925031E-16));
#4196=DIRECTION('ref_axis',(-1.,0.,0.));
#4197=DIRECTION('center_axis',(-0.999210368970092,-2.3379081794133E-16,
0.0397320845495552));
#4198=DIRECTION('ref_axis',(0.,1.,5.88418203051335E-15));
#4199=DIRECTION('center_axis',(0.,-1.,2.22044604925031E-16));
#4200=DIRECTION('ref_axis',(-1.,0.,0.));
#4201=DIRECTION('center_axis',(0.,1.,-2.22044604925031E-16));
#4202=DIRECTION('ref_axis',(-1.,0.,0.));
#4203=DIRECTION('center_axis',(0.338269916279106,0.361392054969905,0.868889662929164));
#4204=DIRECTION('ref_axis',(0.593769257986264,0.634355826500866,-0.495005811738452));
#4205=DIRECTION('center_axis',(0.218882056280152,-2.16660317146035E-16,
-0.975751323564858));
#4206=DIRECTION('ref_axis',(0.975751323564858,4.86015797119048E-17,0.218882056280152));
#4207=DIRECTION('center_axis',(0.,1.,-2.22044604925031E-16));
#4208=DIRECTION('ref_axis',(0.0397320845495575,2.21869271614959E-16,0.999210368970092));
#4209=DIRECTION('center_axis',(0.,1.,-2.22044604925031E-16));
#4210=DIRECTION('ref_axis',(1.,0.,0.));
#4211=DIRECTION('center_axis',(0.,-1.,2.22044604925031E-16));
#4212=DIRECTION('ref_axis',(1.,-2.50060411444381E-32,-1.12617197580103E-16));
#4213=DIRECTION('center_axis',(0.,-1.,2.22044604925031E-16));
#4214=DIRECTION('ref_axis',(0.375645227753241,-2.05782844552595E-16,-0.926763542046306));
#4215=DIRECTION('',(1.,-3.75754994086208E-32,-1.69225005134925E-16));
#4216=DIRECTION('center_axis',(0.,-1.,2.22044604925031E-16));
#4217=DIRECTION('ref_axis',(-0.375645227753242,-2.05782844552595E-16,-0.926763542046306));
#4218=DIRECTION('center_axis',(0.,-1.,2.22044604925031E-16));
#4219=DIRECTION('ref_axis',(-1.,1.50036246866628E-31,6.75703185480616E-16));
#4220=DIRECTION('center_axis',(0.,1.,-2.22044604925031E-16));
#4221=DIRECTION('ref_axis',(1.,-2.71926214689378E-32,-1.22464679914735E-16));
#4222=DIRECTION('center_axis',(0.,-1.,2.22044604925031E-16));
#4223=DIRECTION('ref_axis',(-1.,1.50036246866628E-31,6.75703185480616E-16));
#4224=DIRECTION('',(-1.,0.,0.));
#4225=DIRECTION('',(0.,2.22044604925031E-16,1.));
#4226=DIRECTION('',(-1.,0.,0.));
#4227=DIRECTION('',(2.77555756156289E-16,2.22044604925031E-16,1.));
#4228=DIRECTION('',(-1.,9.86076131526264E-32,4.44089209850063E-16));
#4229=DIRECTION('center_axis',(0.,-1.,2.22044604925031E-16));
#4230=DIRECTION('ref_axis',(1.,-2.50060411444381E-32,-1.12617197580103E-16));
#4231=DIRECTION('',(1.,0.,0.));
#4232=DIRECTION('center_axis',(0.,-1.,2.22044604925031E-16));
#4233=DIRECTION('ref_axis',(0.382902828066723,-2.05122280341962E-16,-0.923788625313446));
#4234=DIRECTION('center_axis',(0.,-1.,2.22044604925031E-16));
#4235=DIRECTION('ref_axis',(-0.643535008988591,-1.69956644050197E-16,-0.765416678813609));
#4236=DIRECTION('center_axis',(0.,-1.,2.22044604925031E-16));
#4237=DIRECTION('ref_axis',(-0.382902828066723,-2.05122280341962E-16,-0.923788625313445));
#4238=DIRECTION('center_axis',(0.,1.,-2.22044604925031E-16));
#4239=DIRECTION('ref_axis',(1.,0.,0.));
#4240=DIRECTION('center_axis',(0.,1.,-2.22044604925031E-16));
#4241=DIRECTION('ref_axis',(1.,-2.50060411444381E-32,-1.12617197580103E-16));
#4242=DIRECTION('center_axis',(0.717781325732432,1.54602687019338E-16,0.69626860365077));
#4243=DIRECTION('ref_axis',(0.69626860365077,-1.59379470894823E-16,-0.717781325732432));
#4244=DIRECTION('center_axis',(0.,-1.,2.22044604925031E-16));
#4245=DIRECTION('ref_axis',(-0.975751323564858,4.86015797119048E-17,0.218882056280152));
#4246=DIRECTION('',(0.,1.,-2.22044604925031E-16));
#4247=DIRECTION('',(0.,-1.,2.22044604925031E-16));
#4248=DIRECTION('center_axis',(0.,-1.,2.22044604925031E-16));
#4249=DIRECTION('ref_axis',(-0.975751323564858,4.86015797119048E-17,0.218882056280152));
#4250=DIRECTION('center_axis',(-0.87235923212831,-0.310850986799408,0.377307612070495));
#4251=DIRECTION('ref_axis',(-0.488865390593879,0.55470019634901,-0.673289181592771));
#4252=DIRECTION('center_axis',(-0.995517883901042,-2.09995306671026E-17,
-0.0945734784873187));
#4253=DIRECTION('ref_axis',(0.,1.,-2.22044604925031E-16));
#4254=DIRECTION('center_axis',(0.,-1.,2.22044604925031E-16));
#4255=DIRECTION('ref_axis',(-0.975888095149827,-4.84659978103212E-17,-0.218271449678702));
#4256=DIRECTION('center_axis',(0.,-1.,2.22044604925031E-16));
#4257=DIRECTION('ref_axis',(1.,0.,0.));
#4258=DIRECTION('center_axis',(0.995517883901042,-2.09995306671026E-17,
-0.0945734784873187));
#4259=DIRECTION('ref_axis',(0.,1.,-2.22044604925031E-16));
#4260=DIRECTION('center_axis',(0.,-1.,2.22044604925031E-16));
#4261=DIRECTION('ref_axis',(1.,-2.71926214689378E-32,-1.22464679914735E-16));
#4262=DIRECTION('center_axis',(0.,1.,-2.22044604925031E-16));
#4263=DIRECTION('ref_axis',(-1.,0.,0.));
#4264=DIRECTION('center_axis',(0.,1.,-2.22044604925031E-16));
#4265=DIRECTION('ref_axis',(-1.,0.,0.));
#4266=DIRECTION('center_axis',(-0.87235923212831,-0.310850986799408,-0.377307612070495));
#4267=DIRECTION('ref_axis',(-0.488865390593879,0.55470019634901,0.673289181592771));
#4268=DIRECTION('center_axis',(0.,1.,-2.22044604925031E-16));
#4269=DIRECTION('ref_axis',(0.0945734784873186,2.2104937522661E-16,0.995517883901042));
#4270=DIRECTION('center_axis',(0.,-1.,2.22044604925031E-16));
#4271=DIRECTION('ref_axis',(-1.,0.,0.));
#4272=DIRECTION('center_axis',(0.,-1.,2.22044604925031E-16));
#4273=DIRECTION('ref_axis',(0.981245315628811,4.28020166556731E-17,0.192763146261195));
#4274=DIRECTION('center_axis',(0.,1.,-2.22044604925031E-16));
#4275=DIRECTION('ref_axis',(0.981245315628811,4.28020166556731E-17,0.192763146261195));
#4276=DIRECTION('center_axis',(0.,-1.,2.22044604925031E-16));
#4277=DIRECTION('ref_axis',(0.990198053294236,-3.10130545081604E-17,-0.139670380726572));
#4278=DIRECTION('center_axis',(0.,-1.,2.22044604925031E-16));
#4279=DIRECTION('ref_axis',(-1.,0.,0.));
#4280=DIRECTION('',(0.,1.,-2.22044604925031E-16));
#4281=DIRECTION('center_axis',(0.,-1.,2.22044604925031E-16));
#4282=DIRECTION('ref_axis',(-1.,0.,0.));
#4283=DIRECTION('center_axis',(0.,-1.,2.22044604925031E-16));
#4284=DIRECTION('ref_axis',(0.0397320845495575,2.21869271614959E-16,0.999210368970092));
#4285=DIRECTION('center_axis',(0.,-1.,2.22044604925031E-16));
#4286=DIRECTION('ref_axis',(0.0397320845495575,2.21869271614959E-16,0.999210368970092));
#4287=DIRECTION('',(0.,-1.,2.22044604925031E-16));
#4288=DIRECTION('center_axis',(0.,1.,-2.22044604925031E-16));
#4289=DIRECTION('ref_axis',(-0.665487925323089,-1.65736006134873E-16,-0.74640861547089));
#4290=DIRECTION('center_axis',(0.,1.,-2.22044604925031E-16));
#4291=DIRECTION('ref_axis',(1.,-2.50060411444381E-32,-1.12617197580103E-16));
#4292=DIRECTION('',(0.,1.,-2.22044604925031E-16));
#4293=DIRECTION('center_axis',(0.,1.,-2.22044604925031E-16));
#4294=DIRECTION('ref_axis',(-0.665487925323089,-1.65736006134873E-16,-0.74640861547089));
#4295=DIRECTION('',(0.,1.,-2.22044604925031E-16));
#4296=DIRECTION('center_axis',(0.,1.,-2.22044604925031E-16));
#4297=DIRECTION('ref_axis',(1.,0.,0.));
#4298=DIRECTION('center_axis',(-0.383198075209348,-8.2038037917951E-16,
0.923666192493723));
#4299=DIRECTION('ref_axis',(0.923666192493723,8.96687126221915E-15,0.383198075209348));
#4300=DIRECTION('center_axis',(0.,1.,-2.22044604925031E-16));
#4301=DIRECTION('ref_axis',(0.0945734784873186,-2.2104937522661E-16,-0.995517883901042));
#4302=DIRECTION('',(0.,-1.,2.22044604925031E-16));
#4303=DIRECTION('center_axis',(3.47895388496921E-15,1.,4.56933980517491E-15));
#4304=DIRECTION('ref_axis',(0.0945734784873186,4.21984272327401E-15,-0.995517883901042));
#4305=DIRECTION('',(0.,-1.,2.22044604925031E-16));
#4306=DIRECTION('',(0.,-1.,2.22044604925031E-16));
#4307=DIRECTION('center_axis',(0.,-1.,2.22044604925031E-16));
#4308=DIRECTION('ref_axis',(1.,-2.71926214689378E-32,-1.22464679914735E-16));
#4309=DIRECTION('',(0.,1.,-2.22044604925031E-16));
#4310=DIRECTION('',(0.,1.,-2.22044604925031E-16));
#4311=DIRECTION('center_axis',(0.,-1.,2.22044604925031E-16));
#4312=DIRECTION('ref_axis',(0.0945734784873186,2.2104937522661E-16,0.995517883901042));
#4313=DIRECTION('',(0.,1.,-2.22044604925031E-16));
#4314=DIRECTION('center_axis',(3.47895388496921E-15,1.,-5.01342901502497E-15));
#4315=DIRECTION('ref_axis',(-0.975888095149827,4.48935809888746E-15,0.218271449678702));
#4316=DIRECTION('center_axis',(0.,-1.,2.22044604925031E-16));
#4317=DIRECTION('ref_axis',(-1.,0.,0.));
#4318=DIRECTION('center_axis',(0.,-1.,2.22044604925031E-16));
#4319=DIRECTION('ref_axis',(-0.984681550210131,-3.87162290387386E-17,-0.174362394672054));
#4320=DIRECTION('center_axis',(0.,1.,-2.22044604925031E-16));
#4321=DIRECTION('ref_axis',(0.696268603650859,-1.59379470894804E-16,-0.717781325732345));
#4322=DIRECTION('',(-1.,1.59874563986965E-31,7.20011026797715E-16));
#4323=DIRECTION('center_axis',(0.,1.,-2.22044604925031E-16));
#4324=DIRECTION('ref_axis',(-0.69626860365077,1.59379470894823E-16,0.717781325732432));
#4325=DIRECTION('center_axis',(0.,-1.,2.22044604925031E-16));
#4326=DIRECTION('ref_axis',(-1.,0.,0.));
#4327=DIRECTION('center_axis',(0.,1.,-2.22044604925031E-16));
#4328=DIRECTION('ref_axis',(-0.69626860365077,1.59379470894823E-16,0.717781325732432));
#4329=DIRECTION('',(1.,-1.99843204983732E-31,-9.0001378349726E-16));
#4330=DIRECTION('center_axis',(0.,1.,-2.22044604925031E-16));
#4331=DIRECTION('ref_axis',(0.696268603650859,-1.59379470894804E-16,-0.717781325732345));
#4332=DIRECTION('center_axis',(0.,-1.,2.22044604925031E-16));
#4333=DIRECTION('ref_axis',(-1.,0.,0.));
#4334=DIRECTION('center_axis',(0.,-1.,2.22044604925031E-16));
#4335=DIRECTION('ref_axis',(-0.984681550210131,-3.87162290387386E-17,-0.174362394672054));
#4336=DIRECTION('center_axis',(0.,1.,-2.22044604925031E-16));
#4337=DIRECTION('ref_axis',(-1.,0.,0.));
#4338=DIRECTION('center_axis',(0.,-1.,2.22044604925031E-16));
#4339=DIRECTION('ref_axis',(-1.,0.,0.));
#4340=DIRECTION('center_axis',(0.,-1.,2.22044604925031E-16));
#4341=DIRECTION('ref_axis',(-1.,0.,0.));
#4342=DIRECTION('',(0.,1.,-2.22044604925031E-16));
#4343=DIRECTION('',(0.,-1.,2.22044604925031E-16));
#4344=DIRECTION('center_axis',(0.,1.,-2.22044604925031E-16));
#4345=DIRECTION('ref_axis',(-1.,0.,0.));
#4346=DIRECTION('center_axis',(0.,1.,-2.22044604925031E-16));
#4347=DIRECTION('ref_axis',(1.,0.,0.));
#4348=DIRECTION('center_axis',(0.,1.,-2.22044604925031E-16));
#4349=DIRECTION('ref_axis',(-0.665487925323089,-1.65736006134873E-16,-0.74640861547089));
#4350=DIRECTION('',(-1.,0.,0.));
#4351=DIRECTION('',(2.77555756156289E-16,2.22044604925031E-16,1.));
#4352=DIRECTION('',(1.,0.,0.));
#4353=DIRECTION('',(0.,-2.22044604925031E-16,-1.));
#4354=DIRECTION('',(-1.,0.,0.));
#4355=DIRECTION('center_axis',(0.,1.,-2.22044604925031E-16));
#4356=DIRECTION('ref_axis',(0.665487925323089,1.65736006134873E-16,0.74640861547089));
#4357=DIRECTION('center_axis',(0.,1.,-2.22044604925031E-16));
#4358=DIRECTION('ref_axis',(-1.,0.,0.));
#4359=DIRECTION('center_axis',(0.,1.,-2.22044604925031E-16));
#4360=DIRECTION('ref_axis',(0.665487925323089,1.65736006134873E-16,0.74640861547089));
#4361=DIRECTION('',(-1.,3.75754994086208E-32,1.69225005134925E-16));
#4362=DIRECTION('center_axis',(0.,1.,-2.22044604925031E-16));
#4363=DIRECTION('ref_axis',(-0.665487925323089,-1.65736006134873E-16,-0.74640861547089));
#4364=DIRECTION('',(-1.,0.,0.));
#4365=DIRECTION('center_axis',(0.,1.,-2.22044604925031E-16));
#4366=DIRECTION('ref_axis',(-0.643535008988591,-1.69956644050197E-16,-0.765416678813609));
#4367=DIRECTION('center_axis',(0.,1.,-2.22044604925031E-16));
#4368=DIRECTION('ref_axis',(-0.665487925323089,-1.65736006134873E-16,-0.74640861547089));
#4369=DIRECTION('',(0.,-1.,2.22044604925031E-16));
#4370=DIRECTION('center_axis',(0.,-1.,2.22044604925031E-16));
#4371=DIRECTION('ref_axis',(0.696268603650859,-1.59379470894804E-16,-0.717781325732345));
#4372=DIRECTION('',(0.,1.,-2.22044604925031E-16));
#4373=DIRECTION('center_axis',(0.,-1.,2.22044604925031E-16));
#4374=DIRECTION('ref_axis',(1.,2.71926214689378E-32,1.22464679914735E-16));
#4375=DIRECTION('',(0.,1.,-2.22044604925031E-16));
#4376=DIRECTION('',(0.,-1.,2.22044604925031E-16));
#4377=DIRECTION('center_axis',(0.,1.,-2.22044604925031E-16));
#4378=DIRECTION('ref_axis',(0.665487925323089,1.65736006134873E-16,0.74640861547089));
#4379=DIRECTION('',(0.,-1.,2.22044604925031E-16));
#4380=DIRECTION('center_axis',(0.,1.,-2.22044604925031E-16));
#4381=DIRECTION('ref_axis',(0.665487925323089,1.65736006134873E-16,0.74640861547089));
#4382=DIRECTION('center_axis',(0.,1.,-2.22044604925031E-16));
#4383=DIRECTION('ref_axis',(-1.,1.50036246866628E-31,6.75703185480616E-16));
#4384=DIRECTION('',(0.,1.,-2.22044604925031E-16));
#4385=DIRECTION('center_axis',(0.,1.,-2.22044604925031E-16));
#4386=DIRECTION('ref_axis',(1.,0.,0.));
#4387=DIRECTION('center_axis',(0.717781325732432,-1.54602687019338E-16,
-0.69626860365077));
#4388=DIRECTION('ref_axis',(-0.69626860365077,-1.59379470894823E-16,-0.717781325732432));
#4389=DIRECTION('center_axis',(0.,1.,-2.22044604925031E-16));
#4390=DIRECTION('ref_axis',(1.,0.,0.));
#4391=DIRECTION('',(-1.,1.99843204983732E-31,9.0001378349726E-16));
#4392=DIRECTION('',(-2.77555756156289E-16,-2.22044604925031E-16,-1.));
#4393=DIRECTION('',(1.,-9.86076131526264E-32,-4.44089209850063E-16));
#4394=DIRECTION('center_axis',(0.,1.,-2.22044604925031E-16));
#4395=DIRECTION('ref_axis',(0.521371957904327,1.8947721767549E-16,0.853329526918534));
#4396=DIRECTION('center_axis',(0.,-2.22044604925031E-16,-1.));
#4397=DIRECTION('ref_axis',(-1.,0.,0.));
#4398=DIRECTION('',(0.,1.,-2.22044604925031E-16));
#4399=DIRECTION('',(-1.,0.,0.));
#4400=DIRECTION('',(0.,-1.,2.22044604925031E-16));
#4401=DIRECTION('center_axis',(0.,1.,-2.22044604925031E-16));
#4402=DIRECTION('ref_axis',(-1.38777878078145E-16,2.22044604925031E-16,
1.));
#4403=DIRECTION('center_axis',(0.,-1.,2.22044604925031E-16));
#4404=DIRECTION('ref_axis',(-0.643535008988591,-1.69956644050197E-16,-0.765416678813609));
#4405=DIRECTION('center_axis',(0.,2.22044604925031E-16,1.));
#4406=DIRECTION('ref_axis',(1.,0.,0.));
#4407=DIRECTION('',(0.,-1.,2.22044604925031E-16));
#4408=DIRECTION('',(0.,1.,-2.22044604925031E-16));
#4409=DIRECTION('',(0.,-1.,2.22044604925031E-16));
#4410=DIRECTION('',(-1.,1.99843204983732E-31,9.0001378349726E-16));
#4411=DIRECTION('center_axis',(0.,1.,-2.22044604925031E-16));
#4412=DIRECTION('ref_axis',(-0.665487925323089,-1.65736006134873E-16,-0.74640861547089));
#4413=DIRECTION('',(0.,-1.,2.22044604925031E-16));
#4414=DIRECTION('center_axis',(0.,1.,-2.22044604925031E-16));
#4415=DIRECTION('ref_axis',(0.665487925323089,1.65736006134873E-16,0.74640861547089));
#4416=DIRECTION('',(0.,-1.,2.22044604925031E-16));
#4417=DIRECTION('center_axis',(0.,-1.,2.22044604925031E-16));
#4418=DIRECTION('ref_axis',(-0.69626860365077,1.59379470894823E-16,0.717781325732432));
#4419=DIRECTION('center_axis',(0.,-1.,2.22044604925031E-16));
#4420=DIRECTION('ref_axis',(0.521371957904327,1.8947721767549E-16,0.853329526918534));
#4421=DIRECTION('',(0.,-1.,2.22044604925031E-16));
#4422=DIRECTION('center_axis',(0.707106781186546,-0.707106781186549,1.57009245868378E-16));
#4423=DIRECTION('ref_axis',(0.707106781186549,0.707106781186546,-7.9485930720866E-16));
#4424=DIRECTION('center_axis',(0.,1.,-2.22044604925031E-16));
#4425=DIRECTION('ref_axis',(-0.521371957904327,1.8947721767549E-16,0.853329526918534));
#4426=DIRECTION('center_axis',(0.,1.,-2.22044604925031E-16));
#4427=DIRECTION('ref_axis',(-0.521371957904327,1.8947721767549E-16,0.853329526918534));
#4428=DIRECTION('center_axis',(0.707106781186548,0.707106781186548,-1.57009245868377E-16));
#4429=DIRECTION('ref_axis',(-0.707106781186548,0.707106781186548,-1.57009245868377E-16));
#4430=DIRECTION('',(0.,1.,-2.22044604925031E-16));
#4431=DIRECTION('center_axis',(-1.69225005134925E-16,-2.22044604925031E-16,
-1.));
#4432=DIRECTION('ref_axis',(-1.,3.75754994086208E-32,1.69225005134925E-16));
#4433=DIRECTION('center_axis',(1.,0.,0.));
#4434=DIRECTION('ref_axis',(0.,0.707106781186548,0.707106781186547));
#4435=DIRECTION('',(1.,0.,0.));
#4436=DIRECTION('center_axis',(-1.,0.,0.));
#4437=DIRECTION('ref_axis',(0.,0.707106781186548,0.707106781186547));
#4438=DIRECTION('center_axis',(1.,-9.86076131526264E-32,-4.44089209850063E-16));
#4439=DIRECTION('ref_axis',(1.96261557335472E-16,0.707106781186548,0.707106781186547));
#4440=DIRECTION('',(1.,-9.86076131526264E-32,-4.44089209850063E-16));
#4441=DIRECTION('center_axis',(1.,-6.16297582203915E-32,-2.77555756156289E-16));
#4442=DIRECTION('ref_axis',(1.96261557335472E-16,0.707106781186548,0.707106781186547));
#4443=DIRECTION('center_axis',(0.,-2.22044604925031E-16,-1.));
#4444=DIRECTION('ref_axis',(1.,0.,0.));
#4445=DIRECTION('',(1.,0.,0.));
#4446=DIRECTION('',(0.,-1.,2.22044604925031E-16));
#4447=DIRECTION('center_axis',(1.,0.,0.));
#4448=DIRECTION('ref_axis',(0.,2.22044604925031E-16,1.));
#4449=DIRECTION('',(0.,2.22044604925031E-16,1.));
#4450=DIRECTION('center_axis',(-1.,6.16297582203915E-32,2.77555756156289E-16));
#4451=DIRECTION('ref_axis',(-2.77555756156289E-16,-2.22044604925031E-16,
-1.));
#4452=DIRECTION('',(0.,-1.,2.22044604925031E-16));
#4453=DIRECTION('center_axis',(-4.44089209850063E-16,-2.22044604925031E-16,
-1.));
#4454=DIRECTION('ref_axis',(1.,-9.86076131526264E-32,-4.44089209850063E-16));
#4455=DIRECTION('center_axis',(0.,1.,-2.22044604925031E-16));
#4456=DIRECTION('ref_axis',(1.,0.,0.));
#4457=DIRECTION('center_axis',(0.,1.,-2.22044604925031E-16));
#4458=DIRECTION('ref_axis',(-1.,0.,0.));
#4459=DIRECTION('center_axis',(0.,-1.,2.22044604925031E-16));
#4460=DIRECTION('ref_axis',(-1.,0.,0.));
#4461=DIRECTION('center_axis',(0.,-1.,2.22044604925031E-16));
#4462=DIRECTION('ref_axis',(-1.,0.,0.));
#4463=DIRECTION('',(0.,1.,-2.22044604925031E-16));
#4464=DIRECTION('center_axis',(0.,1.,-2.22044604925031E-16));
#4465=DIRECTION('ref_axis',(1.,0.,0.));
#4466=DIRECTION('center_axis',(0.,1.,-2.22044604925031E-16));
#4467=DIRECTION('ref_axis',(-1.,0.,0.));
#4468=DIRECTION('center_axis',(0.383198075209352,2.05095094794876E-16,0.923666192493721));
#4469=DIRECTION('ref_axis',(0.,1.,-2.22044604925031E-16));
#4470=DIRECTION('center_axis',(0.415157452807757,-0.415157452807753,0.809498967730258));
#4471=DIRECTION('ref_axis',(0.,0.889804172372738,0.456342563024826));
#4472=DIRECTION('center_axis',(0.6,0.8,-1.77635683940025E-16));
#4473=DIRECTION('ref_axis',(-0.8,0.6,-1.33226762955019E-16));
#4474=DIRECTION('center_axis',(-0.8,-0.6,1.33226762955019E-16));
#4475=DIRECTION('ref_axis',(-0.6,0.8,-1.77635683940025E-16));
#4476=DIRECTION('center_axis',(0.,1.,-2.22044604925031E-16));
#4477=DIRECTION('ref_axis',(-0.521371957904327,1.8947721767549E-16,0.853329526918534));
#4478=DIRECTION('',(0.,-1.,2.22044604925031E-16));
#4479=DIRECTION('center_axis',(0.,-1.,2.22044604925031E-16));
#4480=DIRECTION('ref_axis',(-0.521371957904327,1.8947721767549E-16,0.853329526918534));
#4481=DIRECTION('',(0.,1.,-2.22044604925031E-16));
#4482=DIRECTION('center_axis',(1.,0.,0.));
#4483=DIRECTION('ref_axis',(0.,0.707106781186548,0.707106781186547));
#4484=DIRECTION('',(1.,0.,0.));
#4485=DIRECTION('center_axis',(1.,0.,0.));
#4486=DIRECTION('ref_axis',(0.,0.707106781186548,0.707106781186547));
#4487=DIRECTION('center_axis',(0.,1.,-2.22044604925031E-16));
#4488=DIRECTION('ref_axis',(1.,0.,0.));
#4489=DIRECTION('center_axis',(0.,1.,-2.22044604925031E-16));
#4490=DIRECTION('ref_axis',(-1.,1.50036246866628E-31,6.75703185480616E-16));
#4491=DIRECTION('center_axis',(-0.415157452807754,-0.415157452807754,0.809498967730259));
#4492=DIRECTION('ref_axis',(0.889804172372738,1.01328404117324E-16,0.456342563024826));
#4493=DIRECTION('center_axis',(0.800000000000001,-0.599999999999999,-3.10862446895045E-16));
#4494=DIRECTION('ref_axis',(0.599999999999999,0.800000000000001,-3.99680288865057E-16));
#4495=DIRECTION('center_axis',(-0.6,0.8,1.55431223447522E-16));
#4496=DIRECTION('ref_axis',(0.8,0.6,-3.5527136788005E-16));
#4497=DIRECTION('center_axis',(1.,-9.86076131526264E-32,-4.44089209850063E-16));
#4498=DIRECTION('ref_axis',(1.96261557335472E-16,0.707106781186548,0.707106781186547));
#4499=DIRECTION('center_axis',(-1.,6.16297582203915E-32,2.77555756156289E-16));
#4500=DIRECTION('ref_axis',(1.96261557335472E-16,0.707106781186548,0.707106781186547));
#4501=DIRECTION('',(1.,-9.86076131526264E-32,-4.44089209850063E-16));
#4502=DIRECTION('center_axis',(0.,-1.,2.22044604925031E-16));
#4503=DIRECTION('ref_axis',(0.521371957904327,1.8947721767549E-16,0.853329526918534));
#4504=DIRECTION('',(0.,-1.,2.22044604925031E-16));
#4505=DIRECTION('center_axis',(0.,-1.,2.22044604925031E-16));
#4506=DIRECTION('ref_axis',(0.521371957904327,1.8947721767549E-16,0.853329526918534));
#4507=DIRECTION('center_axis',(0.,1.,-2.22044604925031E-16));
#4508=DIRECTION('ref_axis',(-0.665487925323089,-1.65736006134873E-16,-0.74640861547089));
#4509=DIRECTION('',(0.,-1.,2.22044604925031E-16));
#4510=DIRECTION('center_axis',(0.,-1.,2.22044604925031E-16));
#4511=DIRECTION('ref_axis',(-1.,0.,0.));
#4512=DIRECTION('',(-1.,0.,0.));
#4513=DIRECTION('',(0.,2.22044604925031E-16,1.));
#4514=DIRECTION('',(1.,0.,0.));
#4515=DIRECTION('center_axis',(0.,1.,-2.22044604925031E-16));
#4516=DIRECTION('ref_axis',(0.665487925323089,1.65736006134873E-16,0.74640861547089));
#4517=DIRECTION('center_axis',(0.,-1.,2.22044604925031E-16));
#4518=DIRECTION('ref_axis',(-0.375645227753241,2.05782844552595E-16,0.926763542046306));
#4519=DIRECTION('center_axis',(0.,-2.22044604925031E-16,-1.));
#4520=DIRECTION('ref_axis',(1.,0.,0.));
#4521=DIRECTION('',(0.,-1.,2.22044604925031E-16));
#4522=DIRECTION('center_axis',(1.,0.,0.));
#4523=DIRECTION('ref_axis',(0.,2.22044604925031E-16,1.));
#4524=DIRECTION('',(0.,-1.,2.22044604925031E-16));
#4525=DIRECTION('center_axis',(1.,0.,0.));
#4526=DIRECTION('ref_axis',(0.,0.707106781186546,0.707106781186549));
#4527=DIRECTION('center_axis',(0.,-1.,2.22044604925031E-16));
#4528=DIRECTION('ref_axis',(-1.,0.,0.));
#4529=DIRECTION('',(1.,-9.86076131526264E-32,-4.44089209850063E-16));
#4530=DIRECTION('',(-2.77555756156289E-16,-2.22044604925031E-16,-1.));
#4531=DIRECTION('',(-1.,0.,0.));
#4532=DIRECTION('center_axis',(0.,-1.,2.22044604925031E-16));
#4533=DIRECTION('ref_axis',(0.375645227753242,2.05782844552595E-16,0.926763542046306));
#4534=DIRECTION('center_axis',(-1.,6.16297582203915E-32,2.77555756156289E-16));
#4535=DIRECTION('ref_axis',(-2.77555756156289E-16,-2.22044604925031E-16,
-1.));
#4536=DIRECTION('',(0.,1.,-2.22044604925031E-16));
#4537=DIRECTION('',(0.,-1.,2.22044604925031E-16));
#4538=DIRECTION('center_axis',(-1.,6.16297582203915E-32,2.77555756156289E-16));
#4539=DIRECTION('ref_axis',(0.,0.707106781186546,0.707106781186549));
#4540=DIRECTION('center_axis',(-4.44089209850063E-16,-2.22044604925031E-16,
-1.));
#4541=DIRECTION('ref_axis',(1.,-9.86076131526264E-32,-4.44089209850063E-16));
#4542=DIRECTION('center_axis',(0.,1.,-2.22044604925031E-16));
#4543=DIRECTION('ref_axis',(-0.375645227753241,2.05782844552595E-16,0.926763542046306));
#4544=DIRECTION('',(0.,-1.,2.22044604925031E-16));
#4545=DIRECTION('',(0.,1.,-2.22044604925031E-16));
#4546=DIRECTION('center_axis',(0.,1.,-2.22044604925031E-16));
#4547=DIRECTION('ref_axis',(0.665487925323089,1.65736006134873E-16,0.74640861547089));
#4548=DIRECTION('center_axis',(0.,1.,-2.22044604925031E-16));
#4549=DIRECTION('ref_axis',(0.375645227753242,2.05782844552595E-16,0.926763542046306));
#4550=DIRECTION('',(0.,-1.,2.22044604925031E-16));
#4551=DIRECTION('center_axis',(0.,2.22044604925031E-16,1.));
#4552=DIRECTION('ref_axis',(1.,0.,0.));
#4553=DIRECTION('',(1.,0.,0.));
#4554=DIRECTION('center_axis',(1.,0.,0.));
#4555=DIRECTION('ref_axis',(0.,0.707106781186546,0.707106781186549));
#4556=DIRECTION('center_axis',(1.,0.,0.));
#4557=DIRECTION('ref_axis',(0.,-2.22044604925031E-16,-1.));
#4558=DIRECTION('center_axis',(0.,1.,-2.22044604925031E-16));
#4559=DIRECTION('ref_axis',(0.375645227753241,-2.05782844552595E-16,-0.926763542046306));
#4560=DIRECTION('center_axis',(-1.,3.75754994086208E-32,1.69225005134925E-16));
#4561=DIRECTION('ref_axis',(0.,0.707106781186546,-0.707106781186549));
#4562=DIRECTION('center_axis',(1.,0.,0.));
#4563=DIRECTION('ref_axis',(0.,-2.22044604925031E-16,-1.));
#4564=DIRECTION('',(-1.,3.75754994086208E-32,1.69225005134925E-16));
#4565=DIRECTION('center_axis',(0.,1.,-2.22044604925031E-16));
#4566=DIRECTION('ref_axis',(-0.375645227753242,-2.05782844552595E-16,-0.926763542046306));
#4567=DIRECTION('center_axis',(0.,1.,-2.22044604925031E-16));
#4568=DIRECTION('ref_axis',(0.375645227753241,-2.05782844552595E-16,-0.926763542046306));
#4569=DIRECTION('',(0.,1.,-2.22044604925031E-16));
#4570=DIRECTION('center_axis',(0.,1.,-2.22044604925031E-16));
#4571=DIRECTION('ref_axis',(-1.83697019872103E-16,0.,1.));
#4572=DIRECTION('center_axis',(-0.706770848517011,1.57083802484865E-16,
0.707442554336777));
#4573=DIRECTION('ref_axis',(0.,1.,-2.22044604925031E-16));
#4574=DIRECTION('center_axis',(0.,1.,-2.22044604925031E-16));
#4575=DIRECTION('ref_axis',(-1.66533453693773E-16,2.22044604925031E-16,
1.));
#4576=DIRECTION('center_axis',(0.706770848517011,1.57083802484865E-16,0.707442554336778));
#4577=DIRECTION('ref_axis',(0.707442554336778,-1.56934653831489E-16,-0.706770848517011));
#4578=DIRECTION('center_axis',(0.,-1.,2.22044604925031E-16));
#4579=DIRECTION('ref_axis',(-1.66533453693773E-16,2.22044604925031E-16,
1.));
#4580=DIRECTION('center_axis',(1.,0.,0.));
#4581=DIRECTION('ref_axis',(0.,-2.22044604925031E-16,-1.));
#4582=DIRECTION('center_axis',(0.,-1.,2.22044604925031E-16));
#4583=DIRECTION('ref_axis',(0.382902828066723,-2.05122280341962E-16,-0.923788625313446));
#4584=DIRECTION('center_axis',(0.,1.,-2.22044604925031E-16));
#4585=DIRECTION('ref_axis',(0.382902828066723,-2.05122280341962E-16,-0.923788625313446));
#4586=DIRECTION('center_axis',(-1.,0.,0.));
#4587=DIRECTION('ref_axis',(0.,0.707106781186553,-0.707106781186542));
#4588=DIRECTION('center_axis',(1.,0.,0.));
#4589=DIRECTION('ref_axis',(0.,-2.22044604925031E-16,-1.));
#4590=DIRECTION('',(1.,0.,0.));
#4591=DIRECTION('',(-1.,0.,0.));
#4592=DIRECTION('center_axis',(0.,1.,-2.22044604925031E-16));
#4593=DIRECTION('ref_axis',(-0.382902828066724,-2.05122280341962E-16,-0.923788625313445));
#4594=DIRECTION('center_axis',(0.,-1.,2.22044604925031E-16));
#4595=DIRECTION('ref_axis',(-0.382902828066724,-2.05122280341962E-16,-0.923788625313445));
#4596=DIRECTION('center_axis',(0.,1.,-2.22044604925031E-16));
#4597=DIRECTION('ref_axis',(0.382902828066723,-2.05122280341962E-16,-0.923788625313446));
#4598=DIRECTION('',(0.,-1.,2.22044604925031E-16));
#4599=DIRECTION('',(0.,1.,-2.22044604925031E-16));
#4600=DIRECTION('center_axis',(0.,1.,-2.22044604925031E-16));
#4601=DIRECTION('ref_axis',(-1.66533453693773E-16,2.22044604925031E-16,
1.));
#4602=DIRECTION('',(0.,1.,-2.22044604925031E-16));
#4603=DIRECTION('center_axis',(0.,1.,-2.22044604925031E-16));
#4604=DIRECTION('ref_axis',(1.,0.,0.));
#4605=DIRECTION('center_axis',(0.,-1.,2.22044604925031E-16));
#4606=DIRECTION('ref_axis',(-1.,0.,0.));
#4607=DIRECTION('center_axis',(0.,-2.22044604925031E-16,-1.));
#4608=DIRECTION('ref_axis',(-1.,0.,0.));
#4609=DIRECTION('',(0.,-1.,2.22044604925031E-16));
#4610=DIRECTION('center_axis',(0.,1.,-2.22044604925031E-16));
#4611=DIRECTION('ref_axis',(-0.382902828066723,-2.05122280341962E-16,-0.923788625313445));
#4612=DIRECTION('center_axis',(0.,1.,-2.22044604925031E-16));
#4613=DIRECTION('ref_axis',(-0.375645227753241,-2.05782844552595E-16,-0.926763542046306));
#4614=DIRECTION('',(0.,-1.,2.22044604925031E-16));
#4615=DIRECTION('center_axis',(0.,1.,-2.22044604925031E-16));
#4616=DIRECTION('ref_axis',(1.,0.,0.));
#4617=DIRECTION('center_axis',(0.,-1.,2.22044604925031E-16));
#4618=DIRECTION('ref_axis',(-1.,0.,0.));
#4619=DIRECTION('',(0.,-1.,2.22044604925031E-16));
#4620=DIRECTION('center_axis',(-1.69225005134925E-16,-2.22044604925031E-16,
-1.));
#4621=DIRECTION('ref_axis',(-1.,3.75754994086208E-32,1.69225005134925E-16));
#4622=DIRECTION('center_axis',(0.,1.,-2.22044604925031E-16));
#4623=DIRECTION('ref_axis',(1.,0.,0.));
#4624=DIRECTION('center_axis',(0.,1.,-2.22044604925031E-16));
#4625=DIRECTION('ref_axis',(1.,0.,0.));
#4626=DIRECTION('',(0.,1.,-2.22044604925031E-16));
#4627=DIRECTION('center_axis',(0.,-1.,2.22044604925031E-16));
#4628=DIRECTION('ref_axis',(1.,0.,0.));
#4629=DIRECTION('center_axis',(0.,1.,-2.22044604925031E-16));
#4630=DIRECTION('ref_axis',(1.,0.,0.));
#4631=DIRECTION('center_axis',(0.,1.,-2.22044604925031E-16));
#4632=DIRECTION('ref_axis',(1.,0.,0.));
#4633=DIRECTION('',(0.,-1.,2.22044604925031E-16));
#4634=DIRECTION('center_axis',(0.,1.,-2.22044604925031E-16));
#4635=DIRECTION('ref_axis',(1.,0.,0.));
#4636=DIRECTION('center_axis',(0.,1.,-2.22044604925031E-16));
#4637=DIRECTION('ref_axis',(1.,0.,0.));
#4638=DIRECTION('center_axis',(0.,1.,-2.22044604925031E-16));
#4639=DIRECTION('ref_axis',(1.,0.,0.));
#4640=DIRECTION('center_axis',(0.,1.,-2.22044604925031E-16));
#4641=DIRECTION('ref_axis',(0.707106781186548,1.57009245868377E-16,0.707106781186548));
#4642=DIRECTION('center_axis',(0.,-1.,2.22044604925031E-16));
#4643=DIRECTION('ref_axis',(0.707106781186548,1.57009245868377E-16,0.707106781186548));
#4644=DIRECTION('',(0.,-1.,2.22044604925031E-16));
#4645=DIRECTION('center_axis',(0.,1.,-2.22044604925031E-16));
#4646=DIRECTION('ref_axis',(0.707106781186548,1.57009245868377E-16,0.707106781186548));
#4647=DIRECTION('',(0.,1.,-2.22044604925031E-16));
#4648=DIRECTION('center_axis',(0.,1.,-2.22044604925031E-16));
#4649=DIRECTION('ref_axis',(2.77555756156289E-16,2.22044604925031E-16,1.));
#4650=DIRECTION('',(0.,-2.22044604925031E-16,-1.));
#4651=DIRECTION('',(1.,0.,0.));
#4652=DIRECTION('',(0.,-2.22044604925031E-16,-1.));
#4653=DIRECTION('center_axis',(0.,1.,-2.22044604925031E-16));
#4654=DIRECTION('ref_axis',(0.707106781186547,1.57009245868378E-16,0.707106781186548));
#4655=DIRECTION('',(1.,-7.04340093947332E-32,-3.1720657846433E-16));
#4656=DIRECTION('',(-2.66453525910038E-16,-2.22044604925031E-16,-1.));
#4657=DIRECTION('',(-1.,5.91645678915759E-32,2.66453525910038E-16));
#4658=DIRECTION('center_axis',(-1.,0.,0.));
#4659=DIRECTION('ref_axis',(0.,1.,-2.22044604925031E-16));
#4660=DIRECTION('',(0.,2.22044604925031E-16,1.));
#4661=DIRECTION('',(0.,-1.,2.22044604925031E-16));
#4662=DIRECTION('',(0.,2.22044604925031E-16,1.));
#4663=DIRECTION('',(0.,-1.,2.22044604925031E-16));
#4664=DIRECTION('center_axis',(0.,-1.,2.22044604925031E-16));
#4665=DIRECTION('ref_axis',(0.707106781186547,1.57009245868378E-16,0.707106781186548));
#4666=DIRECTION('center_axis',(0.,-1.,2.22044604925031E-16));
#4667=DIRECTION('ref_axis',(0.707106781186547,1.57009245868378E-16,0.707106781186548));
#4668=DIRECTION('',(0.,1.,-2.22044604925031E-16));
#4669=DIRECTION('',(0.,-1.,2.22044604925031E-16));
#4670=DIRECTION('center_axis',(-3.1720657846433E-16,-2.22044604925031E-16,
-1.));
#4671=DIRECTION('ref_axis',(0.,1.,-2.22044604925031E-16));
#4672=DIRECTION('',(1.,-7.04340093947332E-32,-3.1720657846433E-16));
#4673=DIRECTION('',(1.,-7.04340093947332E-32,-3.1720657846433E-16));
#4674=DIRECTION('center_axis',(3.1720657846433E-16,2.22044604925031E-16,
1.));
#4675=DIRECTION('ref_axis',(-0.707106781186549,-0.707106781186546,1.57009245868377E-16));
#4676=DIRECTION('',(0.,-1.,2.22044604925031E-16));
#4677=DIRECTION('center_axis',(3.1720657846433E-16,2.22044604925031E-16,
1.));
#4678=DIRECTION('ref_axis',(-0.707106781186549,0.707106781186546,-1.57009245868377E-16));
#4679=DIRECTION('center_axis',(3.1720657846433E-16,2.22044604925031E-16,
1.));
#4680=DIRECTION('ref_axis',(-1.,7.04340093947332E-32,3.1720657846433E-16));
#4681=DIRECTION('center_axis',(-1.,0.,0.));
#4682=DIRECTION('ref_axis',(0.,-2.22044604925031E-16,-1.));
#4683=DIRECTION('',(0.,-1.,2.22044604925031E-16));
#4684=DIRECTION('',(0.,-2.22044604925031E-16,-1.));
#4685=DIRECTION('center_axis',(0.,-2.22044604925031E-16,-1.));
#4686=DIRECTION('ref_axis',(1.,0.,0.));
#4687=DIRECTION('',(1.,0.,0.));
#4688=DIRECTION('center_axis',(0.,-1.,2.22044604925031E-16));
#4689=DIRECTION('ref_axis',(-1.,0.,0.));
#4690=DIRECTION('center_axis',(0.,-1.,2.22044604925031E-16));
#4691=DIRECTION('ref_axis',(-2.77555756156289E-16,-2.22044604925031E-16,
-1.));
#4692=DIRECTION('',(1.,-7.04340093947332E-32,-3.1720657846433E-16));
#4693=DIRECTION('',(2.66453525910038E-16,2.22044604925031E-16,1.));
#4694=DIRECTION('center_axis',(-1.,5.91645678915759E-32,2.66453525910038E-16));
#4695=DIRECTION('ref_axis',(0.,1.,-2.22044604925031E-16));
#4696=DIRECTION('',(-2.66453525910038E-16,-2.22044604925031E-16,-1.));
#4697=DIRECTION('',(0.,1.,-2.22044604925031E-16));
#4698=DIRECTION('',(2.66453525910038E-16,2.22044604925031E-16,1.));
#4699=DIRECTION('center_axis',(3.1720657846433E-16,2.22044604925031E-16,
1.));
#4700=DIRECTION('ref_axis',(0.,-1.,2.22044604925031E-16));
#4701=DIRECTION('center_axis',(-3.1720657846433E-16,-2.22044604925031E-16,
-1.));
#4702=DIRECTION('ref_axis',(-0.707106781186549,0.707106781186546,-1.57009245868377E-16));
#4703=DIRECTION('center_axis',(-3.1720657846433E-16,-2.22044604925031E-16,
-1.));
#4704=DIRECTION('ref_axis',(-0.707106781186549,-0.707106781186546,1.57009245868377E-16));
#4705=DIRECTION('center_axis',(-3.1720657846433E-16,-2.22044604925031E-16,
-1.));
#4706=DIRECTION('ref_axis',(-1.,7.04340093947332E-32,3.1720657846433E-16));
#4707=DIRECTION('center_axis',(-2.66453525910038E-16,-2.22044604925031E-16,
-1.));
#4708=DIRECTION('ref_axis',(-0.707106781186549,0.707106781186546,-1.57009245868377E-16));
#4709=DIRECTION('center_axis',(2.66453525910038E-16,2.22044604925031E-16,
1.));
#4710=DIRECTION('ref_axis',(-0.707106781186549,-0.707106781186546,1.57009245868377E-16));
#4711=DIRECTION('center_axis',(-3.1720657846433E-16,-2.22044604925031E-16,
-1.));
#4712=DIRECTION('ref_axis',(-1.,7.04340093947332E-32,3.1720657846433E-16));
#4713=DIRECTION('',(-3.1720657846433E-16,-2.22044604925031E-16,-1.));
#4714=DIRECTION('center_axis',(0.,-1.,2.22044604925031E-16));
#4715=DIRECTION('ref_axis',(1.,0.,0.));
#4716=DIRECTION('center_axis',(0.,-1.,2.22044604925031E-16));
#4717=DIRECTION('ref_axis',(1.,0.,0.));
#4718=DIRECTION('',(-0.707106781186555,-0.70710678118654,2.43604851491926E-16));
#4719=DIRECTION('center_axis',(0.,1.,-2.22044604925031E-16));
#4720=DIRECTION('ref_axis',(1.,0.,0.));
#4721=DIRECTION('center_axis',(0.,1.,-2.22044604925031E-16));
#4722=DIRECTION('ref_axis',(1.,0.,0.));
#4723=DIRECTION('center_axis',(0.,1.,-2.22044604925031E-16));
#4724=DIRECTION('ref_axis',(1.,0.,0.));
#4725=DIRECTION('center_axis',(0.,1.,-2.22044604925031E-16));
#4726=DIRECTION('ref_axis',(1.,0.,0.));
#4727=DIRECTION('center_axis',(0.,1.,-2.22044604925031E-16));
#4728=DIRECTION('ref_axis',(1.,0.,0.));
#4729=DIRECTION('',(-0.707106781186552,0.707106781186543,-2.43604851491926E-16));
#4730=DIRECTION('center_axis',(0.,-1.,2.22044604925031E-16));
#4731=DIRECTION('ref_axis',(1.,0.,0.));
#4732=DIRECTION('center_axis',(0.,-1.,2.22044604925031E-16));
#4733=DIRECTION('ref_axis',(1.,0.,0.));
#4734=DIRECTION('',(0.,1.,-2.22044604925031E-16));
#4735=DIRECTION('center_axis',(0.,1.,-2.22044604925031E-16));
#4736=DIRECTION('ref_axis',(-0.707106781186547,1.57009245868378E-16,0.707106781186548));
#4737=DIRECTION('center_axis',(0.,-1.,2.22044604925031E-16));
#4738=DIRECTION('ref_axis',(-0.707106781186547,1.57009245868378E-16,0.707106781186548));
#4739=DIRECTION('',(0.,1.,-2.22044604925031E-16));
#4740=DIRECTION('center_axis',(0.,1.,-2.22044604925031E-16));
#4741=DIRECTION('ref_axis',(-0.707106781186547,1.57009245868378E-16,0.707106781186548));
#4742=DIRECTION('',(0.,-1.,2.22044604925031E-16));
#4743=DIRECTION('center_axis',(1.,0.,0.));
#4744=DIRECTION('ref_axis',(0.,2.22044604925031E-16,1.));
#4745=DIRECTION('',(0.,2.22044604925031E-16,1.));
#4746=DIRECTION('',(0.,-1.,2.22044604925031E-16));
#4747=DIRECTION('',(0.,-2.22044604925031E-16,-1.));
#4748=DIRECTION('center_axis',(0.,-1.,2.22044604925031E-16));
#4749=DIRECTION('ref_axis',(-0.707106781186547,1.57009245868378E-16,0.707106781186548));
#4750=DIRECTION('center_axis',(0.,1.,-2.22044604925031E-16));
#4751=DIRECTION('ref_axis',(-0.707106781186547,1.57009245868378E-16,0.707106781186548));
#4752=DIRECTION('',(0.,1.,-2.22044604925031E-16));
#4753=DIRECTION('center_axis',(0.,-1.,2.22044604925031E-16));
#4754=DIRECTION('ref_axis',(-0.707106781186547,1.57009245868378E-16,0.707106781186548));
#4755=DIRECTION('',(0.,-1.,2.22044604925031E-16));
#4756=DIRECTION('center_axis',(0.,-1.,2.22044604925031E-16));
#4757=DIRECTION('ref_axis',(-2.77555756156289E-16,-2.22044604925031E-16,
-1.));
#4758=DIRECTION('',(0.,-2.22044604925031E-16,-1.));
#4759=DIRECTION('',(1.,-7.04340093947332E-32,-3.1720657846433E-16));
#4760=DIRECTION('',(-3.1720657846433E-16,-2.22044604925031E-16,-1.));
#4761=DIRECTION('',(1.,-7.04340093947332E-32,-3.1720657846433E-16));
#4762=DIRECTION('center_axis',(1.,0.,0.));
#4763=DIRECTION('ref_axis',(0.,-1.,2.22044604925031E-16));
#4764=DIRECTION('',(0.,2.22044604925031E-16,1.));
#4765=DIRECTION('',(0.,-1.,2.22044604925031E-16));
#4766=DIRECTION('',(0.,-2.22044604925031E-16,-1.));
#4767=DIRECTION('',(0.,1.,-2.22044604925031E-16));
#4768=DIRECTION('center_axis',(0.,-2.22044604925031E-16,-1.));
#4769=DIRECTION('ref_axis',(1.,0.,0.));
#4770=DIRECTION('',(-1.,0.,0.));
#4771=DIRECTION('',(1.,0.,0.));
#4772=DIRECTION('center_axis',(0.,-1.,2.22044604925031E-16));
#4773=DIRECTION('ref_axis',(-1.,0.,0.));
#4774=DIRECTION('',(1.,-7.04340093947332E-32,-3.1720657846433E-16));
#4775=DIRECTION('center_axis',(-3.1720657846433E-16,-2.22044604925031E-16,
-1.));
#4776=DIRECTION('ref_axis',(0.,1.,-2.22044604925031E-16));
#4777=DIRECTION('',(1.,-7.04340093947332E-32,-3.1720657846433E-16));
#4778=DIRECTION('center_axis',(3.1720657846433E-16,2.22044604925031E-16,
1.));
#4779=DIRECTION('ref_axis',(0.707106781186549,0.707106781186546,-1.57009245868377E-16));
#4780=DIRECTION('',(0.,1.,-2.22044604925031E-16));
#4781=DIRECTION('center_axis',(3.1720657846433E-16,2.22044604925031E-16,
1.));
#4782=DIRECTION('ref_axis',(0.707106781186549,-0.707106781186546,1.57009245868377E-16));
#4783=DIRECTION('center_axis',(3.1720657846433E-16,2.22044604925031E-16,
1.));
#4784=DIRECTION('ref_axis',(-1.,7.04340093947332E-32,3.1720657846433E-16));
#4785=DIRECTION('center_axis',(0.,1.,-2.22044604925031E-16));
#4786=DIRECTION('ref_axis',(2.77555756156289E-16,2.22044604925031E-16,1.));
#4787=DIRECTION('',(-1.,5.91645678915759E-32,2.66453525910038E-16));
#4788=DIRECTION('',(3.1720657846433E-16,2.22044604925031E-16,1.));
#4789=DIRECTION('center_axis',(3.1720657846433E-16,2.22044604925031E-16,
1.));
#4790=DIRECTION('ref_axis',(0.,-1.,2.22044604925031E-16));
#4791=DIRECTION('center_axis',(-3.1720657846433E-16,-2.22044604925031E-16,
-1.));
#4792=DIRECTION('ref_axis',(0.707106781186549,-0.707106781186546,1.57009245868377E-16));
#4793=DIRECTION('',(0.,-1.,2.22044604925031E-16));
#4794=DIRECTION('center_axis',(-3.1720657846433E-16,-2.22044604925031E-16,
-1.));
#4795=DIRECTION('ref_axis',(0.707106781186549,0.707106781186546,-1.57009245868377E-16));
#4796=DIRECTION('center_axis',(-3.1720657846433E-16,-2.22044604925031E-16,
-1.));
#4797=DIRECTION('ref_axis',(-1.,7.04340093947332E-32,3.1720657846433E-16));
#4798=DIRECTION('center_axis',(-3.1720657846433E-16,-2.22044604925031E-16,
-1.));
#4799=DIRECTION('ref_axis',(-1.,7.04340093947332E-32,3.1720657846433E-16));
#4800=DIRECTION('',(-3.1720657846433E-16,-2.22044604925031E-16,-1.));
#4801=DIRECTION('center_axis',(-3.1720657846433E-16,-2.22044604925031E-16,
-1.));
#4802=DIRECTION('ref_axis',(0.707106781186549,-0.707106781186546,1.57009245868377E-16));
#4803=DIRECTION('',(3.1720657846433E-16,2.22044604925031E-16,1.));
#4804=DIRECTION('center_axis',(1.,-7.04340093947332E-32,-3.1720657846433E-16));
#4805=DIRECTION('ref_axis',(0.,-1.,2.22044604925031E-16));
#4806=DIRECTION('',(-3.1720657846433E-16,-2.22044604925031E-16,-1.));
#4807=DIRECTION('center_axis',(3.1720657846433E-16,2.22044604925031E-16,
1.));
#4808=DIRECTION('ref_axis',(0.707106781186549,0.707106781186546,-1.57009245868377E-16));
#4809=CARTESIAN_POINT('',(0.,0.,0.));
#4810=CARTESIAN_POINT('Origin',(-1.81571548306971,12.0039259428924,3.99999999999999));
#4811=CARTESIAN_POINT('',(0.984284516930295,12.0039259428924,4.49999999999999));
#4812=CARTESIAN_POINT('',(-1.81571548306971,12.0039259428924,4.49999999999999));
#4813=CARTESIAN_POINT('',(6.82578800012804,12.0039259428924,4.49999999999999));
#4814=CARTESIAN_POINT('',(0.984284516930295,12.0039259428924,3.99999999999999));
#4815=CARTESIAN_POINT('',(0.984284516930295,12.0039259428924,3.99999999999999));
#4816=CARTESIAN_POINT('',(-1.81571548306971,12.0039259428924,3.99999999999999));
#4817=CARTESIAN_POINT('',(6.82578800012804,12.0039259428924,3.99999999999999));
#4818=CARTESIAN_POINT('',(-1.81571548306971,12.0039259428924,3.99999999999999));
#4819=CARTESIAN_POINT('Origin',(-1.8157154830697,13.5,3.99999999999999));
#4820=CARTESIAN_POINT('',(-1.8157154830697,13.5,4.49999999999999));
#4821=CARTESIAN_POINT('',(-1.81571548306971,4.,4.5));
#4822=CARTESIAN_POINT('',(-1.8157154830697,13.5,3.99999999999999));
#4823=CARTESIAN_POINT('',(-1.81571548306971,4.,4.));
#4824=CARTESIAN_POINT('',(-1.8157154830697,13.5,7.74999999999999));
#4825=CARTESIAN_POINT('Origin',(0.984284516930295,12.0039259428924,3.99999999999999));
#4826=CARTESIAN_POINT('',(0.984284516930295,13.5,4.49999999999999));
#4827=CARTESIAN_POINT('',(0.984284516930294,3.25196297144619,4.5));
#4828=CARTESIAN_POINT('',(0.984284516930295,13.5,3.99999999999999));
#4829=CARTESIAN_POINT('',(0.984284516930295,13.5,7.74999999999999));
#4830=CARTESIAN_POINT('',(0.984284516930294,3.25196297144619,4.));
#4831=CARTESIAN_POINT('Origin',(15.4672914833258,-5.5,4.5));
#4832=CARTESIAN_POINT('',(-6.42261628933257,13.5,4.49999999999999));
#4833=CARTESIAN_POINT('',(7.73364574166289,13.5,4.49999999999999));
#4834=CARTESIAN_POINT('',(-6.42261628933257,-5.,4.5));
#4835=CARTESIAN_POINT('',(-6.42261628933257,-5.5,4.5));
#4836=CARTESIAN_POINT('',(6.42261628933257,-5.,4.5));
#4837=CARTESIAN_POINT('',(7.73364574166289,-5.,4.5));
#4838=CARTESIAN_POINT('',(6.42261628933256,13.5,4.49999999999999));
#4839=CARTESIAN_POINT('',(6.42261628933256,-5.5,4.5));
#4840=CARTESIAN_POINT('',(7.73364574166289,13.5,4.49999999999999));
#4841=CARTESIAN_POINT('Origin',(-4.72128241470665E-16,13.5,11.5));
#4842=CARTESIAN_POINT('',(-6.22494979899437,13.5,3.99999999999999));
#4843=CARTESIAN_POINT('',(7.73364574166289,13.5,3.99999999999999));
#4844=CARTESIAN_POINT('',(-6.91661088777152,13.5,4.27777777777777));
#4845=CARTESIAN_POINT('Origin',(-6.22494979899437,13.5,4.99999999999999));
#4846=CARTESIAN_POINT('',(-9.8991096898584,13.5,10.0830923289955));
#4847=CARTESIAN_POINT('Origin',(0.,13.5,11.5));
#4848=CARTESIAN_POINT('',(-9.39374114247612,13.5,10.0830923289955));
#4849=CARTESIAN_POINT('',(5.,13.5,10.0830923289955));
#4850=CARTESIAN_POINT('Origin',(0.,13.5,11.5));
#4851=CARTESIAN_POINT('Origin',(10.,13.2485403562364,12.7589519992594));
#4852=CARTESIAN_POINT('',(-9.4320810462684,13.2485403562364,12.6339519992594));
#4853=CARTESIAN_POINT('',(-9.39865292814592,13.2485403562364,12.8839519992594));
#4854=CARTESIAN_POINT('Ctrl Pts',(-9.4320810462684,13.2485403562364,12.6339519992594));
#4855=CARTESIAN_POINT('Ctrl Pts',(-9.4320810462684,13.2328532215133,12.6339519992594));
#4856=CARTESIAN_POINT('Ctrl Pts',(-9.43170617941743,13.2161283699875,12.6370865590781));
#4857=CARTESIAN_POINT('Ctrl Pts',(-9.43016331434259,13.1853805453198,12.6498065487617));
#4858=CARTESIAN_POINT('Ctrl Pts',(-9.42899424197903,13.1713578800485,12.6593925925176));
#4859=CARTESIAN_POINT('Ctrl Pts',(-9.42624221318181,13.149121135346,12.6815598270033));
#4860=CARTESIAN_POINT('Ctrl Pts',(-9.42447108645282,13.139465695445,12.6956557311752));
#4861=CARTESIAN_POINT('Ctrl Pts',(-9.42050527801079,13.1266748521161,12.7265056942981));
#4862=CARTESIAN_POINT('Ctrl Pts',(-9.41830957327199,13.1235403562364,12.7432599980046));
#4863=CARTESIAN_POINT('Ctrl Pts',(-9.41411062029031,13.1235403562364,12.7746656668204));
#4864=CARTESIAN_POINT('Ctrl Pts',(-9.4118247766113,13.1266827940394,12.7914298514054));
#4865=CARTESIAN_POINT('Ctrl Pts',(-9.40754003257868,13.1394863108874,12.8222855739927));
#4866=CARTESIAN_POINT('Ctrl Pts',(-9.40554207150556,13.1491467860551,12.8363774929932));
#4867=CARTESIAN_POINT('Ctrl Pts',(-9.40236837631981,13.1713801919564,12.8585259561377));
#4868=CARTESIAN_POINT('Ctrl Pts',(-9.40097482664952,13.1853928456547,12.8681036991598));
#4869=CARTESIAN_POINT('Ctrl Pts',(-9.39911665651206,13.2161284019398,12.8808162917358));
#4870=CARTESIAN_POINT('Ctrl Pts',(-9.39865292814592,13.2328510035803,12.8839519992594));
#4871=CARTESIAN_POINT('Ctrl Pts',(-9.39865292814592,13.2485403562364,12.8839519992594));
#4872=CARTESIAN_POINT('',(-9.93549962827112,13.2485403562364,12.6339519992594));
#4873=CARTESIAN_POINT('',(10.,13.2485403562364,12.6339519992594));
#4874=CARTESIAN_POINT('',(-9.90377084063166,13.2485403562364,12.8839519992594));
#4875=CARTESIAN_POINT('Ctrl Pts',(-9.90377084063166,13.2485403562364,12.8839519992594));
#4876=CARTESIAN_POINT('Ctrl Pts',(-9.90377084063166,13.2328504304969,12.8839519992594));
#4877=CARTESIAN_POINT('Ctrl Pts',(-9.90421092861683,13.2161259714653,12.8808161959892));
#4878=CARTESIAN_POINT('Ctrl Pts',(-9.90597495378478,13.1853843182587,12.868099261868));
#4879=CARTESIAN_POINT('Ctrl Pts',(-9.90729803647779,13.1713673957174,12.8585173558728));
#4880=CARTESIAN_POINT('Ctrl Pts',(-9.91031063610238,13.1491376341083,12.8363641835422));
#4881=CARTESIAN_POINT('Ctrl Pts',(-9.91220635380486,13.1394811349082,12.8222757875681));
#4882=CARTESIAN_POINT('Ctrl Pts',(-9.91627226192572,13.1266822243283,12.7914257891602));
#4883=CARTESIAN_POINT('Ctrl Pts',(-9.9184415572275,13.1235403562364,12.7746638433664));
#4884=CARTESIAN_POINT('Ctrl Pts',(-9.92242690090019,13.1235403562364,12.7432596716873));
#4885=CARTESIAN_POINT('Ctrl Pts',(-9.92451091734683,13.1266750723339,12.726506622792));
#4886=CARTESIAN_POINT('Ctrl Pts',(-9.92827478671007,13.1394625685579,12.6956618142053));
#4887=CARTESIAN_POINT('Ctrl Pts',(-9.92995560638995,13.1491145318061,12.6815698338401));
#4888=CARTESIAN_POINT('Ctrl Pts',(-9.93256843815068,13.1713472987319,12.6593997491665));
#4889=CARTESIAN_POINT('Ctrl Pts',(-9.93367864009073,13.1853732373253,12.6498103675916));
#4890=CARTESIAN_POINT('Ctrl Pts',(-9.93514372981767,13.2161259380454,12.6370867700202));
#4891=CARTESIAN_POINT('Ctrl Pts',(-9.93549962827112,13.2328524224836,12.6339519992594));
#4892=CARTESIAN_POINT('Ctrl Pts',(-9.93549962827112,13.2485403562364,12.6339519992594));
#4893=CARTESIAN_POINT('',(10.,13.2485403562364,12.8839519992594));
#4894=CARTESIAN_POINT('Origin',(10.,13.2485403562364,12.8839519992594));
#4895=CARTESIAN_POINT('',(-9.39865292814592,13.5,12.8839519992594));
#4896=CARTESIAN_POINT('',(-9.39865292814592,-5.5,12.8839519992594));
#4897=CARTESIAN_POINT('',(-9.90377084063166,13.5,12.8839519992594));
#4898=CARTESIAN_POINT('',(-9.90377084063166,-5.5,12.8839519992594));
#4899=CARTESIAN_POINT('',(5.,13.5,12.8839519992594));
#4900=CARTESIAN_POINT('Origin',(10.,13.2485403562364,12.8839519992594));
#4901=CARTESIAN_POINT('',(9.90377084063166,13.2485403562364,12.8839519992594));
#4902=CARTESIAN_POINT('',(9.90377084063166,13.5,12.8839519992594));
#4903=CARTESIAN_POINT('',(9.90377084063166,-5.5,12.8839519992594));
#4904=CARTESIAN_POINT('',(9.39865292814592,13.2485403562364,12.8839519992594));
#4905=CARTESIAN_POINT('',(10.,13.2485403562364,12.8839519992594));
#4906=CARTESIAN_POINT('',(9.39865292814592,13.5,12.8839519992594));
#4907=CARTESIAN_POINT('',(9.39865292814592,-5.5,12.8839519992594));
#4908=CARTESIAN_POINT('',(5.,13.5,12.8839519992594));
#4909=CARTESIAN_POINT('Origin',(10.,13.2485403562364,12.7589519992594));
#4910=CARTESIAN_POINT('',(9.93549962827112,13.2485403562364,12.6339519992594));
#4911=CARTESIAN_POINT('Ctrl Pts',(9.93549962827112,13.2485403562364,12.6339519992594));
#4912=CARTESIAN_POINT('Ctrl Pts',(9.93549962827112,13.2328524224836,12.6339519992594));
#4913=CARTESIAN_POINT('Ctrl Pts',(9.93514372981767,13.2161259380454,12.6370867700202));
#4914=CARTESIAN_POINT('Ctrl Pts',(9.93367864009073,13.1853732373253,12.6498103675916));
#4915=CARTESIAN_POINT('Ctrl Pts',(9.93256843815068,13.1713472987319,12.6593997491665));
#4916=CARTESIAN_POINT('Ctrl Pts',(9.92995560638995,13.1491145318061,12.6815698338401));
#4917=CARTESIAN_POINT('Ctrl Pts',(9.92827478671007,13.1394625685579,12.6956618142053));
#4918=CARTESIAN_POINT('Ctrl Pts',(9.92451091734683,13.1266750723339,12.726506622792));
#4919=CARTESIAN_POINT('Ctrl Pts',(9.92242690090019,13.1235403562364,12.7432596716873));
#4920=CARTESIAN_POINT('Ctrl Pts',(9.9184415572275,13.1235403562364,12.7746638433664));
#4921=CARTESIAN_POINT('Ctrl Pts',(9.91627226192572,13.1266822243283,12.7914257891602));
#4922=CARTESIAN_POINT('Ctrl Pts',(9.91220635380486,13.1394811349082,12.8222757875681));
#4923=CARTESIAN_POINT('Ctrl Pts',(9.91031063610238,13.1491376341083,12.8363641835422));
#4924=CARTESIAN_POINT('Ctrl Pts',(9.90729803647779,13.1713673957174,12.8585173558728));
#4925=CARTESIAN_POINT('Ctrl Pts',(9.90597495378478,13.1853843182587,12.868099261868));
#4926=CARTESIAN_POINT('Ctrl Pts',(9.90421092861683,13.2161259714653,12.8808161959892));
#4927=CARTESIAN_POINT('Ctrl Pts',(9.90377084063166,13.2328504304969,12.8839519992594));
#4928=CARTESIAN_POINT('Ctrl Pts',(9.90377084063166,13.2485403562364,12.8839519992594));
#4929=CARTESIAN_POINT('',(9.4320810462684,13.2485403562364,12.6339519992594));
#4930=CARTESIAN_POINT('',(10.,13.2485403562364,12.6339519992594));
#4931=CARTESIAN_POINT('Ctrl Pts',(9.39865292814592,13.2485403562364,12.8839519992594));
#4932=CARTESIAN_POINT('Ctrl Pts',(9.39865292814592,13.2328510035803,12.8839519992594));
#4933=CARTESIAN_POINT('Ctrl Pts',(9.39911665651206,13.2161284019398,12.8808162917358));
#4934=CARTESIAN_POINT('Ctrl Pts',(9.40097482664952,13.1853928456547,12.8681036991598));
#4935=CARTESIAN_POINT('Ctrl Pts',(9.40236837631981,13.1713801919564,12.8585259561377));
#4936=CARTESIAN_POINT('Ctrl Pts',(9.40554207150556,13.1491467860551,12.8363774929932));
#4937=CARTESIAN_POINT('Ctrl Pts',(9.40754003257868,13.1394863108874,12.8222855739927));
#4938=CARTESIAN_POINT('Ctrl Pts',(9.4118247766113,13.1266827940394,12.7914298514054));
#4939=CARTESIAN_POINT('Ctrl Pts',(9.41411062029031,13.1235403562364,12.7746656668204));
#4940=CARTESIAN_POINT('Ctrl Pts',(9.41830957327199,13.1235403562364,12.7432599980046));
#4941=CARTESIAN_POINT('Ctrl Pts',(9.42050527801078,13.1266748521161,12.7265056942981));
#4942=CARTESIAN_POINT('Ctrl Pts',(9.42447108645282,13.139465695445,12.6956557311752));
#4943=CARTESIAN_POINT('Ctrl Pts',(9.42624221318181,13.149121135346,12.6815598270033));
#4944=CARTESIAN_POINT('Ctrl Pts',(9.42899424197903,13.1713578800485,12.6593925925176));
#4945=CARTESIAN_POINT('Ctrl Pts',(9.43016331434259,13.1853805453198,12.6498065487617));
#4946=CARTESIAN_POINT('Ctrl Pts',(9.43170617941743,13.2161283699875,12.6370865590781));
#4947=CARTESIAN_POINT('Ctrl Pts',(9.4320810462684,13.2328532215133,12.6339519992594));
#4948=CARTESIAN_POINT('Ctrl Pts',(9.4320810462684,13.2485403562364,12.6339519992594));
#4949=CARTESIAN_POINT('Origin',(10.,13.5,10.0830923289955));
#4950=CARTESIAN_POINT('',(-9.8991096898584,13.2485403562364,10.0830923289955));
#4951=CARTESIAN_POINT('',(-9.8991096898584,-5.5,10.0830923289955));
#4952=CARTESIAN_POINT('',(-9.39374114247612,13.2485403562364,10.0830923289955));
#4953=CARTESIAN_POINT('',(10.,13.2485403562364,10.0830923289955));
#4954=CARTESIAN_POINT('',(-9.39374114247612,-5.5,10.0830923289955));
#4955=CARTESIAN_POINT('Origin',(10.,13.5,10.0830923289955));
#4956=CARTESIAN_POINT('',(9.39374114247612,13.2485403562364,10.0830923289955));
#4957=CARTESIAN_POINT('',(9.39374114247612,13.5,10.0830923289955));
#4958=CARTESIAN_POINT('',(9.39374114247612,-5.5,10.0830923289955));
#4959=CARTESIAN_POINT('',(9.8991096898584,13.2485403562364,10.0830923289955));
#4960=CARTESIAN_POINT('',(10.,13.2485403562364,10.0830923289955));
#4961=CARTESIAN_POINT('',(9.8991096898584,13.5,10.0830923289955));
#4962=CARTESIAN_POINT('',(9.8991096898584,-5.5,10.0830923289955));
#4963=CARTESIAN_POINT('',(5.,13.5,10.0830923289955));
#4964=CARTESIAN_POINT('Origin',(10.,13.2485403562364,10.2080923289955));
#4965=CARTESIAN_POINT('',(-9.93168296349369,13.2485403564735,10.3330923289955));
#4966=CARTESIAN_POINT('Ctrl Pts',(-9.93168296349369,13.2485403562364,10.3330923289955));
#4967=CARTESIAN_POINT('Ctrl Pts',(-9.93168296349369,13.2328527976327,10.3330923289955));
#4968=CARTESIAN_POINT('Ctrl Pts',(-9.93131653820704,13.2161271455091,10.3299576518473));
#4969=CARTESIAN_POINT('Ctrl Pts',(-9.9298088775656,13.1853769833133,10.3172359165372));
#4970=CARTESIAN_POINT('Ctrl Pts',(-9.92866662430744,13.1713527658048,10.3076482718704));
#4971=CARTESIAN_POINT('Ctrl Pts',(-9.92597936968276,13.1491180774621,10.2854798032404));
#4972=CARTESIAN_POINT('Ctrl Pts',(-9.92425086059905,13.1394643458679,10.2713859391798));
#4973=CARTESIAN_POINT('Ctrl Pts',(-9.92038267836867,13.1266750562815,10.2405385289332));
#4974=CARTESIAN_POINT('Ctrl Pts',(-9.91824203496871,13.1235403562364,10.2237847487248));
#4975=CARTESIAN_POINT('Ctrl Pts',(-9.91415052587531,13.1235403562364,10.1923798631384));
#4976=CARTESIAN_POINT('Ctrl Pts',(-9.91192443055689,13.1266824033094,10.1756169428122));
#4977=CARTESIAN_POINT('Ctrl Pts',(-9.90775374397214,13.1394834178287,10.1447642028292));
#4978=CARTESIAN_POINT('Ctrl Pts',(-9.90581004548961,13.1491418083158,10.1306740231114));
#4979=CARTESIAN_POINT('Ctrl Pts',(-9.90272262392158,13.1713734087253,10.1085229239609));
#4980=CARTESIAN_POINT('Ctrl Pts',(-9.90136730772955,13.1853883644593,10.0989429584945));
#4981=CARTESIAN_POINT('Ctrl Pts',(-9.8995604164107,13.2161271775796,10.0862280673122));
#4982=CARTESIAN_POINT('Ctrl Pts',(-9.8991096898584,13.2328507487083,10.0830923289955));
#4983=CARTESIAN_POINT('Ctrl Pts',(-9.8991096898584,13.2485403562364,10.0830923289955));
#4984=CARTESIAN_POINT('',(-9.42806058992786,13.2485403564735,10.3330923289955));
#4985=CARTESIAN_POINT('',(10.,13.2485403564735,10.3330923289955));
#4986=CARTESIAN_POINT('Ctrl Pts',(-9.39374114247612,13.2485403562364,10.0830923289955));
#4987=CARTESIAN_POINT('Ctrl Pts',(-9.39374114247612,13.2328513557965,10.0830923289955));
#4988=CARTESIAN_POINT('Ctrl Pts',(-9.39421610459728,13.2161297403984,10.0862279646581));
#4989=CARTESIAN_POINT('Ctrl Pts',(-9.39611949305167,13.1853973385993,10.0989382888766));
#4990=CARTESIAN_POINT('Ctrl Pts',(-9.39754703416955,13.1713868693499,10.1085138768052));
#4991=CARTESIAN_POINT('Ctrl Pts',(-9.40079968444039,13.1491514204634,10.1306600399471));
#4992=CARTESIAN_POINT('Ctrl Pts',(-9.40284834516627,13.1394888461988,10.1447539378488));
#4993=CARTESIAN_POINT('Ctrl Pts',(-9.4072437653416,13.1266829933807,10.1756127028284));
#4994=CARTESIAN_POINT('Ctrl Pts',(-9.40958958824329,13.1235403562364,10.1923779694672));
#4995=CARTESIAN_POINT('Ctrl Pts',(-9.41390061057294,13.1235403562364,10.2237844320035));
#4996=CARTESIAN_POINT('Ctrl Pts',(-9.41615609161826,13.1266748339281,10.2405395463853));
#4997=CARTESIAN_POINT('Ctrl Pts',(-9.42023203056376,13.1394676669502,10.2713923961337));
#4998=CARTESIAN_POINT('Ctrl Pts',(-9.4220535155737,13.1491250689604,10.2854903910782));
#4999=CARTESIAN_POINT('Ctrl Pts',(-9.42488403197626,13.1713639489166,10.3076558347096));
#5000=CARTESIAN_POINT('Ctrl Pts',(-9.4260868825708,13.1853847037763,10.3172399504341));
#5001=CARTESIAN_POINT('Ctrl Pts',(-9.42767462025642,13.2161297103576,10.3299578730923));
#5002=CARTESIAN_POINT('Ctrl Pts',(-9.42806058992786,13.2328536377072,10.3330923289955));
#5003=CARTESIAN_POINT('Ctrl Pts',(-9.42806058992786,13.2485403562364,10.3330923289955));
#5004=CARTESIAN_POINT('Origin',(10.,13.2485403562364,10.2080923289955));
#5005=CARTESIAN_POINT('',(9.42806058992786,13.2485403564735,10.3330923289955));
#5006=CARTESIAN_POINT('Ctrl Pts',(9.42806058992786,13.2485403562364,10.3330923289955));
#5007=CARTESIAN_POINT('Ctrl Pts',(9.42806058992786,13.2328536377072,10.3330923289955));
#5008=CARTESIAN_POINT('Ctrl Pts',(9.42767462025642,13.2161297103576,10.3299578730923));
#5009=CARTESIAN_POINT('Ctrl Pts',(9.4260868825708,13.1853847037763,10.3172399504341));
#5010=CARTESIAN_POINT('Ctrl Pts',(9.42488403197626,13.1713639489166,10.3076558347096));
#5011=CARTESIAN_POINT('Ctrl Pts',(9.4220535155737,13.1491250689604,10.2854903910782));
#5012=CARTESIAN_POINT('Ctrl Pts',(9.42023203056376,13.1394676669502,10.2713923961337));
#5013=CARTESIAN_POINT('Ctrl Pts',(9.41615609161826,13.1266748339281,10.2405395463853));
#5014=CARTESIAN_POINT('Ctrl Pts',(9.41390061057294,13.1235403562364,10.2237844320035));
#5015=CARTESIAN_POINT('Ctrl Pts',(9.40958958824329,13.1235403562364,10.1923779694672));
#5016=CARTESIAN_POINT('Ctrl Pts',(9.4072437653416,13.1266829933807,10.1756127028284));
#5017=CARTESIAN_POINT('Ctrl Pts',(9.40284834516627,13.1394888461988,10.1447539378488));
#5018=CARTESIAN_POINT('Ctrl Pts',(9.40079968444039,13.1491514204634,10.1306600399471));
#5019=CARTESIAN_POINT('Ctrl Pts',(9.39754703416956,13.1713868693499,10.1085138768052));
#5020=CARTESIAN_POINT('Ctrl Pts',(9.39611949305167,13.1853973385993,10.0989382888766));
#5021=CARTESIAN_POINT('Ctrl Pts',(9.39421610459728,13.2161297403984,10.0862279646581));
#5022=CARTESIAN_POINT('Ctrl Pts',(9.39374114247612,13.2328513557965,10.0830923289955));
#5023=CARTESIAN_POINT('Ctrl Pts',(9.39374114247612,13.2485403562364,10.0830923289955));
#5024=CARTESIAN_POINT('',(9.93168296349369,13.2485403564735,10.3330923289955));
#5025=CARTESIAN_POINT('',(10.,13.2485403564735,10.3330923289955));
#5026=CARTESIAN_POINT('Ctrl Pts',(9.8991096898584,13.2485403562364,10.0830923289955));
#5027=CARTESIAN_POINT('Ctrl Pts',(9.8991096898584,13.2328507487083,10.0830923289955));
#5028=CARTESIAN_POINT('Ctrl Pts',(9.8995604164107,13.2161271775795,10.0862280673122));
#5029=CARTESIAN_POINT('Ctrl Pts',(9.90136730772955,13.1853883644593,10.0989429584945));
#5030=CARTESIAN_POINT('Ctrl Pts',(9.90272262392158,13.1713734087253,10.1085229239609));
#5031=CARTESIAN_POINT('Ctrl Pts',(9.90581004548961,13.1491418083158,10.1306740231114));
#5032=CARTESIAN_POINT('Ctrl Pts',(9.90775374397214,13.1394834178287,10.1447642028292));
#5033=CARTESIAN_POINT('Ctrl Pts',(9.91192443055689,13.1266824033094,10.1756169428122));
#5034=CARTESIAN_POINT('Ctrl Pts',(9.91415052587531,13.1235403562364,10.1923798631384));
#5035=CARTESIAN_POINT('Ctrl Pts',(9.91824203496871,13.1235403562364,10.2237847487248));
#5036=CARTESIAN_POINT('Ctrl Pts',(9.92038267836867,13.1266750562815,10.2405385289332));
#5037=CARTESIAN_POINT('Ctrl Pts',(9.92425086059905,13.1394643458679,10.2713859391798));
#5038=CARTESIAN_POINT('Ctrl Pts',(9.92597936968276,13.1491180774621,10.2854798032404));
#5039=CARTESIAN_POINT('Ctrl Pts',(9.92866662430744,13.1713527658048,10.3076482718704));
#5040=CARTESIAN_POINT('Ctrl Pts',(9.9298088775656,13.1853769833133,10.3172359165372));
#5041=CARTESIAN_POINT('Ctrl Pts',(9.93131653820704,13.2161271455091,10.3299576518472));
#5042=CARTESIAN_POINT('Ctrl Pts',(9.93168296349369,13.2328527976327,10.3330923289955));
#5043=CARTESIAN_POINT('Ctrl Pts',(9.93168296349369,13.2485403562364,10.3330923289955));
#5044=CARTESIAN_POINT('Origin',(-4.72128241470665E-16,13.5,11.5));
#5045=CARTESIAN_POINT('',(6.42261628933256,13.5,18.5));
#5046=CARTESIAN_POINT('Origin',(0.,13.5,11.5));
#5047=CARTESIAN_POINT('',(-6.42261628933256,13.5,18.5));
#5048=CARTESIAN_POINT('',(-8.43458040102811,13.5,18.5));
#5049=CARTESIAN_POINT('Origin',(0.,13.5,11.5));
#5050=CARTESIAN_POINT('',(-6.91661088777152,13.5,18.7222222222222));
#5051=CARTESIAN_POINT('Origin',(0.,13.5,11.5));
#5052=CARTESIAN_POINT('',(-6.22494979899436,13.5,19.));
#5053=CARTESIAN_POINT('Origin',(-6.22494979899436,13.5,18.));
#5054=CARTESIAN_POINT('',(6.22494979899436,13.5,19.));
#5055=CARTESIAN_POINT('',(-8.43458040102811,13.5,19.));
#5056=CARTESIAN_POINT('',(6.91661088777152,13.5,18.7222222222222));
#5057=CARTESIAN_POINT('Origin',(6.22494979899436,13.5,18.));
#5058=CARTESIAN_POINT('Origin',(0.,13.5,11.5));
#5059=CARTESIAN_POINT('Origin',(0.,-5.5,11.5));
#5060=CARTESIAN_POINT('',(9.4320810462684,13.5,12.6339519992594));
#5061=CARTESIAN_POINT('',(9.4320810462684,-5.5,12.6339519992594));
#5062=CARTESIAN_POINT('',(9.42806058992786,13.5,10.3330923289955));
#5063=CARTESIAN_POINT('Origin',(0.,13.5,11.5));
#5064=CARTESIAN_POINT('',(9.42806058992786,-5.5,10.3330923289955));
#5065=CARTESIAN_POINT('Origin',(0.,13.5,11.5));
#5066=CARTESIAN_POINT('',(6.42261628933257,-5.,18.5));
#5067=CARTESIAN_POINT('Origin',(0.,-5.,11.5));
#5068=CARTESIAN_POINT('',(6.42261628933256,-5.5,18.5));
#5069=CARTESIAN_POINT('Origin',(0.,-5.5,11.5));
#5070=CARTESIAN_POINT('',(-9.93549962827113,14.,12.6339519992594));
#5071=CARTESIAN_POINT('',(-9.93549962827113,13.5,12.6339519992594));
#5072=CARTESIAN_POINT('',(-9.9316829634937,14.,10.3330923289955));
#5073=CARTESIAN_POINT('Origin',(-4.44089209850063E-15,14.,11.5));
#5074=CARTESIAN_POINT('',(-9.93168296349369,-5.5,10.3330923289955));
#5075=CARTESIAN_POINT('',(-6.91661088777152,-4.5,4.27777777777778));
#5076=CARTESIAN_POINT('',(-6.91661088777152,-5.5,4.27777777777778));
#5077=CARTESIAN_POINT('',(-6.91661088777152,-4.5,18.7222222222222));
#5078=CARTESIAN_POINT('Origin',(0.,-4.5,11.5));
#5079=CARTESIAN_POINT('',(-6.91661088777152,-5.5,18.7222222222222));
#5080=CARTESIAN_POINT('Origin',(-4.72128241470665E-16,13.5,11.5));
#5081=CARTESIAN_POINT('',(6.91661088777152,13.5,4.27777777777777));
#5082=CARTESIAN_POINT('Origin',(0.,13.5,11.5));
#5083=CARTESIAN_POINT('',(6.22494979899436,13.5,3.99999999999999));
#5084=CARTESIAN_POINT('Origin',(6.22494979899436,13.5,4.99999999999999));
#5085=CARTESIAN_POINT('',(7.73364574166289,13.5,3.99999999999999));
#5086=CARTESIAN_POINT('Origin',(8.13124774539007,13.5,12.6339519992594));
#5087=CARTESIAN_POINT('',(9.93549962827112,14.,12.6339519992594));
#5088=CARTESIAN_POINT('',(9.93549962827112,-5.5,12.6339519992594));
#5089=CARTESIAN_POINT('',(8.13124774539007,14.,12.6339519992594));
#5090=CARTESIAN_POINT('',(9.93549962827112,14.,12.6339519992594));
#5091=CARTESIAN_POINT('',(8.13124774539007,13.5,12.6339519992594));
#5092=CARTESIAN_POINT('',(8.13124774539007,13.5,12.6339519992594));
#5093=CARTESIAN_POINT('',(9.93549962827112,13.5,12.6339519992594));
#5094=CARTESIAN_POINT('Origin',(8.13124774539007,13.5,10.3330923289955));
#5095=CARTESIAN_POINT('',(8.13124774539007,13.5,10.3330923289955));
#5096=CARTESIAN_POINT('',(8.13124774539007,13.5,12.6339519992594));
#5097=CARTESIAN_POINT('',(8.13124774539007,14.,10.3330923289955));
#5098=CARTESIAN_POINT('',(8.13124774539007,14.,12.6339519992594));
#5099=CARTESIAN_POINT('',(8.13124774539007,13.5,10.3330923289955));
#5100=CARTESIAN_POINT('Origin',(9.93168296349369,13.5,10.3330923289955));
#5101=CARTESIAN_POINT('',(8.13124774539007,13.5,10.3330923289955));
#5102=CARTESIAN_POINT('',(9.93168296349369,14.,10.3330923289955));
#5103=CARTESIAN_POINT('',(8.13124774539007,14.,10.3330923289955));
#5104=CARTESIAN_POINT('',(9.93168296349369,13.5,10.3330923289955));
#5105=CARTESIAN_POINT('Origin',(9.06562387269503,14.,11.4835221641274));
#5106=CARTESIAN_POINT('Origin',(-4.44089209850063E-15,14.,11.5));
#5107=CARTESIAN_POINT('Origin',(9.06562387269503,13.5,11.4835221641274));
#5108=CARTESIAN_POINT('Origin',(-8.18920414487055,13.5,12.6339519992594));
#5109=CARTESIAN_POINT('',(-8.18920414487055,13.5,12.6339519992594));
#5110=CARTESIAN_POINT('',(-8.18920414487055,13.5,10.3330923289955));
#5111=CARTESIAN_POINT('',(-8.18920414487055,13.5,12.6339519992594));
#5112=CARTESIAN_POINT('',(-8.18920414487055,14.,10.3330923289955));
#5113=CARTESIAN_POINT('',(-8.18920414487055,13.5,10.3330923289955));
#5114=CARTESIAN_POINT('',(-8.18920414487055,14.,12.6339519992594));
#5115=CARTESIAN_POINT('',(-8.18920414487055,14.,12.6339519992594));
#5116=CARTESIAN_POINT('',(-8.18920414487055,13.5,12.6339519992594));
#5117=CARTESIAN_POINT('Origin',(-9.93549962827113,13.5,12.6339519992594));
#5118=CARTESIAN_POINT('',(-9.4320810462684,13.5,12.6339519992594));
#5119=CARTESIAN_POINT('',(-9.93549962827113,13.5,12.6339519992594));
#5120=CARTESIAN_POINT('',(-9.93549962827113,14.,12.6339519992594));
#5121=CARTESIAN_POINT('',(-9.4320810462684,-5.5,12.6339519992594));
#5122=CARTESIAN_POINT('Origin',(-8.18920414487055,13.5,10.3330923289955));
#5123=CARTESIAN_POINT('',(-9.42806058992786,13.5,10.3330923289955));
#5124=CARTESIAN_POINT('',(-8.18920414487055,13.5,10.3330923289955));
#5125=CARTESIAN_POINT('',(-9.42806058992786,-5.5,10.3330923289955));
#5126=CARTESIAN_POINT('',(-8.18920414487055,14.,10.3330923289955));
#5127=CARTESIAN_POINT('Origin',(-9.09460207243528,14.,11.4835221641274));
#5128=CARTESIAN_POINT('Origin',(-9.09460207243528,13.5,11.4835221641274));
#5129=CARTESIAN_POINT('Origin',(0.,13.5,11.5));
#5130=CARTESIAN_POINT('Origin',(0.,-5.5,11.5));
#5131=CARTESIAN_POINT('',(-6.42261628933257,-5.,18.5));
#5132=CARTESIAN_POINT('',(-6.42261628933256,-5.5,18.5));
#5133=CARTESIAN_POINT('Origin',(0.,-5.,11.5));
#5134=CARTESIAN_POINT('Origin',(-16.8691608020562,-5.5,18.5));
#5135=CARTESIAN_POINT('',(-8.43458040102811,-5.,18.5));
#5136=CARTESIAN_POINT('Origin',(0.,-5.5,11.5));
#5137=CARTESIAN_POINT('',(6.91661088777152,-4.5,18.7222222222222));
#5138=CARTESIAN_POINT('',(6.91661088777152,-5.5,18.7222222222222));
#5139=CARTESIAN_POINT('',(6.91661088777152,-4.5,4.27777777777778));
#5140=CARTESIAN_POINT('Origin',(0.,-4.5,11.5));
#5141=CARTESIAN_POINT('',(6.91661088777152,-5.5,4.27777777777777));
#5142=CARTESIAN_POINT('Origin',(6.22494979899436,-5.5,18.));
#5143=CARTESIAN_POINT('',(6.22494979899436,-4.5,19.));
#5144=CARTESIAN_POINT('',(6.22494979899436,-5.5,19.));
#5145=CARTESIAN_POINT('Origin',(6.22494979899436,-4.5,18.));
#5146=CARTESIAN_POINT('Origin',(-16.8691608020562,-5.5,19.));
#5147=CARTESIAN_POINT('',(-6.22494979899436,-4.5,19.));
#5148=CARTESIAN_POINT('',(-6.22494979899436,-5.5,19.));
#5149=CARTESIAN_POINT('',(-8.43458040102811,-4.5,19.));
#5150=CARTESIAN_POINT('Origin',(-6.22494979899436,-5.5,18.));
#5151=CARTESIAN_POINT('Origin',(-6.22494979899436,-4.5,18.));
#5152=CARTESIAN_POINT('Origin',(6.22494979899436,-4.5,5.));
#5153=CARTESIAN_POINT('',(6.22494979899436,-4.5,4.));
#5154=CARTESIAN_POINT('Origin',(6.22494979899436,-4.5,5.));
#5155=CARTESIAN_POINT('',(6.22494979899436,-5.5,5.));
#5156=CARTESIAN_POINT('Origin',(6.22494979899436,-4.5,5.));
#5157=CARTESIAN_POINT('Origin',(6.22494979899436,-4.5,5.));
#5158=CARTESIAN_POINT('Origin',(6.22494979899436,-4.5,18.));
#5159=CARTESIAN_POINT('',(6.22494979899436,-5.5,18.));
#5160=CARTESIAN_POINT('Origin',(6.22494979899436,-4.5,18.));
#5161=CARTESIAN_POINT('Origin',(6.22494979899436,-4.5,18.));
#5162=CARTESIAN_POINT('Origin',(-6.22494979899437,-4.5,5.));
#5163=CARTESIAN_POINT('',(-6.22494979899437,-4.5,4.));
#5164=CARTESIAN_POINT('Origin',(-6.22494979899437,-4.5,5.));
#5165=CARTESIAN_POINT('',(-6.22494979899437,-5.5,5.));
#5166=CARTESIAN_POINT('Origin',(-6.22494979899437,-4.5,5.));
#5167=CARTESIAN_POINT('Origin',(-6.22494979899437,-4.5,5.));
#5168=CARTESIAN_POINT('Origin',(7.73364574166289,-4.5,5.));
#5169=CARTESIAN_POINT('',(7.73364574166289,-5.5,5.));
#5170=CARTESIAN_POINT('',(7.73364574166289,-4.5,4.));
#5171=CARTESIAN_POINT('Origin',(-6.22494979899436,-4.5,18.));
#5172=CARTESIAN_POINT('',(-6.22494979899436,-5.5,18.));
#5173=CARTESIAN_POINT('Origin',(-6.22494979899436,-4.5,18.));
#5174=CARTESIAN_POINT('Origin',(-6.22494979899436,-4.5,18.));
#5175=CARTESIAN_POINT('Origin',(0.,-4.5,11.5));
#5176=CARTESIAN_POINT('Origin',(0.,-5.5,11.5));
#5177=CARTESIAN_POINT('Origin',(-8.43458040102811,-4.5,18.));
#5178=CARTESIAN_POINT('',(-8.43458040102811,-5.5,18.));
#5179=CARTESIAN_POINT('Origin',(-6.22494979899437,-5.5,5.));
#5180=CARTESIAN_POINT('',(-6.22494979899437,-5.5,4.));
#5181=CARTESIAN_POINT('Origin',(0.,-4.5,11.5));
#5182=CARTESIAN_POINT('Origin',(0.,-5.5,11.5));
#5183=CARTESIAN_POINT('Origin',(6.22494979899436,-5.5,5.));
#5184=CARTESIAN_POINT('',(6.22494979899436,-5.5,4.));
#5185=CARTESIAN_POINT('Origin',(-4.72128241470665E-16,-5.5,11.5));
#5186=CARTESIAN_POINT('',(-2.975,-5.5,11.5));
#5187=CARTESIAN_POINT('Origin',(0.,-5.5,11.5));
#5188=CARTESIAN_POINT('Origin',(0.,-5.5,11.5));
#5189=CARTESIAN_POINT('',(-2.475,-5.,11.5));
#5190=CARTESIAN_POINT('Origin',(0.,-5.,11.5));
#5191=CARTESIAN_POINT('',(-2.475,-7.5,11.5));
#5192=CARTESIAN_POINT('',(-2.475,-5.5,11.5));
#5193=CARTESIAN_POINT('Origin',(0.,-7.5,11.5));
#5194=CARTESIAN_POINT('Origin',(-4.72128241470665E-16,-5.,11.5));
#5195=CARTESIAN_POINT('Origin',(0.,-5.5,11.5));
#5196=CARTESIAN_POINT('',(-2.975,-7.5,11.5));
#5197=CARTESIAN_POINT('Origin',(0.,-7.5,11.5));
#5198=CARTESIAN_POINT('',(-2.975,-5.5,11.5));
#5199=CARTESIAN_POINT('Origin',(1.8585445604471E-16,-7.5,11.5));
#5200=CARTESIAN_POINT('Origin',(15.4672914833258,-5.5,4.));
#5201=CARTESIAN_POINT('Origin',(9.76468747757374E-16,13.55,11.5));
#5202=CARTESIAN_POINT('',(9.36336630087606,13.55,13.1054194204689));
#5203=CARTESIAN_POINT('',(9.61932643510902,13.55,13.6578222845288));
#5204=CARTESIAN_POINT('Origin',(9.13145077332659,13.55,13.5483812563887));
#5205=CARTESIAN_POINT('',(6.8640798360025,13.55,18.5761604053173));
#5206=CARTESIAN_POINT('Origin',(0.,13.55,11.5));
#5207=CARTESIAN_POINT('',(6.16781123235173,13.55,18.8583790795848));
#5208=CARTESIAN_POINT('Origin',(6.16781123235173,13.55,17.8583790795848));
#5209=CARTESIAN_POINT('',(-6.16781123235173,13.55,18.8583790795848));
#5210=CARTESIAN_POINT('',(6.56063224072568,13.55,18.8583790795848));
#5211=CARTESIAN_POINT('',(-6.8640798360025,13.55,18.5761604053173));
#5212=CARTESIAN_POINT('Origin',(-6.16781123235173,13.55,17.8583790795848));
#5213=CARTESIAN_POINT('',(-9.67709100426646,13.55,13.381900043026));
#5214=CARTESIAN_POINT('Origin',(0.,13.55,11.5));
#5215=CARTESIAN_POINT('',(-9.37640502183582,13.55,13.027425568233));
#5216=CARTESIAN_POINT('Origin',(-9.18914695697464,13.55,13.4910357678021));
#5217=CARTESIAN_POINT('',(-9.29166666666667,13.55,13.4786183450973));
#5218=CARTESIAN_POINT('Origin',(0.,13.55,11.5));
#5219=CARTESIAN_POINT('',(-9.14329216651174,13.55,13.4948602344566));
#5220=CARTESIAN_POINT('Origin',(-9.,13.55,11.5));
#5221=CARTESIAN_POINT('',(-6.51594553417711,13.55,18.2172697424511));
#5222=CARTESIAN_POINT('Origin',(2.22044604925031E-15,13.55,11.5));
#5223=CARTESIAN_POINT('',(-6.16781123235173,13.55,18.3583790795848));
#5224=CARTESIAN_POINT('Origin',(-6.16781123235173,13.55,17.8583790795849));
#5225=CARTESIAN_POINT('',(6.16781123235173,13.55,18.3583790795848));
#5226=CARTESIAN_POINT('',(3.08390561617587,13.55,18.3583790795848));
#5227=CARTESIAN_POINT('',(6.51594553417766,13.55,18.2172697424516));
#5228=CARTESIAN_POINT('Origin',(6.16781123235173,13.55,17.8583790795848));
#5229=CARTESIAN_POINT('',(9.14263861863126,13.55,13.497853369579));
#5230=CARTESIAN_POINT('Origin',(2.22044604925031E-15,13.55,11.5));
#5231=CARTESIAN_POINT('',(9.29019337016575,13.55,13.4855244004868));
#5232=CARTESIAN_POINT('Origin',(9.05,13.55,11.5));
#5233=CARTESIAN_POINT('Origin',(0.,13.55,11.5));
#5234=CARTESIAN_POINT('Origin',(0.,14.5,11.5));
#5235=CARTESIAN_POINT('',(9.29019337016575,13.5,13.4855244004868));
#5236=CARTESIAN_POINT('',(9.29019337016575,14.5,13.4855244004868));
#5237=CARTESIAN_POINT('',(9.36336630087606,13.5,13.1054194204689));
#5238=CARTESIAN_POINT('Origin',(0.,13.5,11.5));
#5239=CARTESIAN_POINT('',(9.36336630087606,14.5,13.1054194204689));
#5240=CARTESIAN_POINT('Origin',(9.05,19.,11.5));
#5241=CARTESIAN_POINT('',(9.14263861863126,12.5,13.497853369579));
#5242=CARTESIAN_POINT('',(9.14263861863126,19.,13.497853369579));
#5243=CARTESIAN_POINT('',(9.6734882915357,12.5,13.4003321684163));
#5244=CARTESIAN_POINT('Origin',(9.05,12.5,11.5));
#5245=CARTESIAN_POINT('',(9.6734882915357,13.5,13.4003321684163));
#5246=CARTESIAN_POINT('',(9.6734882915357,19.,13.4003321684163));
#5247=CARTESIAN_POINT('Origin',(9.05,13.5,11.5));
#5248=CARTESIAN_POINT('Origin',(2.22044604925031E-15,14.5,11.5));
#5249=CARTESIAN_POINT('',(6.51594553417766,12.5,18.2172697424516));
#5250=CARTESIAN_POINT('',(6.51594553417766,14.5,18.2172697424516));
#5251=CARTESIAN_POINT('Origin',(2.22044604925031E-15,12.5,11.5));
#5252=CARTESIAN_POINT('Origin',(6.16781123235173,14.5,17.8583790795848));
#5253=CARTESIAN_POINT('',(6.16781123235173,12.5,18.3583790795848));
#5254=CARTESIAN_POINT('',(6.16781123235173,14.5,18.3583790795848));
#5255=CARTESIAN_POINT('Origin',(6.16781123235173,12.5,17.8583790795848));
#5256=CARTESIAN_POINT('Origin',(6.16781123235173,14.5,18.3583790795848));
#5257=CARTESIAN_POINT('',(-6.16781123235173,12.5,18.3583790795848));
#5258=CARTESIAN_POINT('',(-6.16781123235173,14.5,18.3583790795848));
#5259=CARTESIAN_POINT('',(6.16781123235173,12.5,18.3583790795848));
#5260=CARTESIAN_POINT('Origin',(-6.16781123235173,14.5,17.8583790795849));
#5261=CARTESIAN_POINT('',(-6.51594553417711,12.5,18.2172697424511));
#5262=CARTESIAN_POINT('',(-6.51594553417711,14.5,18.2172697424511));
#5263=CARTESIAN_POINT('Origin',(-6.16781123235173,12.5,17.8583790795849));
#5264=CARTESIAN_POINT('Origin',(2.22044604925031E-15,14.5,11.5));
#5265=CARTESIAN_POINT('',(-9.14329216651174,12.5,13.4948602344566));
#5266=CARTESIAN_POINT('',(-9.14329216651174,19.,13.4948602344566));
#5267=CARTESIAN_POINT('Origin',(2.22044604925031E-15,12.5,11.5));
#5268=CARTESIAN_POINT('Origin',(-9.,19.,11.5));
#5269=CARTESIAN_POINT('',(-9.29166666666667,13.5,13.4786183450973));
#5270=CARTESIAN_POINT('',(-9.29166666666667,14.5,13.4786183450973));
#5271=CARTESIAN_POINT('',(-9.67709100426646,13.5,13.381900043026));
#5272=CARTESIAN_POINT('Origin',(-9.,13.5,11.5));
#5273=CARTESIAN_POINT('',(-9.67709100426646,12.5,13.381900043026));
#5274=CARTESIAN_POINT('',(-9.67709100426646,19.,13.381900043026));
#5275=CARTESIAN_POINT('Origin',(-9.,12.5,11.5));
#5276=CARTESIAN_POINT('Origin',(9.76468747757374E-16,13.55,11.5));
#5277=CARTESIAN_POINT('',(9.14263861863126,13.55,9.50214663042101));
#5278=CARTESIAN_POINT('',(9.29019337016575,13.55,9.51447559951321));
#5279=CARTESIAN_POINT('Origin',(9.05,13.55,11.5));
#5280=CARTESIAN_POINT('',(6.51594553417805,13.55,4.78273025754876));
#5281=CARTESIAN_POINT('Origin',(2.22044604925031E-15,13.55,11.5));
#5282=CARTESIAN_POINT('',(6.16781123235173,13.55,4.64162092041514));
#5283=CARTESIAN_POINT('Origin',(6.16781123235253,13.55,5.14162092041592));
#5284=CARTESIAN_POINT('',(-6.16781123235213,13.55,4.64162092041592));
#5285=CARTESIAN_POINT('',(-3.08390561617628,13.55,4.64162092041573));
#5286=CARTESIAN_POINT('',(-6.51594553417712,13.55,4.78273025754894));
#5287=CARTESIAN_POINT('Origin',(-6.16781123235253,13.55,5.14162092041592));
#5288=CARTESIAN_POINT('',(-9.14329216651174,13.55,9.50513976554336));
#5289=CARTESIAN_POINT('Origin',(2.22044604925031E-15,13.55,11.5));
#5290=CARTESIAN_POINT('',(-9.29166666666667,13.55,9.5213816549027));
#5291=CARTESIAN_POINT('Origin',(-9.,13.55,11.5));
#5292=CARTESIAN_POINT('',(-9.37640502183582,13.55,9.97257443176695));
#5293=CARTESIAN_POINT('Origin',(0.,13.55,11.5));
#5294=CARTESIAN_POINT('',(-9.67709100426646,13.55,9.61809995697394));
#5295=CARTESIAN_POINT('Origin',(-9.18914695697464,13.55,9.50896423219791));
#5296=CARTESIAN_POINT('',(-6.86407983600251,13.55,4.42383959468272));
#5297=CARTESIAN_POINT('Origin',(0.,13.55,11.5));
#5298=CARTESIAN_POINT('',(-6.16781123235174,13.55,4.14162092041515));
#5299=CARTESIAN_POINT('Origin',(-6.16781123235174,13.55,5.14162092041515));
#5300=CARTESIAN_POINT('',(6.16781123235173,13.55,4.14162092041514));
#5301=CARTESIAN_POINT('',(-6.56063224072568,13.55,4.14162092041515));
#5302=CARTESIAN_POINT('',(6.8640798360025,13.55,4.42383959468271));
#5303=CARTESIAN_POINT('Origin',(6.16781123235173,13.55,5.14162092041514));
#5304=CARTESIAN_POINT('',(9.61932643510902,13.55,9.34217771547123));
#5305=CARTESIAN_POINT('Origin',(0.,13.55,11.5));
#5306=CARTESIAN_POINT('',(9.36336630087606,13.55,9.89458057953114));
#5307=CARTESIAN_POINT('Origin',(9.13145077332659,13.55,9.45161874361131));
#5308=CARTESIAN_POINT('Origin',(0.,13.55,11.5));
#5309=CARTESIAN_POINT('Origin',(0.,14.5,11.5));
#5310=CARTESIAN_POINT('',(-9.29166666666667,13.5,9.5213816549027));
#5311=CARTESIAN_POINT('',(-9.29166666666667,14.5,9.5213816549027));
#5312=CARTESIAN_POINT('',(-9.37640502183582,13.5,9.97257443176695));
#5313=CARTESIAN_POINT('Origin',(0.,13.5,11.5));
#5314=CARTESIAN_POINT('',(-9.37640502183582,14.5,9.97257443176695));
#5315=CARTESIAN_POINT('Origin',(-9.,19.,11.5));
#5316=CARTESIAN_POINT('',(-9.14329216651174,12.5,9.50513976554336));
#5317=CARTESIAN_POINT('',(-9.14329216651174,19.,9.50513976554336));
#5318=CARTESIAN_POINT('',(-9.67709100426645,12.5,9.61809995697394));
#5319=CARTESIAN_POINT('Origin',(-9.,12.5,11.5));
#5320=CARTESIAN_POINT('',(-9.67709100426645,13.5,9.61809995697395));
#5321=CARTESIAN_POINT('',(-9.67709100426645,19.,9.61809995697394));
#5322=CARTESIAN_POINT('Origin',(-9.,13.5,11.5));
#5323=CARTESIAN_POINT('Origin',(2.22044604925031E-15,14.5,11.5));
#5324=CARTESIAN_POINT('',(-6.51594553417712,12.5,4.78273025754894));
#5325=CARTESIAN_POINT('',(-6.51594553417712,14.5,4.78273025754894));
#5326=CARTESIAN_POINT('Origin',(2.22044604925031E-15,12.5,11.5));
#5327=CARTESIAN_POINT('Origin',(-6.16781123235253,14.5,5.14162092041592));
#5328=CARTESIAN_POINT('',(-6.16781123235214,12.5,4.64162092041592));
#5329=CARTESIAN_POINT('',(-6.16781123235214,14.5,4.64162092041592));
#5330=CARTESIAN_POINT('Origin',(-6.16781123235253,12.5,5.14162092041592));
#5331=CARTESIAN_POINT('Origin',(-6.16781123235214,14.5,4.64162092041592));
#5332=CARTESIAN_POINT('',(6.16781123235173,12.5,4.64162092041514));
#5333=CARTESIAN_POINT('',(6.16781123235173,14.5,4.64162092041514));
#5334=CARTESIAN_POINT('',(-6.16781123235214,12.5,4.64162092041592));
#5335=CARTESIAN_POINT('Origin',(6.16781123235253,14.5,5.14162092041592));
#5336=CARTESIAN_POINT('',(6.51594553417805,12.5,4.78273025754876));
#5337=CARTESIAN_POINT('',(6.51594553417805,14.5,4.78273025754876));
#5338=CARTESIAN_POINT('Origin',(6.16781123235253,12.5,5.14162092041592));
#5339=CARTESIAN_POINT('Origin',(2.22044604925031E-15,14.5,11.5));
#5340=CARTESIAN_POINT('',(9.14263861863126,12.5,9.50214663042101));
#5341=CARTESIAN_POINT('',(9.14263861863126,19.,9.50214663042101));
#5342=CARTESIAN_POINT('Origin',(2.22044604925031E-15,12.5,11.5));
#5343=CARTESIAN_POINT('Origin',(0.,14.5,11.5));
#5344=CARTESIAN_POINT('',(9.36336630087606,13.5,9.89458057953114));
#5345=CARTESIAN_POINT('',(9.36336630087606,14.5,9.89458057953114));
#5346=CARTESIAN_POINT('',(9.29019337016575,13.5,9.51447559951321));
#5347=CARTESIAN_POINT('Origin',(0.,13.5,11.5));
#5348=CARTESIAN_POINT('',(9.29019337016575,14.5,9.51447559951321));
#5349=CARTESIAN_POINT('Origin',(0.,14.5,11.5));
#5350=CARTESIAN_POINT('',(-9.37640502183582,13.5,13.027425568233));
#5351=CARTESIAN_POINT('',(-9.37640502183582,14.5,13.027425568233));
#5352=CARTESIAN_POINT('Origin',(0.,13.5,11.5));
#5353=CARTESIAN_POINT('Origin',(9.05,19.,11.5));
#5354=CARTESIAN_POINT('',(9.67348799665406,13.5,9.59966773483468));
#5355=CARTESIAN_POINT('Origin',(9.05,13.5,11.5));
#5356=CARTESIAN_POINT('',(9.67348799665406,12.5,9.59966773483469));
#5357=CARTESIAN_POINT('',(9.67348799665406,19.,9.59966773483468));
#5358=CARTESIAN_POINT('Origin',(9.05,12.5,11.5));
#5359=CARTESIAN_POINT('Origin',(-9.,13.5,11.5));
#5360=CARTESIAN_POINT('',(-9.14186021773098,13.5,12.9932768258516));
#5361=CARTESIAN_POINT('Origin',(-9.18914695697464,13.5,13.4910357678021));
#5362=CARTESIAN_POINT('',(-9.14186021773098,13.5,10.0067231741484));
#5363=CARTESIAN_POINT('Origin',(-9.,13.5,11.5));
#5364=CARTESIAN_POINT('Origin',(-9.18914695697464,13.5,9.50896423219791));
#5365=CARTESIAN_POINT('Origin',(0.950614902117345,13.5,11.5));
#5366=CARTESIAN_POINT('Origin',(9.13145077332659,18.5,9.45161874361131));
#5367=CARTESIAN_POINT('',(9.13145077332659,19.,9.45161874361131));
#5368=CARTESIAN_POINT('',(9.61932643510902,18.5,9.34217771547123));
#5369=CARTESIAN_POINT('Origin',(9.13145077332659,18.5,9.45161874361131));
#5370=CARTESIAN_POINT('',(9.11158473105181,18.5,9.95122392809636));
#5371=CARTESIAN_POINT('Origin',(9.13145077332659,18.5,9.45161874361131));
#5372=CARTESIAN_POINT('Origin',(9.13145077332659,18.5,9.45161874361131));
#5373=CARTESIAN_POINT('Origin',(9.05,18.5,11.5));
#5374=CARTESIAN_POINT('',(9.13145077332659,19.,13.5483812563887));
#5375=CARTESIAN_POINT('',(9.11158473105181,18.5,13.0487760719036));
#5376=CARTESIAN_POINT('Origin',(9.13145077332659,18.5,13.5483812563887));
#5377=CARTESIAN_POINT('Origin',(9.05,18.5,11.5));
#5378=CARTESIAN_POINT('Origin',(9.05,19.,11.5));
#5379=CARTESIAN_POINT('Origin',(9.13145077332659,18.5,13.5483812563887));
#5380=CARTESIAN_POINT('',(9.61932643510902,18.5,13.6578222845288));
#5381=CARTESIAN_POINT('Origin',(9.13145077332659,18.5,13.5483812563887));
#5382=CARTESIAN_POINT('Origin',(9.13145077332659,18.5,13.5483812563887));
#5383=CARTESIAN_POINT('Origin',(9.76468747757374E-16,19.,11.5));
#5384=CARTESIAN_POINT('',(6.51594553417712,19.,4.78273025754893));
#5385=CARTESIAN_POINT('Origin',(0.,19.,11.5));
#5386=CARTESIAN_POINT('',(6.16781123235173,19.,4.64162092041514));
#5387=CARTESIAN_POINT('Origin',(6.16781123235173,19.,5.14162092041514));
#5388=CARTESIAN_POINT('',(-6.16781123235174,19.,4.64162092041515));
#5389=CARTESIAN_POINT('',(3.28031612036284,19.,4.64162092041515));
#5390=CARTESIAN_POINT('',(-6.51594553417712,19.,4.78273025754893));
#5391=CARTESIAN_POINT('Origin',(-6.16781123235174,19.,5.14162092041515));
#5392=CARTESIAN_POINT('',(-9.14329216651174,19.,9.50513976554336));
#5393=CARTESIAN_POINT('Origin',(0.,19.,11.5));
#5394=CARTESIAN_POINT('',(-9.14329216651174,19.,13.4948602344566));
#5395=CARTESIAN_POINT('Origin',(-9.,19.,11.5));
#5396=CARTESIAN_POINT('',(-8.64401837235304,19.,15.0861128503764));
#5397=CARTESIAN_POINT('Origin',(0.,19.,11.5));
#5398=CARTESIAN_POINT('',(-4.28191732278701,19.,15.0861128503764));
#5399=CARTESIAN_POINT('',(-4.6409586613935,19.,15.0861128503764));
#5400=CARTESIAN_POINT('',(-4.28191732278701,19.,18.3583790795848));
#5401=CARTESIAN_POINT('',(-4.28191732278701,19.,14.2930564251882));
#5402=CARTESIAN_POINT('',(4.71808267721299,19.,18.3583790795848));
#5403=CARTESIAN_POINT('',(-3.28031612036284,19.,18.3583790795848));
#5404=CARTESIAN_POINT('',(4.71808267721299,19.,15.0861128503764));
#5405=CARTESIAN_POINT('',(4.71808267721299,19.,15.2930564251882));
#5406=CARTESIAN_POINT('',(8.64401837235304,19.,15.0861128503764));
#5407=CARTESIAN_POINT('',(2.3590413386065,19.,15.0861128503764));
#5408=CARTESIAN_POINT('Origin',(0.,19.,11.5));
#5409=CARTESIAN_POINT('',(-2.82977021734711,19.,7.67291660593195));
#5410=CARTESIAN_POINT('',(2.82977021734711,19.,7.67291660593195));
#5411=CARTESIAN_POINT('',(1.60883752247148,19.,7.67291660593195));
#5412=CARTESIAN_POINT('',(3.53721277168389,19.,7.96614575741494));
#5413=CARTESIAN_POINT('Origin',(2.82977021734711,19.,8.67291660593195));
#5414=CARTESIAN_POINT('',(-3.53721277168389,19.,7.96614575741494));
#5415=CARTESIAN_POINT('Origin',(0.,19.,11.5));
#5416=CARTESIAN_POINT('Origin',(-2.82977021734711,19.,8.67291660593195));
#5417=CARTESIAN_POINT('Origin',(0.,18.5,11.5));
#5418=CARTESIAN_POINT('',(6.8640798360025,18.5,4.42383959468271));
#5419=CARTESIAN_POINT('Origin',(0.,18.5,11.5));
#5420=CARTESIAN_POINT('Origin',(6.51594553417712,18.5,4.78273025754893));
#5421=CARTESIAN_POINT('Origin',(9.13145077332659,14.5,9.45161874361131));
#5422=CARTESIAN_POINT('',(9.61932643510902,14.5,9.34217771547123));
#5423=CARTESIAN_POINT('',(9.11158473105181,13.5,9.95122392809635));
#5424=CARTESIAN_POINT('',(9.11158473105181,14.5,9.95122392809635));
#5425=CARTESIAN_POINT('Origin',(9.13145077332659,13.5,9.45161874361131));
#5426=CARTESIAN_POINT('Origin',(-9.18914695697464,18.5,13.4910357678021));
#5427=CARTESIAN_POINT('',(-9.67709100426646,18.5,13.381900043026));
#5428=CARTESIAN_POINT('',(-9.18914695697464,19.,13.4910357678021));
#5429=CARTESIAN_POINT('Ctrl Pts',(-9.67709100454157,18.5,13.3819000429271));
#5430=CARTESIAN_POINT('Ctrl Pts',(-9.67709100454157,18.5575712697543,13.3819000429271));
#5431=CARTESIAN_POINT('Ctrl Pts',(-9.66709636430657,18.6192598006808,13.3855927025211));
#5432=CARTESIAN_POINT('Ctrl Pts',(-9.62574283727582,18.7341401925532,13.3997166373944));
#5433=CARTESIAN_POINT('Ctrl Pts',(-9.59435120303175,18.787335145139,13.4100266050712));
#5434=CARTESIAN_POINT('Ctrl Pts',(-9.52520692802977,18.8687305543427,13.4301046399673));
#5435=CARTESIAN_POINT('Ctrl Pts',(-9.47927283529044,18.9074998291824,13.4422301109737));
#5436=CARTESIAN_POINT('Ctrl Pts',(-9.40108516830524,18.9536641502518,13.4596977362634));
#5437=CARTESIAN_POINT('Ctrl Pts',(-9.36024308021417,18.971368374674,13.4677637972045));
#5438=CARTESIAN_POINT('Ctrl Pts',(-9.27486600686941,18.9945349432587,13.4814939112142));
#5439=CARTESIAN_POINT('Ctrl Pts',(-9.23032626112585,19.,13.4871237637103));
#5440=CARTESIAN_POINT('Ctrl Pts',(-9.18914695697464,19.,13.4910357678021));
#5441=CARTESIAN_POINT('',(-9.14186021773098,18.5,12.9932768258516));
#5442=CARTESIAN_POINT('Origin',(-9.18914695697464,18.5,13.4910357678021));
#5443=CARTESIAN_POINT('Origin',(-9.18914695697464,18.5,13.4910357678021));
#5444=CARTESIAN_POINT('Origin',(-9.,18.5,11.5));
#5445=CARTESIAN_POINT('',(-9.18914695697464,19.,9.50896423219791));
#5446=CARTESIAN_POINT('',(-9.14186021773098,18.5,10.0067231741484));
#5447=CARTESIAN_POINT('Origin',(-9.18914695697464,18.5,9.50896423219791));
#5448=CARTESIAN_POINT('Origin',(-9.,18.5,11.5));
#5449=CARTESIAN_POINT('Origin',(-9.,19.,11.5));
#5450=CARTESIAN_POINT('Origin',(-9.,19.,11.5));
#5451=CARTESIAN_POINT('Origin',(-9.18914695697464,18.5,9.50896423219791));
#5452=CARTESIAN_POINT('',(-9.67709100426646,18.5,9.61809995697394));
#5453=CARTESIAN_POINT('Ctrl Pts',(-9.18914695697464,19.,9.50896423219791));
#5454=CARTESIAN_POINT('Ctrl Pts',(-9.23032626112585,19.,9.51287623628969));
#5455=CARTESIAN_POINT('Ctrl Pts',(-9.27486600686941,18.9945349432587,9.51850608878583));
#5456=CARTESIAN_POINT('Ctrl Pts',(-9.36024308021417,18.971368374674,9.53223620279554));
#5457=CARTESIAN_POINT('Ctrl Pts',(-9.40108516830524,18.9536641502518,9.54030226373654));
#5458=CARTESIAN_POINT('Ctrl Pts',(-9.47927283529044,18.9074998291824,9.55776988902628));
#5459=CARTESIAN_POINT('Ctrl Pts',(-9.52520692802977,18.8687305543427,9.56989536003271));
#5460=CARTESIAN_POINT('Ctrl Pts',(-9.59435120303175,18.787335145139,9.58997339492882));
#5461=CARTESIAN_POINT('Ctrl Pts',(-9.62574283727582,18.7341401925532,9.6002833626056));
#5462=CARTESIAN_POINT('Ctrl Pts',(-9.66709636430657,18.6192598006808,9.61440729747885));
#5463=CARTESIAN_POINT('Ctrl Pts',(-9.67709100454157,18.5575712697543,9.61809995707293));
#5464=CARTESIAN_POINT('Ctrl Pts',(-9.67709100454157,18.5,9.61809995707293));
#5465=CARTESIAN_POINT('Origin',(-9.18914695697464,18.5,9.50896423219791));
#5466=CARTESIAN_POINT('Origin',(-9.,19.,11.5));
#5467=CARTESIAN_POINT('Ctrl Pts',(-9.14329216651174,19.,13.4948602344566));
#5468=CARTESIAN_POINT('Ctrl Pts',(-9.15572487286933,19.,13.4939671847087));
#5469=CARTESIAN_POINT('Ctrl Pts',(-9.1681684502275,18.9995711529619,13.4929563943697));
#5470=CARTESIAN_POINT('Ctrl Pts',(-9.25348664286602,18.9937018707623,13.4852205515326));
#5471=CARTESIAN_POINT('Ctrl Pts',(-9.32449428471994,18.9741618908368,13.4746016845315));
#5472=CARTESIAN_POINT('Ctrl Pts',(-9.45123006640295,18.911341523111,13.4494598473174));
#5473=CARTESIAN_POINT('Ctrl Pts',(-9.50715116608777,18.8692042088314,13.4352201799532));
#5474=CARTESIAN_POINT('Ctrl Pts',(-9.59307628743534,18.7727631639017,13.4104964588817));
#5475=CARTESIAN_POINT('Ctrl Pts',(-9.62522337460893,18.7209438272294,13.3998988132357));
#5476=CARTESIAN_POINT('Ctrl Pts',(-9.66666330385528,18.6117509127687,13.3857361484418));
#5477=CARTESIAN_POINT('Ctrl Pts',(-9.67709100426645,18.5564029284339,13.381900043026));
#5478=CARTESIAN_POINT('Ctrl Pts',(-9.67709100426645,18.5,13.381900043026));
#5479=CARTESIAN_POINT('Origin',(3.57429350425119E-6,19.,11.5000007021609));
#5480=CARTESIAN_POINT('Origin',(3.57429350425119E-6,13.5,11.5000007021609));
#5481=CARTESIAN_POINT('Origin',(3.57429350425119E-6,12.5,11.5000007021609));
#5482=CARTESIAN_POINT('Origin',(9.05,19.,11.5));
#5483=CARTESIAN_POINT('',(9.11158473105181,13.5,13.0487760719036));
#5484=CARTESIAN_POINT('',(9.11158473105181,19.,13.0487760719036));
#5485=CARTESIAN_POINT('Origin',(9.05,13.5,11.5));
#5486=CARTESIAN_POINT('Origin',(9.13145077332659,19.,13.5483812563887));
#5487=CARTESIAN_POINT('Origin',(9.13145077332659,13.5,13.5483812563887));
#5488=CARTESIAN_POINT('',(9.61932643510902,19.,13.6578222845288));
#5489=CARTESIAN_POINT('Origin',(0.,14.5,11.5));
#5490=CARTESIAN_POINT('',(9.1058514685999,18.5,15.277711887981));
#5491=CARTESIAN_POINT('Origin',(0.,18.5,11.5));
#5492=CARTESIAN_POINT('',(8.77202683785802,18.3347062585591,15.998797976426));
#5493=CARTESIAN_POINT('Ctrl Pts',(8.77202683785909,18.3347062585595,15.9987979764239));
#5494=CARTESIAN_POINT('Ctrl Pts',(8.88548767938721,18.4424125617096,15.7775652044376));
#5495=CARTESIAN_POINT('Ctrl Pts',(9.00112499484544,18.5,15.5301460976603));
#5496=CARTESIAN_POINT('Ctrl Pts',(9.1058514685999,18.5,15.277711887981));
#5497=CARTESIAN_POINT('',(8.7720268378609,15.,15.9987979764204));
#5498=CARTESIAN_POINT('',(8.7720268378609,14.5,15.9987979764204));
#5499=CARTESIAN_POINT('',(6.8640798360025,15.,18.5761604053173));
#5500=CARTESIAN_POINT('Origin',(0.,15.,11.5));
#5501=CARTESIAN_POINT('',(6.8640798360025,14.5,18.5761604053173));
#5502=CARTESIAN_POINT('Origin',(0.,18.5,11.5));
#5503=CARTESIAN_POINT('Origin',(8.64401837235304,18.5,15.0861128503764));
#5504=CARTESIAN_POINT('Origin',(-9.18914695697464,19.,13.4910357678021));
#5505=CARTESIAN_POINT('',(-9.14186021773098,14.5,12.9932768258516));
#5506=CARTESIAN_POINT('',(-9.14186021773098,19.,12.9932768258516));
#5507=CARTESIAN_POINT('',(-9.37640502183582,14.5,13.027425568233));
#5508=CARTESIAN_POINT('Origin',(-9.18914695697464,14.5,13.4910357678021));
#5509=CARTESIAN_POINT('',(-9.14186021773098,19.,12.9932768258516));
#5510=CARTESIAN_POINT('',(-9.67709100426645,19.,13.381900043026));
#5511=CARTESIAN_POINT('Origin',(-9.,19.,11.5));
#5512=CARTESIAN_POINT('',(-9.14186021773098,14.5,10.0067231741484));
#5513=CARTESIAN_POINT('',(-9.14186021773098,19.,10.0067231741484));
#5514=CARTESIAN_POINT('',(-9.14186021773098,19.,10.0067231741484));
#5515=CARTESIAN_POINT('Origin',(-9.18914695697464,19.,9.50896423219791));
#5516=CARTESIAN_POINT('',(-9.67709100426645,19.,9.61809995697394));
#5517=CARTESIAN_POINT('',(-9.37640502183582,14.5,9.97257443176695));
#5518=CARTESIAN_POINT('Origin',(-9.18914695697464,14.5,9.50896423219791));
#5519=CARTESIAN_POINT('Origin',(3.88578058618805E-13,12.5,11.5000000000004));
#5520=CARTESIAN_POINT('Origin',(0.950614902117345,12.5,11.5));
#5521=CARTESIAN_POINT('',(8.63941325511749,12.5,9.54259903828398));
#5522=CARTESIAN_POINT('',(6.16781123235253,12.5,5.14162092041592));
#5523=CARTESIAN_POINT('Origin',(2.22044604925031E-15,12.5,11.5));
#5524=CARTESIAN_POINT('',(-6.16781123235253,12.5,5.14162092041592));
#5525=CARTESIAN_POINT('',(-6.16781123235253,12.5,5.14162092041592));
#5526=CARTESIAN_POINT('',(-8.63727110653481,12.5,9.53316809313924));
#5527=CARTESIAN_POINT('Origin',(2.22044604925031E-15,12.5,11.5));
#5528=CARTESIAN_POINT('',(-8.63727110653481,12.5,13.4668319068608));
#5529=CARTESIAN_POINT('Origin',(-9.,12.5,11.5));
#5530=CARTESIAN_POINT('',(-6.16781123235173,12.5,17.8583790795849));
#5531=CARTESIAN_POINT('Origin',(2.22044604925031E-15,12.5,11.5));
#5532=CARTESIAN_POINT('',(6.16781123235174,12.5,17.8583790795848));
#5533=CARTESIAN_POINT('',(6.16781123235173,12.5,17.8583790795848));
#5534=CARTESIAN_POINT('',(8.63941325511749,12.5,13.457400961716));
#5535=CARTESIAN_POINT('Origin',(2.22044604925031E-15,12.5,11.5));
#5536=CARTESIAN_POINT('Origin',(9.05,12.5,11.5));
#5537=CARTESIAN_POINT('Origin',(0.950614902117345,19.,11.5));
#5538=CARTESIAN_POINT('Origin',(10.1540996119401,13.5,11.4999999631954));
#5539=CARTESIAN_POINT('Origin',(-9.,19.,11.5));
#5540=CARTESIAN_POINT('Ctrl Pts',(-9.67709100426645,18.5,9.61809995697394));
#5541=CARTESIAN_POINT('Ctrl Pts',(-9.67709100426645,18.5343877240002,9.61809995697394));
#5542=CARTESIAN_POINT('Ctrl Pts',(-9.67320915252284,18.5685215226196,9.61669049641183));
#5543=CARTESIAN_POINT('Ctrl Pts',(-9.65789146686271,18.6357369663092,9.61128469603037));
#5544=CARTESIAN_POINT('Ctrl Pts',(-9.64646740468085,18.66838641466,9.60729776905384));
#5545=CARTESIAN_POINT('Ctrl Pts',(-9.60268558809173,18.7606422348904,9.59272288213223));
#5546=CARTESIAN_POINT('Ctrl Pts',(-9.56125076602509,18.8147977941342,9.57966745283175));
#5547=CARTESIAN_POINT('Ctrl Pts',(-9.45789721641212,18.907372568601,9.55234226901245));
#5548=CARTESIAN_POINT('Ctrl Pts',(-9.39507575811997,18.9443431618313,9.53819567236139));
#5549=CARTESIAN_POINT('Ctrl Pts',(-9.26827337258033,18.9890812202032,9.51718044276904));
#5550=CARTESIAN_POINT('Ctrl Pts',(-9.20608475636731,19.,9.50965019995168));
#5551=CARTESIAN_POINT('Ctrl Pts',(-9.14329216651174,19.,9.50513976554336));
#5552=CARTESIAN_POINT('Origin',(9.05,19.,11.5));
#5553=CARTESIAN_POINT('',(8.63941325511749,18.,9.54259903828398));
#5554=CARTESIAN_POINT('',(8.63941325511749,19.,9.54259903828398));
#5555=CARTESIAN_POINT('',(8.63941325511749,18.,13.457400961716));
#5556=CARTESIAN_POINT('',(8.63941325511749,19.,13.457400961716));
#5557=CARTESIAN_POINT('Origin',(9.05,18.,11.5));
#5558=CARTESIAN_POINT('Origin',(9.76468747757374E-16,18.,11.5));
#5559=CARTESIAN_POINT('',(8.10004163828755,18.,15.0861128503764));
#5560=CARTESIAN_POINT('Origin',(0.,18.,11.5));
#5561=CARTESIAN_POINT('',(3.71808267721299,18.,15.0861128503764));
#5562=CARTESIAN_POINT('',(-4.6409586613935,18.,15.0861128503764));
#5563=CARTESIAN_POINT('',(3.71808267721299,18.,17.8583790795848));
#5564=CARTESIAN_POINT('',(3.71808267721299,18.,15.2930564251882));
#5565=CARTESIAN_POINT('',(-3.28191732278701,18.,17.8583790795848));
#5566=CARTESIAN_POINT('',(-3.28031612036284,18.,17.8583790795848));
#5567=CARTESIAN_POINT('',(-3.28191732278701,18.,15.0861128503764));
#5568=CARTESIAN_POINT('',(-3.28191732278701,18.,14.2930564251882));
#5569=CARTESIAN_POINT('',(-8.10004163828755,18.,15.0861128503764));
#5570=CARTESIAN_POINT('',(-4.6409586613935,18.,15.0861128503764));
#5571=CARTESIAN_POINT('',(-8.6372711065348,18.,13.4668319068608));
#5572=CARTESIAN_POINT('Origin',(0.,18.,11.5));
#5573=CARTESIAN_POINT('',(-8.6372711065348,18.,9.53316809313923));
#5574=CARTESIAN_POINT('Origin',(-9.,18.,11.5));
#5575=CARTESIAN_POINT('',(-6.16781123235303,18.,5.14162092041541));
#5576=CARTESIAN_POINT('Origin',(0.,18.,11.5));
#5577=CARTESIAN_POINT('',(6.16781123235303,18.,5.1416209204154));
#5578=CARTESIAN_POINT('',(3.28031612036284,18.,5.14162092041514));
#5579=CARTESIAN_POINT('Origin',(0.,18.,11.5));
#5580=CARTESIAN_POINT('',(-2.82977021734711,18.,8.67291660593195));
#5581=CARTESIAN_POINT('',(2.82977021734711,18.,8.67291660593195));
#5582=CARTESIAN_POINT('',(1.60883752247148,18.,8.67291660593195));
#5583=CARTESIAN_POINT('Origin',(0.,18.,11.5));
#5584=CARTESIAN_POINT('Origin',(0.,14.5,11.5));
#5585=CARTESIAN_POINT('',(6.16781123235174,14.5,17.8583790795848));
#5586=CARTESIAN_POINT('',(6.16781123235174,14.5,17.8583790795848));
#5587=CARTESIAN_POINT('',(7.88222266548672,14.5,15.5424554133984));
#5588=CARTESIAN_POINT('Origin',(2.22044604925031E-15,14.5,11.5));
#5589=CARTESIAN_POINT('',(7.88222266548672,17.8898041723742,15.5424554133984));
#5590=CARTESIAN_POINT('',(7.88222266548672,14.5,15.5424554133984));
#5591=CARTESIAN_POINT('Ctrl Pts',(7.88222266548672,17.8898041723742,15.5424554133984));
#5592=CARTESIAN_POINT('Ctrl Pts',(7.89308374735563,17.9006652542431,15.5212778228194));
#5593=CARTESIAN_POINT('Ctrl Pts',(7.9040406909026,17.9107741810207,15.499702609072));
#5594=CARTESIAN_POINT('Ctrl Pts',(7.97823195632727,17.9736207142248,15.3520769340251));
#5595=CARTESIAN_POINT('Ctrl Pts',(8.04284434152174,18.,15.2153057968147));
#5596=CARTESIAN_POINT('Ctrl Pts',(8.10004163828755,18.,15.0861128503763));
#5597=CARTESIAN_POINT('Origin',(-9.,19.,11.5));
#5598=CARTESIAN_POINT('',(-8.6372711065348,19.,13.4668319068608));
#5599=CARTESIAN_POINT('',(-8.6372711065348,19.,9.53316809313924));
#5600=CARTESIAN_POINT('Origin',(0.,14.5,11.5));
#5601=CARTESIAN_POINT('',(-6.16781123235174,14.5,5.14162092041515));
#5602=CARTESIAN_POINT('Origin',(0.,14.5,11.5));
#5603=CARTESIAN_POINT('',(-6.86407983600251,18.5,4.42383959468272));
#5604=CARTESIAN_POINT('Origin',(0.,18.5,11.5));
#5605=CARTESIAN_POINT('',(-6.86407983600251,14.5,4.42383959468272));
#5606=CARTESIAN_POINT('Origin',(0.,18.5,11.5));
#5607=CARTESIAN_POINT('Origin',(-6.51594553417712,18.5,4.78273025754893));
#5608=CARTESIAN_POINT('Origin',(9.76468747757374E-16,14.5,11.5));
#5609=CARTESIAN_POINT('',(3.71808267721299,14.5,17.8583790795848));
#5610=CARTESIAN_POINT('',(-3.08390561617586,14.5,17.8583790795848));
#5611=CARTESIAN_POINT('',(3.71808267721299,14.5,16.0861128503764));
#5612=CARTESIAN_POINT('',(3.71808267721299,14.5,15.2930564251882));
#5613=CARTESIAN_POINT('',(6.99241849311255,14.5,16.0861128503764));
#5614=CARTESIAN_POINT('',(2.3590413386065,14.5,16.0861128503764));
#5615=CARTESIAN_POINT('Origin',(6.99241849311255,14.5,15.0861128503764));
#5616=CARTESIAN_POINT('Origin',(3.21767504494295,19.,8.67291660593195));
#5617=CARTESIAN_POINT('',(2.82977021734711,20.,8.67291660593195));
#5618=CARTESIAN_POINT('',(2.82977021734711,19.,8.67291660593195));
#5619=CARTESIAN_POINT('',(-2.82977021734711,20.,8.67291660593195));
#5620=CARTESIAN_POINT('',(1.60883752247148,20.,8.67291660593195));
#5621=CARTESIAN_POINT('',(-2.82977021734711,19.,8.67291660593195));
#5622=CARTESIAN_POINT('Origin',(0.,19.,11.5));
#5623=CARTESIAN_POINT('Origin',(0.,20.,11.5));
#5624=CARTESIAN_POINT('Origin',(-6.56063224072568,14.5,17.8583790795848));
#5625=CARTESIAN_POINT('',(-3.28191732278701,14.5,17.8583790795848));
#5626=CARTESIAN_POINT('',(-3.28191732278701,16.75,17.8583790795848));
#5627=CARTESIAN_POINT('',(3.71808267721299,16.75,17.8583790795848));
#5628=CARTESIAN_POINT('',(-6.16781123235173,14.5,17.8583790795849));
#5629=CARTESIAN_POINT('',(-6.16781123235173,14.5,17.8583790795849));
#5630=CARTESIAN_POINT('',(-3.08390561617586,14.5,17.8583790795848));
#5631=CARTESIAN_POINT('Origin',(0.,14.5,11.5));
#5632=CARTESIAN_POINT('',(6.16781123235253,14.5,5.14162092041592));
#5633=CARTESIAN_POINT('Origin',(0.,14.5,11.5));
#5634=CARTESIAN_POINT('',(-7.88222266548672,17.8898041723742,15.5424554133984));
#5635=CARTESIAN_POINT('Ctrl Pts',(-8.10004163828755,18.,15.0861128503764));
#5636=CARTESIAN_POINT('Ctrl Pts',(-8.04284434152174,18.,15.2153057968147));
#5637=CARTESIAN_POINT('Ctrl Pts',(-7.97823195632727,17.9736207142248,15.3520769340251));
#5638=CARTESIAN_POINT('Ctrl Pts',(-7.9040406909026,17.9107741810207,15.499702609072));
#5639=CARTESIAN_POINT('Ctrl Pts',(-7.89308374735563,17.9006652542431,15.5212778228194));
#5640=CARTESIAN_POINT('Ctrl Pts',(-7.88222266548672,17.8898041723742,15.5424554133984));
#5641=CARTESIAN_POINT('',(-7.88222266548672,14.5,15.5424554133984));
#5642=CARTESIAN_POINT('',(-7.88222266548672,14.5,15.5424554133984));
#5643=CARTESIAN_POINT('Origin',(2.22044604925031E-15,14.5,11.5));
#5644=CARTESIAN_POINT('Origin',(6.99241849311255,14.5,15.0861128503764));
#5645=CARTESIAN_POINT('',(6.99241849311255,17.,16.0861128503764));
#5646=CARTESIAN_POINT('',(6.99241849311255,14.5,16.0861128503764));
#5647=CARTESIAN_POINT('Origin',(6.99241849311255,17.,15.0861128503764));
#5648=CARTESIAN_POINT('Origin',(-6.99241849311255,14.5,15.0861128503764));
#5649=CARTESIAN_POINT('',(-6.99241849311255,14.5,16.0861128503764));
#5650=CARTESIAN_POINT('Origin',(-6.99241849311255,14.5,15.0861128503764));
#5651=CARTESIAN_POINT('',(-6.99241849311255,17.,16.0861128503764));
#5652=CARTESIAN_POINT('Origin',(-6.99241849311255,17.,15.0861128503764));
#5653=CARTESIAN_POINT('',(-6.99241849311255,14.5,16.0861128503764));
#5654=CARTESIAN_POINT('Origin',(6.56063224072568,14.5,5.14162092041515));
#5655=CARTESIAN_POINT('Origin',(-4.6409586613935,17.,15.0861128503764));
#5656=CARTESIAN_POINT('',(-3.28191732278701,17.,16.0861128503764));
#5657=CARTESIAN_POINT('',(-4.6409586613935,17.,16.0861128503764));
#5658=CARTESIAN_POINT('Origin',(-3.28191732278701,17.,15.0861128503764));
#5659=CARTESIAN_POINT('Origin',(2.3590413386065,17.,15.0861128503764));
#5660=CARTESIAN_POINT('',(3.71808267721299,17.,16.0861128503764));
#5661=CARTESIAN_POINT('',(2.3590413386065,17.,16.0861128503764));
#5662=CARTESIAN_POINT('Origin',(3.71808267721299,17.,15.0861128503764));
#5663=CARTESIAN_POINT('Origin',(-9.28191732278701,19.,16.0861128503764));
#5664=CARTESIAN_POINT('',(-3.28191732278701,14.5,16.0861128503764));
#5665=CARTESIAN_POINT('',(-4.6409586613935,14.5,16.0861128503764));
#5666=CARTESIAN_POINT('',(-3.28191732278701,19.,16.0861128503764));
#5667=CARTESIAN_POINT('Origin',(-3.28191732278701,19.,17.0861128503764));
#5668=CARTESIAN_POINT('',(-3.28191732278701,14.5,14.2930564251882));
#5669=CARTESIAN_POINT('Origin',(3.71808267721299,19.,19.0861128503764));
#5670=CARTESIAN_POINT('',(3.71808267721299,19.,16.0861128503764));
#5671=CARTESIAN_POINT('Origin',(4.71808267721299,19.,16.0861128503764));
#5672=CARTESIAN_POINT('Origin',(7.48850362928687E-17,20.,11.4799606391634));
#5673=CARTESIAN_POINT('',(2.125,20.,11.5));
#5674=CARTESIAN_POINT('Origin',(0.,20.,11.5));
#5675=CARTESIAN_POINT('Origin',(0.,21.,11.5));
#5676=CARTESIAN_POINT('',(2.125,14.5,11.5));
#5677=CARTESIAN_POINT('Origin',(0.,14.5,11.5));
#5678=CARTESIAN_POINT('',(2.125,21.,11.5));
#5679=CARTESIAN_POINT('Origin',(9.76468747757374E-16,14.5,11.5));
#5680=CARTESIAN_POINT('',(1.125,14.5,11.5));
#5681=CARTESIAN_POINT('Origin',(0.,14.5,11.5));
#5682=CARTESIAN_POINT('Ctrl Pts',(-8.32712475167177,18.7796083447456,15.9987979764257));
#5683=CARTESIAN_POINT('Ctrl Pts',(-8.43483106584235,18.9232167636406,15.7187816451116));
#5684=CARTESIAN_POINT('Ctrl Pts',(-8.54460343472118,19.,15.405621125113));
#5685=CARTESIAN_POINT('Ctrl Pts',(-8.64401837235304,19.,15.0861128503763));
#5686=CARTESIAN_POINT('Ctrl Pts',(-8.43030645868079,18.7581209054401,16.0406954777698));
#5687=CARTESIAN_POINT('Ctrl Pts',(-8.54345819814905,18.9069549074112,15.7670323941637));
#5688=CARTESIAN_POINT('Ctrl Pts',(-8.65935961843438,18.9918055533232,15.4573335932701));
#5689=CARTESIAN_POINT('Ctrl Pts',(-8.76492599421585,19.,15.1362733611242));
#5690=CARTESIAN_POINT('Ctrl Pts',(-8.63620153410884,18.6437830409959,16.0876512615483));
#5691=CARTESIAN_POINT('Ctrl Pts',(-8.759961376099,18.7884715243887,15.8336211061482));
#5692=CARTESIAN_POINT('Ctrl Pts',(-8.88830988860334,18.8766094250229,15.5425587606315));
#5693=CARTESIAN_POINT('Ctrl Pts',(-9.00572664691458,18.8916006426358,15.2361734628851));
#5694=CARTESIAN_POINT('Ctrl Pts',(-8.75053939855318,18.4378879655681,16.040695477769));
#5695=CARTESIAN_POINT('Ctrl Pts',(-8.87064786974901,18.5580384940578,15.8093965018116));
#5696=CARTESIAN_POINT('Ctrl Pts',(-8.99354487825851,18.6257481419539,15.5479832847873));
#5697=CARTESIAN_POINT('Ctrl Pts',(-9.1058514685999,18.6308996938996,15.277711887981));
#5698=CARTESIAN_POINT('Ctrl Pts',(-8.77202683785875,18.3347062585592,15.9987979764246));
#5699=CARTESIAN_POINT('Ctrl Pts',(-8.88548769099674,18.4424125727305,15.7775651818007));
#5700=CARTESIAN_POINT('Ctrl Pts',(-9.00112498412932,18.5,15.5301461234905));
#5701=CARTESIAN_POINT('Ctrl Pts',(-9.1058514685999,18.5,15.277711887981));
#5702=CARTESIAN_POINT('',(-9.1058514685999,18.5,15.277711887981));
#5703=CARTESIAN_POINT('Origin',(-8.64401837235304,18.5,15.0861128503764));
#5704=CARTESIAN_POINT('',(-8.77202683785802,18.3347062585591,15.998797976426));
#5705=CARTESIAN_POINT('Ctrl Pts',(-9.1058514685999,18.5,15.277711887981));
#5706=CARTESIAN_POINT('Ctrl Pts',(-9.00112498412932,18.5,15.5301461234905));
#5707=CARTESIAN_POINT('Ctrl Pts',(-8.88548769099674,18.4424125727305,15.7775651818007));
#5708=CARTESIAN_POINT('Ctrl Pts',(-8.77202683785875,18.3347062585592,15.9987979764246));
#5709=CARTESIAN_POINT('',(-8.32712475167165,18.7796083447455,15.998797976426));
#5710=CARTESIAN_POINT('Origin',(-8.32712475167165,18.3347062585591,15.7706266949136));
#5711=CARTESIAN_POINT('Ctrl Pts',(-8.32712475167177,18.7796083447456,15.9987979764257));
#5712=CARTESIAN_POINT('Ctrl Pts',(-8.43483106584235,18.9232167636406,15.7187816451116));
#5713=CARTESIAN_POINT('Ctrl Pts',(-8.54460343472118,19.,15.405621125113));
#5714=CARTESIAN_POINT('Ctrl Pts',(-8.64401837235304,19.,15.0861128503763));
#5715=CARTESIAN_POINT('Ctrl Pts',(-6.99241849311255,17.,17.0861128503764));
#5716=CARTESIAN_POINT('Ctrl Pts',(-7.54087642593766,17.7312772437668,17.0861128503764));
#5717=CARTESIAN_POINT('Ctrl Pts',(-8.07684005289494,18.4458954130432,16.649491519091));
#5718=CARTESIAN_POINT('Ctrl Pts',(-8.32712475167165,18.7796083447455,15.998797976426));
#5719=CARTESIAN_POINT('Ctrl Pts',(-6.99241849311255,17.,17.0861128503764));
#5720=CARTESIAN_POINT('Ctrl Pts',(-7.57134631109461,17.7008073586099,17.0861128503764));
#5721=CARTESIAN_POINT('Ctrl Pts',(-8.14419311677275,18.4006288090712,16.6988251329945));
#5722=CARTESIAN_POINT('Ctrl Pts',(-8.43030645868047,18.7581209054398,16.0406954777703));
#5723=CARTESIAN_POINT('Ctrl Pts',(-6.99241849311254,17.,17.0861128503763));
#5724=CARTESIAN_POINT('Ctrl Pts',(-7.63228608140851,17.639867588296,17.0861128503763));
#5725=CARTESIAN_POINT('Ctrl Pts',(-8.27969909683753,18.287280603725,16.7519859684275));
#5726=CARTESIAN_POINT('Ctrl Pts',(-8.6362015341081,18.6437830409955,16.0876512615492));
#5727=CARTESIAN_POINT('Ctrl Pts',(-6.99241849311255,17.,17.0861128503764));
#5728=CARTESIAN_POINT('Ctrl Pts',(-7.69322585172241,17.5789278179821,17.0861128503764));
#5729=CARTESIAN_POINT('Ctrl Pts',(-8.39304730218374,18.1517746236602,16.6988251329945));
#5730=CARTESIAN_POINT('Ctrl Pts',(-8.75053939855237,18.4378879655679,16.0406954777703));
#5731=CARTESIAN_POINT('Ctrl Pts',(-6.99241849311255,17.,17.0861128503764));
#5732=CARTESIAN_POINT('Ctrl Pts',(-7.72369573687936,17.5484579328251,17.0861128503764));
#5733=CARTESIAN_POINT('Ctrl Pts',(-8.43831390615574,18.0844215597824,16.649491519091));
#5734=CARTESIAN_POINT('Ctrl Pts',(-8.77202683785802,18.3347062585591,15.998797976426));
#5735=CARTESIAN_POINT('',(-6.99241849311255,17.,17.0861128503764));
#5736=CARTESIAN_POINT('Origin',(-6.99241849311255,17.,15.0861128503764));
#5737=CARTESIAN_POINT('Origin',(-6.99241849311255,17.,15.0861128503764));
#5738=CARTESIAN_POINT('Origin',(-6.99241849311255,14.5,15.0861128503764));
#5739=CARTESIAN_POINT('',(-8.7720268378609,15.,15.9987979764204));
#5740=CARTESIAN_POINT('',(-8.7720268378609,14.5,15.9987979764204));
#5741=CARTESIAN_POINT('',(-6.99241849311255,15.,17.0861128503764));
#5742=CARTESIAN_POINT('Origin',(-6.99241849311255,15.,15.0861128503764));
#5743=CARTESIAN_POINT('',(-6.99241849311255,14.5,17.0861128503764));
#5744=CARTESIAN_POINT('Origin',(-4.6409586613935,17.,15.0861128503764));
#5745=CARTESIAN_POINT('',(-4.28191732278701,17.,17.0861128503764));
#5746=CARTESIAN_POINT('',(-4.6409586613935,17.,17.0861128503764));
#5747=CARTESIAN_POINT('Origin',(-4.28191732278701,17.,15.0861128503764));
#5748=CARTESIAN_POINT('Origin',(0.,18.5,11.5));
#5749=CARTESIAN_POINT('Origin',(0.,18.5,11.5));
#5750=CARTESIAN_POINT('Ctrl Pts',(8.77202683785909,18.3347062585595,15.9987979764239));
#5751=CARTESIAN_POINT('Ctrl Pts',(8.88548767938721,18.4424125617096,15.7775652044376));
#5752=CARTESIAN_POINT('Ctrl Pts',(9.00112499484544,18.5,15.5301460976603));
#5753=CARTESIAN_POINT('Ctrl Pts',(9.1058514685999,18.5,15.277711887981));
#5754=CARTESIAN_POINT('Ctrl Pts',(8.75053939855354,18.4378879655685,16.0406954777683));
#5755=CARTESIAN_POINT('Ctrl Pts',(8.87064785745929,18.5580384817636,15.8093965254785));
#5756=CARTESIAN_POINT('Ctrl Pts',(8.99354488975026,18.6257481424811,15.5479832571318));
#5757=CARTESIAN_POINT('Ctrl Pts',(9.1058514685999,18.6308996938996,15.277711887981));
#5758=CARTESIAN_POINT('Ctrl Pts',(8.6362015341092,18.6437830409963,16.0876512615475));
#5759=CARTESIAN_POINT('Ctrl Pts',(8.75996136343567,18.7884715095838,15.833621132141));
#5760=CARTESIAN_POINT('Ctrl Pts',(8.88830990061799,18.8766094265569,15.5425587292807));
#5761=CARTESIAN_POINT('Ctrl Pts',(9.00572664691457,18.8916006426358,15.2361734628851));
#5762=CARTESIAN_POINT('Ctrl Pts',(8.43030645868113,18.7581209054405,16.0406954777689));
#5763=CARTESIAN_POINT('Ctrl Pts',(8.54345818657117,18.9069548921822,15.7670324221653));
#5764=CARTESIAN_POINT('Ctrl Pts',(8.65935962923646,18.9918055541617,15.4573335604176));
#5765=CARTESIAN_POINT('Ctrl Pts',(8.76492599421585,19.,15.1362733611242));
#5766=CARTESIAN_POINT('Ctrl Pts',(8.32712475167209,18.7796083447461,15.9987979764249));
#5767=CARTESIAN_POINT('Ctrl Pts',(8.43483105482166,18.9232167489462,15.7187816737633));
#5768=CARTESIAN_POINT('Ctrl Pts',(8.54460344489382,19.,15.4056210924193));
#5769=CARTESIAN_POINT('Ctrl Pts',(8.64401837235304,19.,15.0861128503764));
#5770=CARTESIAN_POINT('',(8.32712475167165,18.7796083447455,15.998797976426));
#5771=CARTESIAN_POINT('Ctrl Pts',(8.64401837235304,19.,15.0861128503764));
#5772=CARTESIAN_POINT('Ctrl Pts',(8.54460344489382,19.,15.4056210924193));
#5773=CARTESIAN_POINT('Ctrl Pts',(8.43483105482166,18.9232167489462,15.7187816737633));
#5774=CARTESIAN_POINT('Ctrl Pts',(8.32712475167209,18.7796083447461,15.9987979764249));
#5775=CARTESIAN_POINT('Origin',(8.32712475167165,18.3347062585591,15.7706266949136));
#5776=CARTESIAN_POINT('Ctrl Pts',(6.99241849311255,17.,17.0861128503764));
#5777=CARTESIAN_POINT('Ctrl Pts',(7.72369573687936,17.5484579328251,17.0861128503764));
#5778=CARTESIAN_POINT('Ctrl Pts',(8.43831390615574,18.0844215597824,16.649491519091));
#5779=CARTESIAN_POINT('Ctrl Pts',(8.77202683785802,18.3347062585591,15.998797976426));
#5780=CARTESIAN_POINT('Ctrl Pts',(6.99241849311255,17.,17.0861128503764));
#5781=CARTESIAN_POINT('Ctrl Pts',(7.69322585172241,17.5789278179821,17.0861128503764));
#5782=CARTESIAN_POINT('Ctrl Pts',(8.39304730218374,18.1517746236602,16.6988251329945));
#5783=CARTESIAN_POINT('Ctrl Pts',(8.75053939855237,18.4378879655679,16.0406954777703));
#5784=CARTESIAN_POINT('Ctrl Pts',(6.99241849311254,17.,17.0861128503763));
#5785=CARTESIAN_POINT('Ctrl Pts',(7.6322860814085,17.639867588296,17.0861128503763));
#5786=CARTESIAN_POINT('Ctrl Pts',(8.27969909683753,18.287280603725,16.7519859684275));
#5787=CARTESIAN_POINT('Ctrl Pts',(8.63620153410809,18.6437830409955,16.0876512615492));
#5788=CARTESIAN_POINT('Ctrl Pts',(6.99241849311255,17.,17.0861128503764));
#5789=CARTESIAN_POINT('Ctrl Pts',(7.57134631109461,17.7008073586099,17.0861128503764));
#5790=CARTESIAN_POINT('Ctrl Pts',(8.14419311677275,18.4006288090712,16.6988251329945));
#5791=CARTESIAN_POINT('Ctrl Pts',(8.43030645868047,18.7581209054398,16.0406954777703));
#5792=CARTESIAN_POINT('Ctrl Pts',(6.99241849311255,17.,17.0861128503764));
#5793=CARTESIAN_POINT('Ctrl Pts',(7.54087642593766,17.7312772437668,17.0861128503764));
#5794=CARTESIAN_POINT('Ctrl Pts',(8.07684005289494,18.4458954130432,16.649491519091));
#5795=CARTESIAN_POINT('Ctrl Pts',(8.32712475167165,18.7796083447455,15.998797976426));
#5796=CARTESIAN_POINT('',(6.99241849311255,17.,17.0861128503764));
#5797=CARTESIAN_POINT('Origin',(6.99241849311255,17.,15.0861128503764));
#5798=CARTESIAN_POINT('Origin',(6.99241849311255,17.,15.0861128503764));
#5799=CARTESIAN_POINT('Origin',(2.3590413386065,17.,15.0861128503764));
#5800=CARTESIAN_POINT('',(4.71808267721299,17.,17.0861128503764));
#5801=CARTESIAN_POINT('Origin',(4.71808267721299,17.,15.0861128503764));
#5802=CARTESIAN_POINT('',(2.3590413386065,17.,17.0861128503764));
#5803=CARTESIAN_POINT('Origin',(6.99241849311255,14.5,15.0861128503764));
#5804=CARTESIAN_POINT('',(6.99241849311255,15.,17.0861128503764));
#5805=CARTESIAN_POINT('',(6.99241849311255,14.5,17.0861128503764));
#5806=CARTESIAN_POINT('Origin',(6.99241849311255,15.,15.0861128503764));
#5807=CARTESIAN_POINT('Origin',(0.,14.5,11.5));
#5808=CARTESIAN_POINT('',(6.8640798360025,14.5,4.42383959468271));
#5809=CARTESIAN_POINT('Origin',(-6.78191732278701,15.,18.0861128503764));
#5810=CARTESIAN_POINT('',(-4.28191732278701,15.,18.8583790795848));
#5811=CARTESIAN_POINT('',(-6.16781123235173,15.,18.8583790795848));
#5812=CARTESIAN_POINT('',(-6.67127478175634,15.,18.8583790795848));
#5813=CARTESIAN_POINT('',(-4.28191732278701,15.,17.0861128503764));
#5814=CARTESIAN_POINT('',(-4.28191732278701,15.,17.0861128503764));
#5815=CARTESIAN_POINT('',(-9.28191732278701,15.,17.0861128503764));
#5816=CARTESIAN_POINT('',(-6.8640798360025,15.,18.5761604053173));
#5817=CARTESIAN_POINT('Origin',(0.,15.,11.5));
#5818=CARTESIAN_POINT('Origin',(-6.16781123235173,15.,17.8583790795848));
#5819=CARTESIAN_POINT('Origin',(-9.28191732278701,19.,17.0861128503764));
#5820=CARTESIAN_POINT('',(-4.28191732278701,19.,17.0861128503764));
#5821=CARTESIAN_POINT('Origin',(-4.28191732278701,19.,17.0861128503764));
#5822=CARTESIAN_POINT('',(-4.28191732278701,18.5,18.8583790795848));
#5823=CARTESIAN_POINT('',(-4.28191732278701,16.75,18.8583790795848));
#5824=CARTESIAN_POINT('Origin',(-4.28191732278701,18.5,18.3583790795848));
#5825=CARTESIAN_POINT('Origin',(7.21808267721299,15.,18.0861128503764));
#5826=CARTESIAN_POINT('',(4.71808267721299,15.,17.0861128503764));
#5827=CARTESIAN_POINT('',(9.71808267721299,15.,17.0861128503764));
#5828=CARTESIAN_POINT('',(4.71808267721299,15.,18.8583790795848));
#5829=CARTESIAN_POINT('',(4.71808267721299,15.,17.0861128503764));
#5830=CARTESIAN_POINT('',(6.16781123235173,15.,18.8583790795848));
#5831=CARTESIAN_POINT('',(0.328725218243657,15.,18.8583790795848));
#5832=CARTESIAN_POINT('Origin',(6.16781123235173,15.,17.8583790795848));
#5833=CARTESIAN_POINT('Origin',(4.71808267721299,19.,19.0861128503764));
#5834=CARTESIAN_POINT('',(4.71808267721299,18.5,18.8583790795848));
#5835=CARTESIAN_POINT('',(4.71808267721299,16.75,18.8583790795848));
#5836=CARTESIAN_POINT('',(4.71808267721299,19.,17.0861128503764));
#5837=CARTESIAN_POINT('Origin',(4.71808267721299,18.5,18.3583790795848));
#5838=CARTESIAN_POINT('Origin',(4.71808267721299,19.,17.0861128503764));
#5839=CARTESIAN_POINT('Origin',(-6.16781123235173,14.5,17.8583790795848));
#5840=CARTESIAN_POINT('',(-6.8640798360025,14.5,18.5761604053173));
#5841=CARTESIAN_POINT('',(-6.16781123235173,14.5,18.8583790795848));
#5842=CARTESIAN_POINT('Origin',(0.,14.5,11.5));
#5843=CARTESIAN_POINT('Origin',(6.16781123235173,14.5,17.8583790795848));
#5844=CARTESIAN_POINT('',(6.16781123235173,14.5,18.8583790795848));
#5845=CARTESIAN_POINT('Origin',(-6.56063224072568,14.5,18.8583790795848));
#5846=CARTESIAN_POINT('',(-3.28031612036284,18.5,18.8583790795848));
#5847=CARTESIAN_POINT('Origin',(-3.28031612036284,18.5,18.3583790795848));
#5848=CARTESIAN_POINT('Ctrl Pts',(6.16781123235173,19.,4.64162092041514));
#5849=CARTESIAN_POINT('Ctrl Pts',(6.37047631935106,19.,4.64162092041514));
#5850=CARTESIAN_POINT('Ctrl Pts',(6.51594553417712,19.,4.78273025754893));
#5851=CARTESIAN_POINT('Ctrl Pts',(6.16781123235173,19.,4.14162092041514));
#5852=CARTESIAN_POINT('Ctrl Pts',(6.57314140635039,19.,4.14162092041514));
#5853=CARTESIAN_POINT('Ctrl Pts',(6.8640798360025,19.,4.42383959468271));
#5854=CARTESIAN_POINT('Ctrl Pts',(6.16781123235173,18.5,4.14162092041514));
#5855=CARTESIAN_POINT('Ctrl Pts',(6.57314140635039,18.5,4.14162092041514));
#5856=CARTESIAN_POINT('Ctrl Pts',(6.8640798360025,18.5,4.42383959468271));
#5857=CARTESIAN_POINT('',(6.16781123235173,18.5,4.14162092041515));
#5858=CARTESIAN_POINT('Origin',(6.16781123235173,18.5,4.64162092041514));
#5859=CARTESIAN_POINT('Origin',(6.16781123235173,18.5,5.14162092041514));
#5860=CARTESIAN_POINT('Origin',(3.28031612036284,18.5,4.64162092041515));
#5861=CARTESIAN_POINT('',(-6.16781123235174,18.5,4.14162092041515));
#5862=CARTESIAN_POINT('Origin',(-6.16781123235174,18.5,4.64162092041515));
#5863=CARTESIAN_POINT('',(3.28031612036284,18.5,4.14162092041515));
#5864=CARTESIAN_POINT('Ctrl Pts',(-6.51594553417712,19.,4.78273025754893));
#5865=CARTESIAN_POINT('Ctrl Pts',(-6.37047631935107,19.,4.64162092041515));
#5866=CARTESIAN_POINT('Ctrl Pts',(-6.16781123235174,19.,4.64162092041515));
#5867=CARTESIAN_POINT('Ctrl Pts',(-6.86407983600251,19.,4.42383959468272));
#5868=CARTESIAN_POINT('Ctrl Pts',(-6.5731414063504,19.,4.14162092041515));
#5869=CARTESIAN_POINT('Ctrl Pts',(-6.16781123235174,19.,4.14162092041515));
#5870=CARTESIAN_POINT('Ctrl Pts',(-6.86407983600251,18.5,4.42383959468272));
#5871=CARTESIAN_POINT('Ctrl Pts',(-6.5731414063504,18.5,4.14162092041515));
#5872=CARTESIAN_POINT('Ctrl Pts',(-6.16781123235174,18.5,4.14162092041515));
#5873=CARTESIAN_POINT('Origin',(-6.16781123235174,18.5,5.14162092041515));
#5874=CARTESIAN_POINT('Origin',(6.16781123235173,14.5,5.14162092041514));
#5875=CARTESIAN_POINT('',(6.16781123235173,14.5,4.14162092041515));
#5876=CARTESIAN_POINT('Origin',(0.,20.5,11.5));
#5877=CARTESIAN_POINT('',(-3.1834914945155,21.,8.31953118167345));
#5878=CARTESIAN_POINT('',(-3.53721277168389,20.5,7.96614575741494));
#5879=CARTESIAN_POINT('Origin',(-3.1834914945155,20.5,8.31953118167345));
#5880=CARTESIAN_POINT('',(3.53721277168389,20.5,7.96614575741494));
#5881=CARTESIAN_POINT('Origin',(0.,20.5,11.5));
#5882=CARTESIAN_POINT('',(3.1834914945155,21.,8.31953118167345));
#5883=CARTESIAN_POINT('Origin',(3.1834914945155,20.5,8.31953118167345));
#5884=CARTESIAN_POINT('Origin',(0.,21.,11.5));
#5885=CARTESIAN_POINT('Ctrl Pts',(2.82977021734711,21.,8.17291660593195));
#5886=CARTESIAN_POINT('Ctrl Pts',(3.03701612705768,21.,8.17291660593195));
#5887=CARTESIAN_POINT('Ctrl Pts',(3.1834914945155,21.,8.31953118167345));
#5888=CARTESIAN_POINT('Ctrl Pts',(2.82977021734711,21.,7.67291660593195));
#5889=CARTESIAN_POINT('Ctrl Pts',(3.24426203676825,21.,7.67291660593195));
#5890=CARTESIAN_POINT('Ctrl Pts',(3.53721277168389,21.,7.96614575741494));
#5891=CARTESIAN_POINT('Ctrl Pts',(2.82977021734711,20.5,7.67291660593195));
#5892=CARTESIAN_POINT('Ctrl Pts',(3.24426203676825,20.5,7.67291660593195));
#5893=CARTESIAN_POINT('Ctrl Pts',(3.53721277168389,20.5,7.96614575741494));
#5894=CARTESIAN_POINT('',(2.82977021734711,20.5,7.67291660593195));
#5895=CARTESIAN_POINT('',(2.82977021734711,21.,8.17291660593195));
#5896=CARTESIAN_POINT('Origin',(2.82977021734711,20.5,8.17291660593195));
#5897=CARTESIAN_POINT('Origin',(2.82977021734711,21.,8.67291660593195));
#5898=CARTESIAN_POINT('Origin',(2.82977021734711,20.5,8.67291660593195));
#5899=CARTESIAN_POINT('Origin',(1.60883752247148,20.5,8.17291660593195));
#5900=CARTESIAN_POINT('',(-2.82977021734711,20.5,7.67291660593195));
#5901=CARTESIAN_POINT('',(-2.82977021734711,21.,8.17291660593195));
#5902=CARTESIAN_POINT('Origin',(-2.82977021734711,20.5,8.17291660593195));
#5903=CARTESIAN_POINT('',(1.60883752247148,21.,8.17291660593195));
#5904=CARTESIAN_POINT('',(1.60883752247148,20.5,7.67291660593195));
#5905=CARTESIAN_POINT('Ctrl Pts',(-3.1834914945155,21.,8.31953118167345));
#5906=CARTESIAN_POINT('Ctrl Pts',(-3.03701612705768,21.,8.17291660593195));
#5907=CARTESIAN_POINT('Ctrl Pts',(-2.82977021734711,21.,8.17291660593195));
#5908=CARTESIAN_POINT('Ctrl Pts',(-3.53721277168389,21.,7.96614575741494));
#5909=CARTESIAN_POINT('Ctrl Pts',(-3.24426203676825,21.,7.67291660593195));
#5910=CARTESIAN_POINT('Ctrl Pts',(-2.82977021734711,21.,7.67291660593195));
#5911=CARTESIAN_POINT('Ctrl Pts',(-3.53721277168389,20.5,7.96614575741494));
#5912=CARTESIAN_POINT('Ctrl Pts',(-3.24426203676825,20.5,7.67291660593195));
#5913=CARTESIAN_POINT('Ctrl Pts',(-2.82977021734711,20.5,7.67291660593195));
#5914=CARTESIAN_POINT('Origin',(-2.82977021734711,20.5,8.67291660593195));
#5915=CARTESIAN_POINT('Origin',(-2.82977021734711,21.,8.67291660593195));
#5916=CARTESIAN_POINT('Origin',(2.82977021734711,19.,8.67291660593195));
#5917=CARTESIAN_POINT('',(3.53721277168389,19.,7.96614575741494));
#5918=CARTESIAN_POINT('',(2.82977021734711,19.,7.67291660593195));
#5919=CARTESIAN_POINT('Origin',(0.,19.,11.5));
#5920=CARTESIAN_POINT('',(-3.53721277168389,19.,7.96614575741494));
#5921=CARTESIAN_POINT('Origin',(7.48850362928687E-17,21.,11.4799606391634));
#5922=CARTESIAN_POINT('',(1.125,21.,11.5));
#5923=CARTESIAN_POINT('Origin',(0.,21.,11.5));
#5924=CARTESIAN_POINT('Origin',(3.21767504494295,19.,7.67291660593195));
#5925=CARTESIAN_POINT('',(-2.82977021734711,19.,7.67291660593195));
#5926=CARTESIAN_POINT('Origin',(-2.82977021734711,19.,8.67291660593195));
#5927=CARTESIAN_POINT('Origin',(-6.16781123235174,14.5,5.14162092041515));
#5928=CARTESIAN_POINT('',(-6.16781123235174,14.5,4.14162092041515));
#5929=CARTESIAN_POINT('Origin',(9.76468747757374E-16,14.5,11.5));
#5930=CARTESIAN_POINT('Origin',(0.,21.,11.5));
#5931=CARTESIAN_POINT('',(1.125,21.,11.5));
#5932=CARTESIAN_POINT('Origin',(6.56063224072568,14.5,4.14162092041515));
#5933=CARTESIAN_POINT('Origin',(0.,-7.35,11.5));
#5934=CARTESIAN_POINT('',(-1.025,-7.35,11.5));
#5935=CARTESIAN_POINT('Origin',(0.,-7.35,11.5));
#5936=CARTESIAN_POINT('',(-1.025,-5.6,11.5));
#5937=CARTESIAN_POINT('',(-1.025,-7.35,11.5));
#5938=CARTESIAN_POINT('Origin',(0.,-5.6,11.5));
#5939=CARTESIAN_POINT('Origin',(0.,-7.35,11.5));
#5940=CARTESIAN_POINT('',(-2.4681202397402,-5.6,11.5));
#5941=CARTESIAN_POINT('Origin',(0.,-5.6,11.5));
#5942=CARTESIAN_POINT('',(-2.4681202397402,-7.35,11.5));
#5943=CARTESIAN_POINT('',(-2.4681202397402,-7.35,11.5));
#5944=CARTESIAN_POINT('Origin',(0.,-7.35,11.5));
#5945=CARTESIAN_POINT('Origin',(1.18901741979685E-16,-5.6,11.5));
#5946=CARTESIAN_POINT('Origin',(1.18901741979685E-16,-7.35,11.5));
#5947=CARTESIAN_POINT('Origin',(-2.5,17.0684268830071,17.7934332997825));
#5948=CARTESIAN_POINT('',(-2.,17.699359173304,17.7934332997825));
#5949=CARTESIAN_POINT('',(-2.5,17.699359173304,18.2934332997825));
#5950=CARTESIAN_POINT('Origin',(-2.5,17.699359173304,17.7934332997825));
#5951=CARTESIAN_POINT('',(-2.5,15.1756300121164,18.2934332997825));
#5952=CARTESIAN_POINT('',(-2.5,17.0684268830071,18.2934332997825));
#5953=CARTESIAN_POINT('',(-2.,15.1756300121164,17.7934332997825));
#5954=CARTESIAN_POINT('Origin',(-2.5,15.1756300121164,17.7934332997825));
#5955=CARTESIAN_POINT('',(-2.,17.0684268830071,17.7934332997825));
#5956=CARTESIAN_POINT('Origin',(4.71808267721299,17.699359173304,17.6501297271519));
#5957=CARTESIAN_POINT('',(-2.,17.699359173304,15.2934332997825));
#5958=CARTESIAN_POINT('',(-2.,17.699359173304,17.8109556203095));
#5959=CARTESIAN_POINT('',(-2.5,17.699359173304,15.2934332997825));
#5960=CARTESIAN_POINT('',(-2.5,17.699359173304,15.2934332997825));
#5961=CARTESIAN_POINT('',(-2.5,17.699359173304,17.1501297271519));
#5962=CARTESIAN_POINT('',(-2.5,17.699359173304,18.2934332997825));
#5963=CARTESIAN_POINT('',(-3.,17.699359173304,17.6501297271519));
#5964=CARTESIAN_POINT('Origin',(-3.,17.699359173304,17.1501297271519));
#5965=CARTESIAN_POINT('',(-7.28191732278701,17.699359173304,17.6501297271519));
#5966=CARTESIAN_POINT('',(4.71808267721299,17.699359173304,17.6501297271519));
#5967=CARTESIAN_POINT('',(-7.28191732278701,17.699359173304,18.2934332997825));
#5968=CARTESIAN_POINT('',(-7.28191732278701,17.699359173304,17.8109556203095));
#5969=CARTESIAN_POINT('',(4.71808267721299,17.699359173304,18.2934332997825));
#5970=CARTESIAN_POINT('Origin',(-2.,16.4374945927102,17.9717815134672));
#5971=CARTESIAN_POINT('',(-2.,15.1756300121164,17.6501297271519));
#5972=CARTESIAN_POINT('',(-2.,15.1756300121164,18.1326074066248));
#5973=CARTESIAN_POINT('',(-2.,15.199359173304,17.6501297271519));
#5974=CARTESIAN_POINT('',(-2.,15.8065623024133,17.6501297271519));
#5975=CARTESIAN_POINT('',(-2.,15.199359173304,15.2934332997825));
#5976=CARTESIAN_POINT('',(-2.,15.199359173304,15.2934332997825));
#5977=CARTESIAN_POINT('',(-2.,17.699359173304,15.2934332997825));
#5978=CARTESIAN_POINT('Origin',(-3.,16.4374945927102,17.1501297271519));
#5979=CARTESIAN_POINT('',(-2.5,15.199359173304,17.1501297271519));
#5980=CARTESIAN_POINT('',(-3.,15.199359173304,17.6501297271519));
#5981=CARTESIAN_POINT('Origin',(-3.,15.199359173304,17.1501297271519));
#5982=CARTESIAN_POINT('',(-3.,16.4374945927102,17.6501297271519));
#5983=CARTESIAN_POINT('',(-2.5,16.4374945927102,17.1501297271519));
#5984=CARTESIAN_POINT('Origin',(4.71808267721299,15.1756300121164,17.6501297271519));
#5985=CARTESIAN_POINT('',(1.2340413386065,15.199359173304,17.6501297271519));
#5986=CARTESIAN_POINT('',(-7.28191732278701,15.1756300121164,17.6501297271519));
#5987=CARTESIAN_POINT('',(4.71808267721299,15.1756300121164,17.6501297271519));
#5988=CARTESIAN_POINT('',(-7.78191732278701,15.6756300121164,17.6501297271519));
#5989=CARTESIAN_POINT('Origin',(-7.28191732278701,15.6756300121164,17.6501297271519));
#5990=CARTESIAN_POINT('',(-7.78191732278701,17.199359173304,17.6501297271519));
#5991=CARTESIAN_POINT('',(-7.78191732278701,15.1756300121164,17.6501297271519));
#5992=CARTESIAN_POINT('Origin',(-7.28191732278701,17.199359173304,17.6501297271519));
#5993=CARTESIAN_POINT('',(-5.75511118558731,16.469940566161,17.6501297271519));
#5994=CARTESIAN_POINT('Origin',(-6.50511118558731,16.469940566161,17.6501297271519));
#5995=CARTESIAN_POINT('Origin',(-2.5,17.699359173304,17.6501297271519));
#5996=CARTESIAN_POINT('',(-2.5,15.199359173304,15.2934332997825));
#5997=CARTESIAN_POINT('',(-2.5,17.699359173304,15.2934332997825));
#5998=CARTESIAN_POINT('',(-2.5,15.199359173304,18.2934332997825));
#5999=CARTESIAN_POINT('Origin',(-2.5,17.699359173304,15.2934332997825));
#6000=CARTESIAN_POINT('',(-2.5,15.199359173304,15.2934332997825));
#6001=CARTESIAN_POINT('Origin',(-2.25,15.199359173304,16.4717815134672));
#6002=CARTESIAN_POINT('Origin',(4.71808267721299,15.1756300121164,18.2934332997825));
#6003=CARTESIAN_POINT('',(-7.28191732278701,15.1756300121164,18.2934332997825));
#6004=CARTESIAN_POINT('',(4.71808267721299,15.1756300121164,18.2934332997825));
#6005=CARTESIAN_POINT('',(-7.28191732278701,15.1756300121164,18.1326074066248));
#6006=CARTESIAN_POINT('Origin',(-7.78191732278701,16.4374945927102,17.9717815134672));
#6007=CARTESIAN_POINT('',(-7.78191732278701,15.6756300121164,18.2934332997825));
#6008=CARTESIAN_POINT('',(-7.78191732278701,15.6756300121164,18.1326074066248));
#6009=CARTESIAN_POINT('',(-7.78191732278701,17.199359173304,18.2934332997825));
#6010=CARTESIAN_POINT('',(-7.78191732278701,17.699359173304,18.2934332997825));
#6011=CARTESIAN_POINT('',(-7.78191732278701,17.199359173304,17.8109556203095));
#6012=CARTESIAN_POINT('Origin',(4.71808267721299,17.699359173304,18.2934332997825));
#6013=CARTESIAN_POINT('Origin',(-7.28191732278701,17.199359173304,18.2934332997825));
#6014=CARTESIAN_POINT('Origin',(-7.28191732278701,15.6756300121164,18.2934332997825));
#6015=CARTESIAN_POINT('',(-5.75511118558731,16.469940566161,18.2934332997825));
#6016=CARTESIAN_POINT('Origin',(-6.50511118558731,16.469940566161,18.2934332997825));
#6017=CARTESIAN_POINT('Origin',(-7.28191732278701,17.199359173304,17.8109556203095));
#6018=CARTESIAN_POINT('Origin',(-7.28191732278701,15.6756300121164,18.1326074066248));
#6019=CARTESIAN_POINT('Origin',(-6.50511118558731,16.469940566161,18.2934332997825));
#6020=CARTESIAN_POINT('',(-5.75511118558731,16.469940566161,18.2934332997825));
#6021=CARTESIAN_POINT('Origin',(0.,21.25,11.5));
#6022=CARTESIAN_POINT('',(-0.75,21.375,11.5));
#6023=CARTESIAN_POINT('Origin',(0.,21.375,11.5));
#6024=CARTESIAN_POINT('',(-1.,21.125,11.5));
#6025=CARTESIAN_POINT('',(-0.875,21.25,11.5));
#6026=CARTESIAN_POINT('Origin',(0.,21.125,11.5));
#6027=CARTESIAN_POINT('Origin',(3.91174479258414E-17,21.375,11.5));
#6028=CARTESIAN_POINT('Origin',(3.91174479258414E-17,-16.67,11.5));
#6029=CARTESIAN_POINT('',(-0.75,-16.67,11.5));
#6030=CARTESIAN_POINT('Origin',(0.,-16.67,11.5));
#6031=CARTESIAN_POINT('Origin',(0.,-16.545,11.5));
#6032=CARTESIAN_POINT('',(-1.,-16.42,11.5));
#6033=CARTESIAN_POINT('',(-0.875,-16.545,11.5));
#6034=CARTESIAN_POINT('Origin',(0.,-16.42,11.5));
#6035=CARTESIAN_POINT('Origin',(0.,-16.,11.5));
#6036=CARTESIAN_POINT('',(-1.,-16.,11.5));
#6037=CARTESIAN_POINT('Origin',(3.,16.4374945927102,17.1501297271519));
#6038=CARTESIAN_POINT('',(3.,15.199359173304,17.6501297271519));
#6039=CARTESIAN_POINT('',(2.5,15.199359173304,17.1501297271519));
#6040=CARTESIAN_POINT('Origin',(3.,15.199359173304,17.1501297271519));
#6041=CARTESIAN_POINT('',(2.5,17.699359173304,17.1501297271519));
#6042=CARTESIAN_POINT('',(2.5,16.4374945927102,17.1501297271519));
#6043=CARTESIAN_POINT('',(3.,17.699359173304,17.6501297271519));
#6044=CARTESIAN_POINT('Origin',(3.,17.699359173304,17.1501297271519));
#6045=CARTESIAN_POINT('',(3.,16.4374945927102,17.6501297271519));
#6046=CARTESIAN_POINT('Origin',(2.5,17.699359173304,15.2934332997825));
#6047=CARTESIAN_POINT('',(2.5,15.199359173304,15.2934332997825));
#6048=CARTESIAN_POINT('',(2.5,15.199359173304,18.2934332997825));
#6049=CARTESIAN_POINT('',(2.5,17.699359173304,15.2934332997825));
#6050=CARTESIAN_POINT('',(2.5,17.699359173304,15.2934332997825));
#6051=CARTESIAN_POINT('',(2.5,17.699359173304,18.2934332997825));
#6052=CARTESIAN_POINT('Origin',(2.5,17.0684268830071,17.7934332997825));
#6053=CARTESIAN_POINT('',(2.,15.1756300121164,17.7934332997825));
#6054=CARTESIAN_POINT('',(2.5,15.1756300121164,18.2934332997825));
#6055=CARTESIAN_POINT('Origin',(2.5,15.1756300121164,17.7934332997825));
#6056=CARTESIAN_POINT('',(2.5,17.699359173304,18.2934332997825));
#6057=CARTESIAN_POINT('',(2.5,17.0684268830071,18.2934332997825));
#6058=CARTESIAN_POINT('',(2.,17.699359173304,17.7934332997825));
#6059=CARTESIAN_POINT('Origin',(2.5,17.699359173304,17.7934332997825));
#6060=CARTESIAN_POINT('',(2.,17.0684268830071,17.7934332997825));
#6061=CARTESIAN_POINT('Origin',(4.71808267721299,15.1756300121164,18.2934332997825));
#6062=CARTESIAN_POINT('',(2.,15.1756300121164,17.6501297271519));
#6063=CARTESIAN_POINT('',(2.,15.1756300121164,18.1326074066248));
#6064=CARTESIAN_POINT('',(7.71808267721299,15.1756300121164,17.6501297271519));
#6065=CARTESIAN_POINT('',(4.71808267721299,15.1756300121164,17.6501297271519));
#6066=CARTESIAN_POINT('',(7.71808267721299,15.1756300121164,18.2934332997825));
#6067=CARTESIAN_POINT('',(7.71808267721299,15.1756300121164,18.1326074066248));
#6068=CARTESIAN_POINT('',(4.71808267721299,15.1756300121164,18.2934332997825));
#6069=CARTESIAN_POINT('Origin',(2.,16.4374945927102,17.9717815134672));
#6070=CARTESIAN_POINT('',(2.,17.699359173304,15.2934332997825));
#6071=CARTESIAN_POINT('',(2.,17.699359173304,17.8109556203095));
#6072=CARTESIAN_POINT('',(2.,15.199359173304,15.2934332997825));
#6073=CARTESIAN_POINT('',(2.,17.699359173304,15.2934332997825));
#6074=CARTESIAN_POINT('',(2.,15.199359173304,17.6501297271519));
#6075=CARTESIAN_POINT('',(2.,15.199359173304,15.2934332997825));
#6076=CARTESIAN_POINT('',(2.,15.8065623024133,17.6501297271519));
#6077=CARTESIAN_POINT('Origin',(2.,17.699359173304,15.2934332997825));
#6078=CARTESIAN_POINT('',(2.5,17.699359173304,15.2934332997825));
#6079=CARTESIAN_POINT('',(2.5,15.199359173304,15.2934332997825));
#6080=CARTESIAN_POINT('Origin',(2.25,15.199359173304,16.4717815134672));
#6081=CARTESIAN_POINT('',(3.4840413386065,15.199359173304,17.6501297271519));
#6082=CARTESIAN_POINT('Origin',(4.71808267721299,15.1756300121164,17.6501297271519));
#6083=CARTESIAN_POINT('',(7.71808267721299,17.699359173304,17.6501297271519));
#6084=CARTESIAN_POINT('',(4.71808267721299,17.699359173304,17.6501297271519));
#6085=CARTESIAN_POINT('',(8.21808267721299,17.199359173304,17.6501297271519));
#6086=CARTESIAN_POINT('Origin',(7.71808267721299,17.199359173304,17.6501297271519));
#6087=CARTESIAN_POINT('',(8.21808267721299,15.6756300121164,17.6501297271519));
#6088=CARTESIAN_POINT('',(8.21808267721299,15.1756300121164,17.6501297271519));
#6089=CARTESIAN_POINT('Origin',(7.71808267721299,15.6756300121164,17.6501297271519));
#6090=CARTESIAN_POINT('',(7.44959462232185,16.469940566161,17.6501297271519));
#6091=CARTESIAN_POINT('Origin',(6.69959462232185,16.469940566161,17.6501297271519));
#6092=CARTESIAN_POINT('Origin',(4.71808267721299,17.699359173304,17.6501297271519));
#6093=CARTESIAN_POINT('',(7.71808267721299,17.699359173304,18.2934332997825));
#6094=CARTESIAN_POINT('',(4.71808267721299,17.699359173304,18.2934332997825));
#6095=CARTESIAN_POINT('',(7.71808267721299,17.699359173304,17.8109556203095));
#6096=CARTESIAN_POINT('Origin',(4.71808267721299,17.699359173304,18.2934332997825));
#6097=CARTESIAN_POINT('',(8.21808267721299,15.6756300121164,18.2934332997825));
#6098=CARTESIAN_POINT('Origin',(7.71808267721299,15.6756300121164,18.2934332997825));
#6099=CARTESIAN_POINT('',(8.21808267721299,17.199359173304,18.2934332997825));
#6100=CARTESIAN_POINT('',(8.21808267721299,17.699359173304,18.2934332997825));
#6101=CARTESIAN_POINT('Origin',(7.71808267721299,17.199359173304,18.2934332997825));
#6102=CARTESIAN_POINT('',(7.44959462232185,16.469940566161,18.2934332997825));
#6103=CARTESIAN_POINT('Origin',(6.69959462232185,16.469940566161,18.2934332997825));
#6104=CARTESIAN_POINT('Origin',(6.69959462232185,16.469940566161,18.2934332997825));
#6105=CARTESIAN_POINT('',(7.44959462232185,16.469940566161,18.2934332997825));
#6106=CARTESIAN_POINT('Origin',(7.71808267721299,15.6756300121164,18.1326074066248));
#6107=CARTESIAN_POINT('',(8.21808267721299,15.6756300121164,18.1326074066248));
#6108=CARTESIAN_POINT('Origin',(8.21808267721299,16.4374945927102,17.9717815134672));
#6109=CARTESIAN_POINT('',(8.21808267721299,17.199359173304,17.8109556203095));
#6110=CARTESIAN_POINT('Origin',(7.71808267721299,17.199359173304,17.8109556203095));
#6111=UNCERTAINTY_MEASURE_WITH_UNIT(LENGTH_MEASURE(0.01),#6115,
'DISTANCE_ACCURACY_VALUE',
'Maximum model space distance between geometric entities at asserted c
onnectivities');
#6112=UNCERTAINTY_MEASURE_WITH_UNIT(LENGTH_MEASURE(0.01),#6115,
'DISTANCE_ACCURACY_VALUE',
'Maximum model space distance between geometric entities at asserted c
onnectivities');
#6113=(
GEOMETRIC_REPRESENTATION_CONTEXT(3)
GLOBAL_UNCERTAINTY_ASSIGNED_CONTEXT((#6111))
GLOBAL_UNIT_ASSIGNED_CONTEXT((#6115,#6117,#6118))
REPRESENTATION_CONTEXT('','3D')
);
#6114=(
GEOMETRIC_REPRESENTATION_CONTEXT(3)
GLOBAL_UNCERTAINTY_ASSIGNED_CONTEXT((#6112))
GLOBAL_UNIT_ASSIGNED_CONTEXT((#6115,#6117,#6118))
REPRESENTATION_CONTEXT('','3D')
);
#6115=(
LENGTH_UNIT()
NAMED_UNIT(*)
SI_UNIT(.MILLI.,.METRE.)
);
#6116=(
LENGTH_UNIT()
NAMED_UNIT(*)
SI_UNIT($,.METRE.)
);
#6117=(
NAMED_UNIT(*)
PLANE_ANGLE_UNIT()
SI_UNIT($,.RADIAN.)
);
#6118=(
NAMED_UNIT(*)
SI_UNIT($,.STERADIAN.)
SOLID_ANGLE_UNIT()
);
#6119=SHAPE_DEFINITION_REPRESENTATION(#6120,#6121);
#6120=PRODUCT_DEFINITION_SHAPE('',$,#6123);
#6121=SHAPE_REPRESENTATION('',(#3355),#6113);
#6122=PRODUCT_DEFINITION_CONTEXT('part definition',#6127,'design');
#6123=PRODUCT_DEFINITION('DC-MOTOR Yellow End',
'DC-MOTOR Yellow End v10',#6124,#6122);
#6124=PRODUCT_DEFINITION_FORMATION('',$,#6129);
#6125=PRODUCT_RELATED_PRODUCT_CATEGORY('DC-MOTOR Yellow End v10',
'DC-MOTOR Yellow End v10',(#6129));
#6126=APPLICATION_PROTOCOL_DEFINITION('international standard',
'automotive_design',2009,#6127);
#6127=APPLICATION_CONTEXT(
'Core Data for Automotive Mechanical Design Process');
#6128=PRODUCT_CONTEXT('part definition',#6127,'mechanical');
#6129=PRODUCT('DC-MOTOR Yellow End','DC-MOTOR Yellow End v10',$,(#6128));
#6130=PRESENTATION_STYLE_ASSIGNMENT((#6135));
#6131=PRESENTATION_STYLE_ASSIGNMENT((#6136));
#6132=PRESENTATION_STYLE_ASSIGNMENT((#6137));
#6133=PRESENTATION_STYLE_ASSIGNMENT((#6138));
#6134=PRESENTATION_STYLE_ASSIGNMENT((#6139));
#6135=SURFACE_STYLE_USAGE(.BOTH.,#6140);
#6136=SURFACE_STYLE_USAGE(.BOTH.,#6141);
#6137=SURFACE_STYLE_USAGE(.BOTH.,#6142);
#6138=SURFACE_STYLE_USAGE(.BOTH.,#6143);
#6139=SURFACE_STYLE_USAGE(.BOTH.,#6144);
#6140=SURFACE_SIDE_STYLE('',(#6145));
#6141=SURFACE_SIDE_STYLE('',(#6146));
#6142=SURFACE_SIDE_STYLE('',(#6147));
#6143=SURFACE_SIDE_STYLE('',(#6148));
#6144=SURFACE_SIDE_STYLE('',(#6149));
#6145=SURFACE_STYLE_FILL_AREA(#6150);
#6146=SURFACE_STYLE_FILL_AREA(#6151);
#6147=SURFACE_STYLE_FILL_AREA(#6152);
#6148=SURFACE_STYLE_FILL_AREA(#6153);
#6149=SURFACE_STYLE_FILL_AREA(#6154);
#6150=FILL_AREA_STYLE('Default',(#6155));
#6151=FILL_AREA_STYLE('Gold',(#6156));
#6152=FILL_AREA_STYLE('Gunmetal',(#6157));
#6153=FILL_AREA_STYLE('Aluminum - Flat',(#6158));
#6154=FILL_AREA_STYLE('Chrome - Polished',(#6159));
#6155=FILL_AREA_STYLE_COLOUR('Default',#6160);
#6156=FILL_AREA_STYLE_COLOUR('Gold',#6161);
#6157=FILL_AREA_STYLE_COLOUR('Gunmetal',#6162);
#6158=FILL_AREA_STYLE_COLOUR('Aluminum - Flat',#6163);
#6159=FILL_AREA_STYLE_COLOUR('Chrome - Polished',#6164);
#6160=COLOUR_RGB('Default',0.749019607843137,0.749019607843137,0.749019607843137);
#6161=COLOUR_RGB('Gold',0.701960784313725,0.552941176470588,0.00392156862745098);
#6162=COLOUR_RGB('Gunmetal',0.282352941176471,0.27843137254902,0.23921568627451);
#6163=COLOUR_RGB('Aluminum - Flat',0.996078431372549,0.996078431372549,
1.);
#6164=COLOUR_RGB('Chrome - Polished',0.,0.,0.);
ENDSEC;
END-ISO-10303-21;
