ISO-10303-21;
HEADER;
FILE_DESCRIPTION (( 'STEP AP214' ),
    '1' );
FILE_NAME ('Gear Motor.STEP',
    '2026-03-02T11:55:43',
    ( '' ),
    ( '' ),
    'SwSTEP 2.0',
    'SolidWorks 2025',
    '' );
FILE_SCHEMA (( 'AUTOMOTIVE_DESIGN' ));
ENDSEC;

DATA;
#1 = SURFACE_STYLE_FILL_AREA ( #3433 ) ;
#2 = FACE_OUTER_BOUND ( 'NONE', #2826, .T. ) ;
#3 =( NAMED_UNIT ( * ) PLANE_ANGLE_UNIT ( ) SI_UNIT ( $, .RADIAN. ) );
#4 = COLOUR_RGB ( '',0.1019607843137254888, 0.1019607843137254888, 0.1019607843137254888 ) ;
#5 = CARTESIAN_POINT ( 'NONE',  ( -5.158048697743980782, 6.850000000000000533, 44.16103573807301785 ) ) ;
#6 = LINE ( 'NONE', #48, #11 ) ;
#7 = AXIS2_PLACEMENT_3D ( 'NONE', #757, #2747, #2435 ) ;
#8 = UNCERTAINTY_MEASURE_WITH_UNIT (LENGTH_MEASURE( 1.000000000000000082E-05 ), #420, 'distance_accuracy_value', 'NONE');
#9 = EDGE_CURVE ( 'NONE', #2473, #1310, #3135, .T. ) ;
#10 =( NAMED_UNIT ( * ) SI_UNIT ( $, .STERADIAN. ) SOLID_ANGLE_UNIT ( ) );
#11 = VECTOR ( 'NONE', #1177, 1000.000000000000000 ) ;
#12 = SURFACE_SIDE_STYLE ('',( #2925 ) ) ;
#13 = CARTESIAN_POINT ( 'NONE',  ( -11.25000000000000355, 9.449999999999999289, -18.99999999999998579 ) ) ;
#14 = APPLICATION_PROTOCOL_DEFINITION ( 'draft international standard', 'automotive_design', 1998, #2751 ) ;
#15 = COLOUR_RGB ( '',0.1019607843137254888, 0.1019607843137254888, 0.1019607843137254888 ) ;
#16 = ORIENTED_EDGE ( 'NONE', *, *, #2023, .T. ) ;
#17 =( NAMED_UNIT ( * ) PLANE_ANGLE_UNIT ( ) SI_UNIT ( $, .RADIAN. ) );
#18 = STYLED_ITEM ( 'NONE', ( #1458 ), #1822 ) ;
#19 = EDGE_CURVE ( 'NONE', #652, #2019, #1777, .T. ) ;
#20 = ORIENTED_EDGE ( 'NONE', *, *, #1982, .T. ) ;
#21 = PRESENTATION_STYLE_ASSIGNMENT (( #911 ) ) ;
#22 = DIRECTION ( 'NONE',  ( 0.000000000000000000, -1.000000000000000000, 0.000000000000000000 ) ) ;
#23 = CLOSED_SHELL ( 'NONE', ( #3588, #2258, #3656, #2337, #1226, #1552, #2785, #1822, #509, #569, #2999, #3025, #710, #3493, #402, #3661, #1663, #3651, #2605, #2050, #1585, #2901, #128, #293, #2496, #1393, #3289, #1535, #2778, #2223, #2549, #2206, #362, #2433, #1038, #2093, #816, #1019, #737, #2324, #234, #1153, #3005, #996, #1284, #2837, #1382 ) ) ;
#24 = STYLED_ITEM ( 'NONE', ( #1964 ), #1535 ) ;
#25 = ORIENTED_EDGE ( 'NONE', *, *, #3548, .T. ) ;
#26 = EDGE_CURVE ( 'NONE', #91, #730, #3486, .T. ) ;
#27 = CARTESIAN_POINT ( 'NONE',  ( -3.000000000000001332, 3.999999999999999112, 46.20000000000000284 ) ) ;
#28 = FILL_AREA_STYLE ('',( #1689 ) ) ;
#29 = ORIENTED_EDGE ( 'NONE', *, *, #2459, .T. ) ;
#30 = LINE ( 'NONE', #68, #835 ) ;
#31 =( NAMED_UNIT ( * ) PLANE_ANGLE_UNIT ( ) SI_UNIT ( $, .RADIAN. ) );
#32 = VERTEX_POINT ( 'NONE', #352 ) ;
#33 =( LENGTH_UNIT ( ) NAMED_UNIT ( * ) SI_UNIT ( .MILLI., .METRE. ) );
#34 = CIRCLE ( 'NONE', #3069, 0.5000000000000004441 ) ;
#35 = ORIENTED_EDGE ( 'NONE', *, *, #3014, .T. ) ;
#36 = ORIENTED_EDGE ( 'NONE', *, *, #645, .T. ) ;
#37 = MECHANICAL_DESIGN_GEOMETRIC_PRESENTATION_REPRESENTATION (  '', ( #2094 ), #3134 ) ;
#38 = ORIENTED_EDGE ( 'NONE', *, *, #3111, .F. ) ;
#39 = SURFACE_SIDE_STYLE ('',( #336 ) ) ;
#40 =( LENGTH_UNIT ( ) NAMED_UNIT ( * ) SI_UNIT ( .MILLI., .METRE. ) );
#41 = COLOUR_RGB ( '',1.000000000000000000, 1.000000000000000000, 1.000000000000000000 ) ;
#42 = LINE ( 'NONE', #1766, #1651 ) ;
#43 = FILL_AREA_STYLE_COLOUR ( '', #3646 ) ;
#44 = CARTESIAN_POINT ( 'NONE',  ( 0.000000000000000000, 1.250000000000000000, -21.49999999999999289 ) ) ;
#45 = ORIENTED_EDGE ( 'NONE', *, *, #947, .F. ) ;
#46 = EDGE_LOOP ( 'NONE', ( #3223, #1788 ) ) ;
#47 = DIRECTION ( 'NONE',  ( 0.000000000000000000, 1.000000000000000000, -0.000000000000000000 ) ) ;
#48 = CARTESIAN_POINT ( 'NONE',  ( 7.000000000000000888, 7.849999999999997868, 30.50000000000000711 ) ) ;
#49 = DIRECTION ( 'NONE',  ( 0.000000000000000000, 0.000000000000000000, -1.000000000000000000 ) ) ;
#50 = CARTESIAN_POINT ( 'NONE',  ( 6.649728078196297965, 6.849999999999997868, 19.00000000000000711 ) ) ;
#51 = EDGE_CURVE ( 'NONE', #1305, #864, #1350, .T. ) ;
#52 = AXIS2_PLACEMENT_3D ( 'NONE', #2920, #257, #65 ) ;
#53 = EDGE_LOOP ( 'NONE', ( #246, #1872, #1192, #2117 ) ) ;
#54 = SURFACE_SIDE_STYLE ('',( #1 ) ) ;
#55 = FACE_OUTER_BOUND ( 'NONE', #358, .T. ) ;
#56 = CARTESIAN_POINT ( 'NONE',  ( 0.000000000000000000, 1.250000000000000000, -21.49999999999999289 ) ) ;
#57 = UNCERTAINTY_MEASURE_WITH_UNIT (LENGTH_MEASURE( 1.000000000000000082E-05 ), #483, 'distance_accuracy_value', 'NONE');
#58 = DIRECTION ( 'NONE',  ( 0.000000000000000000, 0.000000000000000000, 1.000000000000000000 ) ) ;
#59 = AXIS2_PLACEMENT_3D ( 'NONE', #774, #2226, #3022 ) ;
#60 = ORIENTED_EDGE ( 'NONE', *, *, #3675, .T. ) ;
#61 = AXIS2_PLACEMENT_3D ( 'NONE', #1912, #2137, #1308 ) ;
#62 =( NAMED_UNIT ( * ) PLANE_ANGLE_UNIT ( ) SI_UNIT ( $, .RADIAN. ) );
#63 = FACE_OUTER_BOUND ( 'NONE', #2818, .T. ) ;
#64 = CIRCLE ( 'NONE', #2116, 5.000000000000000000 ) ;
#65 = DIRECTION ( 'NONE',  ( 0.000000000000000000, 0.000000000000000000, 1.000000000000000000 ) ) ;
#66 = ORIENTED_EDGE ( 'NONE', *, *, #93, .F. ) ;
#67 = CARTESIAN_POINT ( 'NONE',  ( -2.831563106088474502, 6.849999999999999645, 44.50000000000002132 ) ) ;
#68 = CARTESIAN_POINT ( 'NONE',  ( 11.25000000000000355, 9.449999999999999289, 19.00000000000000711 ) ) ;
#69 =( GEOMETRIC_REPRESENTATION_CONTEXT ( 3 ) GLOBAL_UNCERTAINTY_ASSIGNED_CONTEXT ( ( #397 ) ) GLOBAL_UNIT_ASSIGNED_CONTEXT ( ( #3243, #2673, #700 ) ) REPRESENTATION_CONTEXT ( 'NONE', 'WORKASPACE' ) );
#70 = PRESENTATION_LAYER_ASSIGNMENT (  '', '', ( #374 ) ) ;
#71 = SURFACE_STYLE_USAGE ( .BOTH. , #12 ) ;
#72 = MECHANICAL_DESIGN_GEOMETRIC_PRESENTATION_REPRESENTATION (  '', ( #3169 ), #2697 ) ;
#73 = EDGE_CURVE ( 'NONE', #2238, #3157, #2927, .T. ) ;
#74 = CARTESIAN_POINT ( 'NONE',  ( -3.261560499326067841, -8.450000000000004619, 44.49108496858926998 ) ) ;
#75 = DIRECTION ( 'NONE',  ( 0.000000000000000000, 0.000000000000000000, -1.000000000000000000 ) ) ;
#76 = ORIENTED_EDGE ( 'NONE', *, *, #2892, .F. ) ;
#77 = COLOUR_RGB ( '',1.000000000000000000, 1.000000000000000000, 1.000000000000000000 ) ;
#78 = VERTEX_POINT ( 'NONE', #667 ) ;
#79 =( GEOMETRIC_REPRESENTATION_CONTEXT ( 3 ) GLOBAL_UNCERTAINTY_ASSIGNED_CONTEXT ( ( #821 ) ) GLOBAL_UNIT_ASSIGNED_CONTEXT ( ( #950, #2072, #3236 ) ) REPRESENTATION_CONTEXT ( 'NONE', 'WORKASPACE' ) );
#80 = DIRECTION ( 'NONE',  ( 0.000000000000000000, 0.000000000000000000, 1.000000000000000000 ) ) ;
#81 =( NAMED_UNIT ( * ) SI_UNIT ( $, .STERADIAN. ) SOLID_ANGLE_UNIT ( ) );
#82 = AXIS2_PLACEMENT_3D ( 'NONE', #108, #690, #1530 ) ;
#83 = ADVANCED_FACE ( 'NONE', ( #1164 ), #584, .T. ) ;
#84 = AXIS2_PLACEMENT_3D ( 'NONE', #1565, #2732, #2100 ) ;
#85 = MECHANICAL_DESIGN_GEOMETRIC_PRESENTATION_REPRESENTATION (  '', ( #2136 ), #542 ) ;
#86 = SURFACE_SIDE_STYLE ('',( #915 ) ) ;
#87 = CARTESIAN_POINT ( 'NONE',  ( 0.000000000000000000, -1.250000000000000000, -22.74999999999999289 ) ) ;
#88 = EDGE_CURVE ( 'NONE', #844, #3321, #2292, .T. ) ;
#89 = DIRECTION ( 'NONE',  ( -0.000000000000000000, 1.000000000000000000, -0.000000000000000000 ) ) ;
#90 = VERTEX_POINT ( 'NONE', #2271 ) ;
#91 = VERTEX_POINT ( 'NONE', #3442 ) ;
#92 = PRESENTATION_LAYER_ASSIGNMENT (  '', '', ( #1661 ) ) ;
#93 = EDGE_CURVE ( 'NONE', #612, #464, #1618, .T. ) ;
#94 =( NAMED_UNIT ( * ) SI_UNIT ( $, .STERADIAN. ) SOLID_ANGLE_UNIT ( ) );
#95 = FACE_OUTER_BOUND ( 'NONE', #2523, .T. ) ;
#96 = DIRECTION ( 'NONE',  ( -1.000000000000000000, 1.224646799147351482E-16, 0.000000000000000000 ) ) ;
#97 = CARTESIAN_POINT ( 'NONE',  ( 0.8000000000000000444, 0.000000000000000000, 46.70000000000000284 ) ) ;
#98 = CARTESIAN_POINT ( 'NONE',  ( 2.130885430516394891E-15, 10.54999999999999893, -8.599999999999992539 ) ) ;
#99 = CARTESIAN_POINT ( 'NONE',  ( -4.545532569335317241, -8.450000000000006395, 44.34797668171510310 ) ) ;
#100 = SURFACE_STYLE_USAGE ( .BOTH. , #3190 ) ;
#101 = EDGE_LOOP ( 'NONE', ( #3361, #1828, #586, #1706, #1829, #436 ) ) ;
#102 = ORIENTED_EDGE ( 'NONE', *, *, #1497, .F. ) ;
#103 = PLANE ( 'NONE',  #894 ) ;
#104 = CIRCLE ( 'NONE', #2221, 9.927647058823977133 ) ;
#105 = ORIENTED_EDGE ( 'NONE', *, *, #1271, .T. ) ;
#106 = EDGE_CURVE ( 'NONE', #3397, #401, #1966, .T. ) ;
#107 =( LENGTH_UNIT ( ) NAMED_UNIT ( * ) SI_UNIT ( .MILLI., .METRE. ) );
#108 = CARTESIAN_POINT ( 'NONE',  ( -6.750000000000002665, -9.449999999999999289, -14.49999999999998757 ) ) ;
#109 = DIRECTION ( 'NONE',  ( -0.000000000000000000, -0.000000000000000000, -1.000000000000000000 ) ) ;
#110 = MECHANICAL_DESIGN_GEOMETRIC_PRESENTATION_REPRESENTATION (  '', ( #3674 ), #1397 ) ;
#111 = ORIENTED_EDGE ( 'NONE', *, *, #2882, .T. ) ;
#112 = CARTESIAN_POINT ( 'NONE',  ( 2.402037506027726810, 6.849999999999998757, 44.50000000000000711 ) ) ;
#113 = PRESENTATION_STYLE_ASSIGNMENT (( #126 ) ) ;
#114 = DIRECTION ( 'NONE',  ( -0.000000000000000000, 1.000000000000000000, -0.000000000000000000 ) ) ;
#115 = CARTESIAN_POINT ( 'NONE',  ( 3.000000000000000888, 4.000000000000000000, 46.33593990084590786 ) ) ;
#116 = CARTESIAN_POINT ( 'NONE',  ( -0.3223529411764873842, -0.8000000000000022649, 46.70000000000000284 ) ) ;
#117 = COLOUR_RGB ( '',0.1019607843137254888, 0.1019607843137254888, 0.1019607843137254888 ) ;
#118 = ORIENTED_EDGE ( 'NONE', *, *, #1866, .T. ) ;
#119 = AXIS2_PLACEMENT_3D ( 'NONE', #952, #2403, #2074 ) ;
#120 = SURFACE_SIDE_STYLE ('',( #704 ) ) ;
#121 = FILL_AREA_STYLE_COLOUR ( '', #1014 ) ;
#122 = AXIS2_PLACEMENT_3D ( 'NONE', #633, #75, #1510 ) ;
#123 = ORIENTED_EDGE ( 'NONE', *, *, #2193, .T. ) ;
#124 = AXIS2_PLACEMENT_3D ( 'NONE', #2762, #202, #3320 ) ;
#125 = DIRECTION ( 'NONE',  ( -0.000000000000000000, -1.000000000000000000, -0.000000000000000000 ) ) ;
#126 = SURFACE_STYLE_USAGE ( .BOTH. , #999 ) ;
#127 = ADVANCED_FACE ( 'NONE', ( #1398 ), #2886, .T. ) ;
#128 = ADVANCED_FACE ( 'NONE', ( #328 ), #2598, .F. ) ;
#129 = FILL_AREA_STYLE_COLOUR ( '', #3533 ) ;
#130 = CARTESIAN_POINT ( 'NONE',  ( 2.500000000000001332, 1.250000000000000000, -23.49999999999999289 ) ) ;
#131 = EDGE_CURVE ( 'NONE', #909, #3539, #1649, .T. ) ;
#132 = FACE_OUTER_BOUND ( 'NONE', #1183, .T. ) ;
#133 = PRESENTATION_LAYER_ASSIGNMENT (  '', '', ( #3169 ) ) ;
#134 = VERTEX_POINT ( 'NONE', #1216 ) ;
#135 = AXIS2_PLACEMENT_3D ( 'NONE', #1416, #1403, #2569 ) ;
#136 = FILL_AREA_STYLE ('',( #156 ) ) ;
#137 = PLANE ( 'NONE',  #3277 ) ;
#138 = EDGE_CURVE ( 'NONE', #2619, #2298, #2815, .T. ) ;
#139 = AXIS2_PLACEMENT_3D ( 'NONE', #2216, #3089, #1638 ) ;
#140 = ORIENTED_EDGE ( 'NONE', *, *, #3668, .F. ) ;
#141 =( NAMED_UNIT ( * ) SI_UNIT ( $, .STERADIAN. ) SOLID_ANGLE_UNIT ( ) );
#142 = CARTESIAN_POINT ( 'NONE',  ( 6.649728078196297965, 6.849999999999998757, 46.70000000000000284 ) ) ;
#143 = DIRECTION ( 'NONE',  ( -0.000000000000000000, -1.000000000000000000, -0.000000000000000000 ) ) ;
#144 = CIRCLE ( 'NONE', #1202, 0.8000000000000000444 ) ;
#145 = ORIENTED_EDGE ( 'NONE', *, *, #1276, .T. ) ;
#146 = ORIENTED_EDGE ( 'NONE', *, *, #2264, .F. ) ;
#147 = EDGE_CURVE ( 'NONE', #2289, #3213, #1815, .T. ) ;
#148 = DIRECTION ( 'NONE',  ( -0.000000000000000000, -0.000000000000000000, 1.000000000000000000 ) ) ;
#149 = DIRECTION ( 'NONE',  ( 1.000000000000000000, 0.000000000000000000, -0.000000000000000000 ) ) ;
#150 = CIRCLE ( 'NONE', #1963, 1.000000000000000000 ) ;
#151 = DIRECTION ( 'NONE',  ( -0.000000000000000000, -0.000000000000000000, -1.000000000000000000 ) ) ;
#152 =( LENGTH_UNIT ( ) NAMED_UNIT ( * ) SI_UNIT ( .MILLI., .METRE. ) );
#153 =( LENGTH_UNIT ( ) NAMED_UNIT ( * ) SI_UNIT ( .MILLI., .METRE. ) );
#154 = PRESENTATION_STYLE_ASSIGNMENT (( #3222 ) ) ;
#155 = VERTEX_POINT ( 'NONE', #2095 ) ;
#156 = FILL_AREA_STYLE_COLOUR ( '', #4 ) ;
#157 = CARTESIAN_POINT ( 'NONE',  ( 2.832099228287148218, 6.849999999999999645, 44.50000000000001421 ) ) ;
#158 = ORIENTED_EDGE ( 'NONE', *, *, #2994, .F. ) ;
#159 = LINE ( 'NONE', #2358, #3413 ) ;
#160 = COLOUR_RGB ( '',1.000000000000000000, 1.000000000000000000, 0.000000000000000000 ) ;
#161 = ORIENTED_EDGE ( 'NONE', *, *, #1329, .T. ) ;
#162 = VERTEX_POINT ( 'NONE', #423 ) ;
#163 = CARTESIAN_POINT ( 'NONE',  ( 0.3223529411764958219, -0.8000000000000012657, 19.00000000000000711 ) ) ;
#164 = FILL_AREA_STYLE_COLOUR ( '', #3048 ) ;
#165 = CARTESIAN_POINT ( 'NONE',  ( 0.000000000000000000, 0.000000000000000000, 46.70000000000000284 ) ) ;
#166 = CARTESIAN_POINT ( 'NONE',  ( 2.008420750601659349E-15, 9.950000000000001066, -10.27499999999999325 ) ) ;
#167 = FILL_AREA_STYLE ('',( #513 ) ) ;
#168 = SURFACE_SIDE_STYLE ('',( #2744 ) ) ;
#169 = ORIENTED_EDGE ( 'NONE', *, *, #1812, .T. ) ;
#170 = DIRECTION ( 'NONE',  ( 1.000000000000000000, -0.000000000000000000, -0.000000000000000000 ) ) ;
#171 = DIRECTION ( 'NONE',  ( 0.000000000000000000, 0.000000000000000000, 1.000000000000000000 ) ) ;
#172 = DIRECTION ( 'NONE',  ( 0.000000000000000000, 0.000000000000000000, 1.000000000000000000 ) ) ;
#173 = EDGE_LOOP ( 'NONE', ( #1108, #926, #1994, #2971 ) ) ;
#174 = VECTOR ( 'NONE', #444, 1000.000000000000000 ) ;
#175 = VECTOR ( 'NONE', #1521, 1000.000000000000000 ) ;
#176 = SURFACE_SIDE_STYLE ('',( #1984 ) ) ;
#177 = LINE ( 'NONE', #1855, #2540 ) ;
#178 = FILL_AREA_STYLE ('',( #2044 ) ) ;
#179 = DIRECTION ( 'NONE',  ( 0.000000000000000000, -0.000000000000000000, 1.000000000000000000 ) ) ;
#180 = EDGE_CURVE ( 'NONE', #2914, #741, #2425, .T. ) ;
#181 =( NAMED_UNIT ( * ) PLANE_ANGLE_UNIT ( ) SI_UNIT ( $, .RADIAN. ) );
#182 = DIRECTION ( 'NONE',  ( 0.000000000000000000, 1.000000000000000000, 0.000000000000000000 ) ) ;
#183 = ORIENTED_EDGE ( 'NONE', *, *, #347, .F. ) ;
#184 = AXIS2_PLACEMENT_3D ( 'NONE', #2475, #2520, #3285 ) ;
#185 = DIRECTION ( 'NONE',  ( -1.000000000000000000, 0.000000000000000000, 1.826024711554533913E-16 ) ) ;
#186 = CARTESIAN_POINT ( 'NONE',  ( 5.000000000000000000, 0.000000000000000000, 46.20000000000000284 ) ) ;
#187 = DIRECTION ( 'NONE',  ( -0.000000000000000000, -0.000000000000000000, -1.000000000000000000 ) ) ;
#188 = PRESENTATION_LAYER_ASSIGNMENT (  '', '', ( #2005 ) ) ;
#189 = MECHANICAL_DESIGN_GEOMETRIC_PRESENTATION_REPRESENTATION (  '', ( #839 ), #3231 ) ;
#190 = DIRECTION ( 'NONE',  ( -1.000000000000000000, 0.000000000000000000, 0.000000000000000000 ) ) ;
#191 =( GEOMETRIC_REPRESENTATION_CONTEXT ( 3 ) GLOBAL_UNCERTAINTY_ASSIGNED_CONTEXT ( ( #317 ) ) GLOBAL_UNIT_ASSIGNED_CONTEXT ( ( #2615, #62, #2249 ) ) REPRESENTATION_CONTEXT ( 'NONE', 'WORKASPACE' ) );
#192 = PRESENTATION_LAYER_ASSIGNMENT (  '', '', ( #839 ) ) ;
#193 = EDGE_LOOP ( 'NONE', ( #478, #3630, #3556, #1333 ) ) ;
#194 = SURFACE_STYLE_FILL_AREA ( #493 ) ;
#195 = AXIS2_PLACEMENT_3D ( 'NONE', #1408, #47, #1729 ) ;
#196 = LINE ( 'NONE', #1323, #2802 ) ;
#197 = COLOUR_RGB ( '',0.1019607843137254888, 0.1019607843137254888, 0.1019607843137254888 ) ;
#198 = ORIENTED_EDGE ( 'NONE', *, *, #2202, .T. ) ;
#200 = CARTESIAN_POINT ( 'NONE',  ( 0.000000000000000000, 0.000000000000000000, 44.50000000000000711 ) ) ;
#199 = CIRCLE ( 'NONE', #2270, 0.1999999999999987899 ) ;
#201 =( LENGTH_UNIT ( ) NAMED_UNIT ( * ) SI_UNIT ( .MILLI., .METRE. ) );
#202 = DIRECTION ( 'NONE',  ( 0.000000000000000000, -1.000000000000000000, 0.000000000000000000 ) ) ;
#203 = UNCERTAINTY_MEASURE_WITH_UNIT (LENGTH_MEASURE( 1.000000000000000082E-05 ), #349, 'distance_accuracy_value', 'NONE');
#204 = ORIENTED_EDGE ( 'NONE', *, *, #521, .F. ) ;
#205 = VERTEX_POINT ( 'NONE', #3503 ) ;
#206 = DIRECTION ( 'NONE',  ( 1.000000000000000000, 0.000000000000000000, 0.000000000000000000 ) ) ;
#207 = SURFACE_STYLE_FILL_AREA ( #3306 ) ;
#208 = DIRECTION ( 'NONE',  ( -0.000000000000000000, -1.000000000000000000, -0.000000000000000000 ) ) ;
#209 = UNCERTAINTY_MEASURE_WITH_UNIT (LENGTH_MEASURE( 1.000000000000000082E-05 ), #40, 'distance_accuracy_value', 'NONE');
#210 =( NAMED_UNIT ( * ) PLANE_ANGLE_UNIT ( ) SI_UNIT ( $, .RADIAN. ) );
#211 = ORIENTED_EDGE ( 'NONE', *, *, #2332, .F. ) ;
#212 = DIRECTION ( 'NONE',  ( -1.000000000000000000, 0.000000000000000000, 0.000000000000000000 ) ) ;
#213 = AXIS2_PLACEMENT_3D ( 'NONE', #2250, #834, #1961 ) ;
#214 = DIRECTION ( 'NONE',  ( -0.000000000000000000, -1.000000000000000000, -0.000000000000000000 ) ) ;
#215 = VERTEX_POINT ( 'NONE', #2390 ) ;
#216 = STYLED_ITEM ( 'NONE', ( #2786 ), #2837 ) ;
#217 = CARTESIAN_POINT ( 'NONE',  ( 6.649728078196295300, -8.450000000000004619, 42.60954521016798680 ) ) ;
#218 = FACE_OUTER_BOUND ( 'NONE', #193, .T. ) ;
#219 = DIRECTION ( 'NONE',  ( 0.000000000000000000, 0.000000000000000000, 1.000000000000000000 ) ) ;
#220 =( NAMED_UNIT ( * ) PLANE_ANGLE_UNIT ( ) SI_UNIT ( $, .RADIAN. ) );
#221 = DIRECTION ( 'NONE',  ( -0.000000000000000000, -0.000000000000000000, -1.000000000000000000 ) ) ;
#222 = ORIENTED_EDGE ( 'NONE', *, *, #1760, .T. ) ;
#223 = DIRECTION ( 'NONE',  ( 0.000000000000000000, 1.000000000000000000, 0.000000000000000000 ) ) ;
#224 =( NAMED_UNIT ( * ) PLANE_ANGLE_UNIT ( ) SI_UNIT ( $, .RADIAN. ) );
#225 = SURFACE_SIDE_STYLE ('',( #3574 ) ) ;
#226 = CARTESIAN_POINT ( 'NONE',  ( 2.100000000000000977, 10.54999999999999893, -9.256992757980540887 ) ) ;
#227 = ORIENTED_EDGE ( 'NONE', *, *, #1654, .F. ) ;
#228 = STYLED_ITEM ( 'NONE', ( #3056 ), #1226 ) ;
#229 = CARTESIAN_POINT ( 'NONE',  ( 1.250000000000000000, 0.000000000000000000, 46.70000000000000284 ) ) ;
#230 = AXIS2_PLACEMENT_3D ( 'NONE', #1481, #3367, #342 ) ;
#231 =( NAMED_UNIT ( * ) SI_UNIT ( $, .STERADIAN. ) SOLID_ANGLE_UNIT ( ) );
#232 = CARTESIAN_POINT ( 'NONE',  ( 4.111414449428401063, -8.450000000000001066, 44.40845267978865252 ) ) ;
#233 = DIRECTION ( 'NONE',  ( -0.000000000000000000, 0.000000000000000000, -1.000000000000000000 ) ) ;
#234 = ADVANCED_FACE ( 'NONE', ( #2946 ), #2111, .T. ) ;
#235 = UNCERTAINTY_MEASURE_WITH_UNIT (LENGTH_MEASURE( 1.000000000000000082E-05 ), #1667, 'distance_accuracy_value', 'NONE');
#236 = CARTESIAN_POINT ( 'NONE',  ( 2.100000000000000977, 10.54999999999999893, -9.256992757980540887 ) ) ;
#237 = COLOUR_RGB ( '',1.000000000000000000, 1.000000000000000000, 0.000000000000000000 ) ;
#238 = FACE_OUTER_BOUND ( 'NONE', #2241, .T. ) ;
#239 = EDGE_CURVE ( 'NONE', #3157, #1727, #2507, .T. ) ;
#240 = COLOUR_RGB ( '',1.000000000000000000, 1.000000000000000000, 0.000000000000000000 ) ;
#241 = SURFACE_SIDE_STYLE ('',( #498 ) ) ;
#242 = ORIENTED_EDGE ( 'NONE', *, *, #3014, .F. ) ;
#243 = FILL_AREA_STYLE_COLOUR ( '', #2558 ) ;
#244 = ORIENTED_EDGE ( 'NONE', *, *, #2676, .T. ) ;
#245 = ADVANCED_FACE ( 'NONE', ( #132 ), #3278, .T. ) ;
#246 = ORIENTED_EDGE ( 'NONE', *, *, #2871, .T. ) ;
#247 = EDGE_CURVE ( 'NONE', #673, #1189, #3465, .T. ) ;
#248 = SURFACE_STYLE_FILL_AREA ( #2458 ) ;
#249 = VECTOR ( 'NONE', #2777, 1000.000000000000000 ) ;
#250 = SURFACE_STYLE_USAGE ( .BOTH. , #1055 ) ;
#251 = MECHANICAL_DESIGN_GEOMETRIC_PRESENTATION_REPRESENTATION (  '', ( #2125 ), #3171 ) ;
#252 = EDGE_CURVE ( 'NONE', #974, #2585, #2469, .T. ) ;
#253 = MECHANICAL_DESIGN_GEOMETRIC_PRESENTATION_REPRESENTATION (  '', ( #3472 ), #79 ) ;
#254 = FILL_AREA_STYLE ('',( #129 ) ) ;
#255 = VECTOR ( 'NONE', #2339, 1000.000000000000000 ) ;
#256 = PRESENTATION_STYLE_ASSIGNMENT (( #1119 ) ) ;
#257 = DIRECTION ( 'NONE',  ( 0.000000000000000000, 1.000000000000000000, 0.000000000000000000 ) ) ;
#258 = FILL_AREA_STYLE_COLOUR ( '', #604 ) ;
#259 = EDGE_CURVE ( 'NONE', #2921, #2542, #2810, .T. ) ;
#260 = DIRECTION ( 'NONE',  ( 0.000000000000000000, 1.000000000000000000, 0.000000000000000000 ) ) ;
#261 = DIRECTION ( 'NONE',  ( 1.000000000000000000, 0.000000000000000000, 0.000000000000000000 ) ) ;
#262 = PLANE ( 'NONE',  #3467 ) ;
#263 = AXIS2_PLACEMENT_3D ( 'NONE', #3565, #125, #1852 ) ;
#264 = ORIENTED_EDGE ( 'NONE', *, *, #3103, .T. ) ;
#265 = ORIENTED_EDGE ( 'NONE', *, *, #2459, .F. ) ;
#266 = VECTOR ( 'NONE', #2461, 1000.000000000000000 ) ;
#267 = SURFACE_SIDE_STYLE ('',( #1046 ) ) ;
#268 = SURFACE_STYLE_USAGE ( .BOTH. , #2260 ) ;
#269 = CARTESIAN_POINT ( 'NONE',  ( 2.008420750601659349E-15, 9.950000000000001066, -7.599999999999992539 ) ) ;
#270 = ORIENTED_EDGE ( 'NONE', *, *, #884, .F. ) ;
#271 =( NAMED_UNIT ( * ) PLANE_ANGLE_UNIT ( ) SI_UNIT ( $, .RADIAN. ) );
#272 = PRESENTATION_STYLE_ASSIGNMENT (( #1597 ) ) ;
#273 = CIRCLE ( 'NONE', #3012, 3.750000000000000000 ) ;
#274 = CARTESIAN_POINT ( 'NONE',  ( 0.000000000000000000, 0.000000000000000000, 46.20000000000000284 ) ) ;
#275 = FACE_OUTER_BOUND ( 'NONE', #2354, .T. ) ;
#276 =( GEOMETRIC_REPRESENTATION_CONTEXT ( 3 ) GLOBAL_UNCERTAINTY_ASSIGNED_CONTEXT ( ( #1942 ) ) GLOBAL_UNIT_ASSIGNED_CONTEXT ( ( #3120, #2857, #1181 ) ) REPRESENTATION_CONTEXT ( 'NONE', 'WORKASPACE' ) );
#277 = SURFACE_STYLE_USAGE ( .BOTH. , #1950 ) ;
#278 = ORIENTED_EDGE ( 'NONE', *, *, #2027, .T. ) ;
#279 = CIRCLE ( 'NONE', #2036, 1.000000000000000000 ) ;
#280 =( NAMED_UNIT ( * ) PLANE_ANGLE_UNIT ( ) SI_UNIT ( $, .RADIAN. ) );
#281 = LINE ( 'NONE', #2570, #1953 ) ;
#282 = EDGE_CURVE ( 'NONE', #401, #3471, #2128, .T. ) ;
#283 = DIRECTION ( 'NONE',  ( 1.000000000000000000, 0.000000000000000000, 0.000000000000000000 ) ) ;
#284 = CARTESIAN_POINT ( 'NONE',  ( 1.250000000000000000, 0.000000000000000000, 40.96446609406726935 ) ) ;
#285 = PLANE ( 'NONE',  #195 ) ;
#286 = FILL_AREA_STYLE ('',( #3143 ) ) ;
#287 = PRESENTATION_LAYER_ASSIGNMENT (  '', '', ( #1991 ) ) ;
#288 = EDGE_CURVE ( 'NONE', #2618, #663, #2808, .T. ) ;
#289 = FILL_AREA_STYLE ('',( #1448 ) ) ;
#290 = CARTESIAN_POINT ( 'NONE',  ( 2.008420750601659349E-15, 10.54999999999999893, -7.599999999999992539 ) ) ;
#291 = VECTOR ( 'NONE', #1290, 1000.000000000000000 ) ;
#292 = VERTEX_POINT ( 'NONE', #236 ) ;
#293 = ADVANCED_FACE ( 'NONE', ( #1932 ), #3337, .F. ) ;
#294 = ORIENTED_EDGE ( 'NONE', *, *, #2251, .F. ) ;
#295 =( NAMED_UNIT ( * ) SI_UNIT ( $, .STERADIAN. ) SOLID_ANGLE_UNIT ( ) );
#296 =( NAMED_UNIT ( * ) PLANE_ANGLE_UNIT ( ) SI_UNIT ( $, .RADIAN. ) );
#297 = DIRECTION ( 'NONE',  ( 0.000000000000000000, 1.000000000000000000, -0.000000000000000000 ) ) ;
#298 = CARTESIAN_POINT ( 'NONE',  ( 0.3223529411764958219, -0.8000000000000012657, 30.50000000000000711 ) ) ;
#299 = EDGE_LOOP ( 'NONE', ( #1076, #307, #3002, #2763 ) ) ;
#300 = DIRECTION ( 'NONE',  ( -1.000000000000000000, 0.000000000000000000, 0.000000000000000000 ) ) ;
#301 = ORIENTED_EDGE ( 'NONE', *, *, #1011, .T. ) ;
#302 = PRESENTATION_LAYER_ASSIGNMENT (  '', '', ( #2805 ) ) ;
#303 = SURFACE_SIDE_STYLE ('',( #2864 ) ) ;
#304 = PRESENTATION_STYLE_ASSIGNMENT (( #2865 ) ) ;
#305 = MECHANICAL_DESIGN_GEOMETRIC_PRESENTATION_REPRESENTATION (  '', ( #1365 ), #2129 ) ;
#306 = DIRECTION ( 'NONE',  ( 1.000000000000000000, 0.000000000000000000, 0.000000000000000000 ) ) ;
#307 = ORIENTED_EDGE ( 'NONE', *, *, #1807, .F. ) ;
#308 = VECTOR ( 'NONE', #3579, 1000.000000000000000 ) ;
#309 =( NAMED_UNIT ( * ) SI_UNIT ( $, .STERADIAN. ) SOLID_ANGLE_UNIT ( ) );
#310 = DIRECTION ( 'NONE',  ( -1.369518533665900558E-16, 0.000000000000000000, -1.000000000000000000 ) ) ;
#311 = ORIENTED_EDGE ( 'NONE', *, *, #2733, .T. ) ;
#312 = PRESENTATION_STYLE_ASSIGNMENT (( #1453 ) ) ;
#313 = PRESENTATION_LAYER_ASSIGNMENT (  '', '', ( #18 ) ) ;
#314 = ORIENTED_EDGE ( 'NONE', *, *, #1760, .F. ) ;
#315 = CARTESIAN_POINT ( 'NONE',  ( 2.500000000000001332, 1.250000000000000000, 0.000000000000000000 ) ) ;
#316 = SURFACE_STYLE_USAGE ( .BOTH. , #2279 ) ;
#317 = UNCERTAINTY_MEASURE_WITH_UNIT (LENGTH_MEASURE( 1.000000000000000082E-05 ), #2615, 'distance_accuracy_value', 'NONE');
#318 = CARTESIAN_POINT ( 'NONE',  ( -6.649728078196306846, 6.849999999999999645, 30.50000000000000711 ) ) ;
#319 = STYLED_ITEM ( 'NONE', ( #3028 ), #1382 ) ;
#320 = ORIENTED_EDGE ( 'NONE', *, *, #2770, .F. ) ;
#321 = SURFACE_STYLE_USAGE ( .BOTH. , #1744 ) ;
#322 =( LENGTH_UNIT ( ) NAMED_UNIT ( * ) SI_UNIT ( .MILLI., .METRE. ) );
#323 = SURFACE_STYLE_FILL_AREA ( #2316 ) ;
#324 = CARTESIAN_POINT ( 'NONE',  ( 2.008420750601659349E-15, 9.449999999999999289, -7.599999999999992539 ) ) ;
#325 =( LENGTH_UNIT ( ) NAMED_UNIT ( * ) SI_UNIT ( .MILLI., .METRE. ) );
#326 = CARTESIAN_POINT ( 'NONE',  ( 11.24999999999999645, 9.449999999999999289, -18.99999999999999289 ) ) ;
#327 = EDGE_CURVE ( 'NONE', #2158, #2113, #196, .T. ) ;
#328 = FACE_OUTER_BOUND ( 'NONE', #653, .T. ) ;
#329 = FILL_AREA_STYLE ('',( #2812 ) ) ;
#330 = AXIS2_PLACEMENT_3D ( 'NONE', #3063, #2205, #3099 ) ;
#331 = EDGE_LOOP ( 'NONE', ( #2353, #940, #724, #406 ) ) ;
#332 = PRESENTATION_STYLE_ASSIGNMENT (( #2219 ) ) ;
#333 = ORIENTED_EDGE ( 'NONE', *, *, #3541, .T. ) ;
#334 = AXIS2_PLACEMENT_3D ( 'NONE', #1879, #1592, #171 ) ;
#335 = ORIENTED_EDGE ( 'NONE', *, *, #3314, .F. ) ;
#336 = SURFACE_STYLE_FILL_AREA ( #2586 ) ;
#337 = FACE_OUTER_BOUND ( 'NONE', #1065, .T. ) ;
#338 = CARTESIAN_POINT ( 'NONE',  ( 0.000000000000000000, 0.000000000000000000, 44.50000000000000711 ) ) ;
#339 = SURFACE_STYLE_USAGE ( .BOTH. , #86 ) ;
#340 = SURFACE_STYLE_FILL_AREA ( #2902 ) ;
#341 = DIRECTION ( 'NONE',  ( -1.826024711554533913E-16, -0.000000000000000000, -1.000000000000000000 ) ) ;
#342 = DIRECTION ( 'NONE',  ( 0.000000000000000000, -0.000000000000000000, 1.000000000000000000 ) ) ;
#343 = ORIENTED_EDGE ( 'NONE', *, *, #3116, .F. ) ;
#344 = ORIENTED_EDGE ( 'NONE', *, *, #1637, .F. ) ;
#345 = CARTESIAN_POINT ( 'NONE',  ( -2.402037506027756120, 6.849999999999999645, 44.50000000000000711 ) ) ;
#346 = FILL_AREA_STYLE_COLOUR ( '', #197 ) ;
#347 = EDGE_CURVE ( 'NONE', #1571, #1222, #1889, .T. ) ;
#348 =( NAMED_UNIT ( * ) PLANE_ANGLE_UNIT ( ) SI_UNIT ( $, .RADIAN. ) );
#349 =( LENGTH_UNIT ( ) NAMED_UNIT ( * ) SI_UNIT ( .MILLI., .METRE. ) );
#350 = COLOUR_RGB ( '',1.000000000000000000, 1.000000000000000000, 0.000000000000000000 ) ;
#351 =( LENGTH_UNIT ( ) NAMED_UNIT ( * ) SI_UNIT ( .MILLI., .METRE. ) );
#352 = CARTESIAN_POINT ( 'NONE',  ( -2.100000000000000977, 19.54999999999999716, -5.943007242019443304 ) ) ;
#353 = DIRECTION ( 'NONE',  ( -0.000000000000000000, -0.000000000000000000, -1.000000000000000000 ) ) ;
#354 = EDGE_LOOP ( 'NONE', ( #45, #1711, #415, #1699 ) ) ;
#355 = ORIENTED_EDGE ( 'NONE', *, *, #3538, .T. ) ;
#356 = EDGE_CURVE ( 'NONE', #2872, #3150, #2498, .T. ) ;
#357 = COLOUR_RGB ( '',0.1019607843137254888, 0.1019607843137254888, 0.1019607843137254888 ) ;
#358 = EDGE_LOOP ( 'NONE', ( #880, #1698, #3401, #2416 ) ) ;
#359 = DIRECTION ( 'NONE',  ( -0.000000000000000000, 1.000000000000000000, -0.000000000000000000 ) ) ;
#360 = CARTESIAN_POINT ( 'NONE',  ( 2.100000000000000977, 10.54999999999999893, -9.256992757980540887 ) ) ;
#361 = AXIS2_PLACEMENT_3D ( 'NONE', #1899, #1095, #3615 ) ;
#362 = ADVANCED_FACE ( 'NONE', ( #1909, #3086 ), #137, .T. ) ;
#363 = EDGE_CURVE ( 'NONE', #292, #2819, #985, .T. ) ;
#364 = FACE_OUTER_BOUND ( 'NONE', #1379, .T. ) ;
#365 = DIRECTION ( 'NONE',  ( -0.000000000000000000, -0.000000000000000000, 1.000000000000000000 ) ) ;
#366 = CYLINDRICAL_SURFACE ( 'NONE', #1858, 5.000000000000000000 ) ;
#367 = ORIENTED_EDGE ( 'NONE', *, *, #1292, .F. ) ;
#368 = ORIENTED_EDGE ( 'NONE', *, *, #1700, .F. ) ;
#369 =( NAMED_UNIT ( * ) SI_UNIT ( $, .STERADIAN. ) SOLID_ANGLE_UNIT ( ) );
#370 = FILL_AREA_STYLE ('',( #2285 ) ) ;
#371 = EDGE_CURVE ( 'NONE', #1615, #2060, #64, .T. ) ;
#372 = DIRECTION ( 'NONE',  ( 1.224646799147353207E-16, 1.000000000000000000, -0.000000000000000000 ) ) ;
#373 = STYLED_ITEM ( 'NONE', ( #3004 ), #3656 ) ;
#374 = STYLED_ITEM ( 'NONE', ( #941 ), #2258 ) ;
#375 = DIRECTION ( 'NONE',  ( -0.000000000000000000, -0.000000000000000000, 1.000000000000000000 ) ) ;
#376 = ORIENTED_EDGE ( 'NONE', *, *, #1424, .T. ) ;
#377 = DIRECTION ( 'NONE',  ( -1.000000000000000000, 0.000000000000000000, 0.000000000000000000 ) ) ;
#378 = EDGE_CURVE ( 'NONE', #1610, #2158, #658, .T. ) ;
#379 = VERTEX_POINT ( 'NONE', #2409 ) ;
#380 = ORIENTED_EDGE ( 'NONE', *, *, #1694, .F. ) ;
#381 = AXIS2_PLACEMENT_3D ( 'NONE', #3457, #1960, #2541 ) ;
#382 = CARTESIAN_POINT ( 'NONE',  ( 6.649728078196297965, 6.849999999999998757, 42.60910230011233324 ) ) ;
#383 = AXIS2_PLACEMENT_3D ( 'NONE', #1295, #1512, #3510 ) ;
#384 = DIRECTION ( 'NONE',  ( -0.000000000000000000, 1.000000000000000000, -0.000000000000000000 ) ) ;
#385 = PRESENTATION_STYLE_ASSIGNMENT (( #2937 ) ) ;
#386 = CIRCLE ( 'NONE', #2453, 9.927647058823987791 ) ;
#387 = CARTESIAN_POINT ( 'NONE',  ( -2.499999999999998668, 1.249999999999999334, -18.99999999999998934 ) ) ;
#388 = DIRECTION ( 'NONE',  ( 0.000000000000000000, 0.000000000000000000, 1.000000000000000000 ) ) ;
#389 = SURFACE_STYLE_FILL_AREA ( #3218 ) ;
#390 = CARTESIAN_POINT ( 'NONE',  ( 0.000000000000000000, 0.000000000000000000, 40.96446609406726935 ) ) ;
#391 = CARTESIAN_POINT ( 'NONE',  ( -2.832099228287171755, -8.450000000000004619, 44.50000000000000711 ) ) ;
#392 = DIRECTION ( 'NONE',  ( 0.000000000000000000, 1.000000000000000000, 0.000000000000000000 ) ) ;
#393 = DIRECTION ( 'NONE',  ( -0.000000000000000000, -0.000000000000000000, 1.000000000000000000 ) ) ;
#394 = VERTEX_POINT ( 'NONE', #961 ) ;
#395 = ORIENTED_EDGE ( 'NONE', *, *, #782, .T. ) ;
#396 = FILL_AREA_STYLE_COLOUR ( '', #479 ) ;
#397 = UNCERTAINTY_MEASURE_WITH_UNIT (LENGTH_MEASURE( 1.000000000000000082E-05 ), #3243, 'distance_accuracy_value', 'NONE');
#398 = COLOUR_RGB ( '',1.000000000000000000, 1.000000000000000000, 0.000000000000000000 ) ;
#399 = EDGE_CURVE ( 'NONE', #3520, #741, #3627, .T. ) ;
#400 = CARTESIAN_POINT ( 'NONE',  ( -1.999999999999998668, -1.250000000000000000, -23.49999999999999289 ) ) ;
#401 = VERTEX_POINT ( 'NONE', #1545 ) ;
#402 = ADVANCED_FACE ( 'NONE', ( #2081, #2063, #3244, #3226 ), #972, .F. ) ;
#403 = CARTESIAN_POINT ( 'NONE',  ( 0.000000000000000000, 0.000000000000000000, 46.20000000000000284 ) ) ;
#404 = CARTESIAN_POINT ( 'NONE',  ( 6.649728078196296188, -8.450000000000002842, 46.70000000000000284 ) ) ;
#405 = EDGE_CURVE ( 'NONE', #2060, #909, #599, .T. ) ;
#406 = ORIENTED_EDGE ( 'NONE', *, *, #1801, .F. ) ;
#407 = CARTESIAN_POINT ( 'NONE',  ( 2.008420750601659349E-15, 7.721572875253808199, -7.599999999999992539 ) ) ;
#408 = DIRECTION ( 'NONE',  ( -0.000000000000000000, 1.000000000000000000, -0.000000000000000000 ) ) ;
#409 = EDGE_CURVE ( 'NONE', #450, #746, #1060, .T. ) ;
#410 = MECHANICAL_DESIGN_GEOMETRIC_PRESENTATION_REPRESENTATION (  '', ( #1991 ), #2362 ) ;
#411 = EDGE_LOOP ( 'NONE', ( #2191, #593, #1239, #2069, #2584 ) ) ;
#412 = FACE_OUTER_BOUND ( 'NONE', #2692, .T. ) ;
#413 = DIRECTION ( 'NONE',  ( -0.000000000000000000, -0.000000000000000000, 1.000000000000000000 ) ) ;
#414 = AXIS2_PLACEMENT_3D ( 'NONE', #116, #353, #377 ) ;
#415 = ORIENTED_EDGE ( 'NONE', *, *, #2771, .F. ) ;
#416 = COLOUR_RGB ( '',1.000000000000000000, 1.000000000000000000, 0.000000000000000000 ) ;
#417 = MECHANICAL_DESIGN_GEOMETRIC_PRESENTATION_REPRESENTATION (  '', ( #1997 ), #1696 ) ;
#418 = DIRECTION ( 'NONE',  ( 0.000000000000000000, -1.000000000000000000, 0.000000000000000000 ) ) ;
#419 =( LENGTH_UNIT ( ) NAMED_UNIT ( * ) SI_UNIT ( .MILLI., .METRE. ) );
#420 =( LENGTH_UNIT ( ) NAMED_UNIT ( * ) SI_UNIT ( .MILLI., .METRE. ) );
#421 = SURFACE_STYLE_USAGE ( .BOTH. , #3256 ) ;
#422 =( NAMED_UNIT ( * ) SI_UNIT ( $, .STERADIAN. ) SOLID_ANGLE_UNIT ( ) );
#423 = CARTESIAN_POINT ( 'NONE',  ( -6.749999999999999112, -9.449999999999999289, -18.99999999999998579 ) ) ;
#424 = STYLED_ITEM ( 'NONE', ( #3451 ), #2206 ) ;
#425 = COLOUR_RGB ( '',0.1019607843137254888, 0.1019607843137254888, 0.1019607843137254888 ) ;
#426 = VERTEX_POINT ( 'NONE', #3018 ) ;
#427 = CARTESIAN_POINT ( 'NONE',  ( 6.749999999999997335, 9.449999999999999289, -14.49999999999999112 ) ) ;
#428 = DIRECTION ( 'NONE',  ( 1.000000000000000000, -1.776356839400250465E-15, 0.000000000000000000 ) ) ;
#429 =( GEOMETRIC_REPRESENTATION_CONTEXT ( 3 ) GLOBAL_UNCERTAINTY_ASSIGNED_CONTEXT ( ( #1704 ) ) GLOBAL_UNIT_ASSIGNED_CONTEXT ( ( #1658, #3332, #838 ) ) REPRESENTATION_CONTEXT ( 'NONE', 'WORKASPACE' ) );
#430 = ORIENTED_EDGE ( 'NONE', *, *, #3675, .F. ) ;
#431 = DIRECTION ( 'NONE',  ( -0.000000000000000000, -0.000000000000000000, 1.000000000000000000 ) ) ;
#432 = FILL_AREA_STYLE ('',( #121 ) ) ;
#433 = CYLINDRICAL_SURFACE ( 'NONE', #1728, 9.927647058823987791 ) ;
#434 = AXIS2_PLACEMENT_3D ( 'NONE', #659, #1927, #2806 ) ;
#435 =( LENGTH_UNIT ( ) NAMED_UNIT ( * ) SI_UNIT ( .MILLI., .METRE. ) );
#436 = ORIENTED_EDGE ( 'NONE', *, *, #2251, .T. ) ;
#437 = ORIENTED_EDGE ( 'NONE', *, *, #1276, .F. ) ;
#438 = FILL_AREA_STYLE ('',( #2990 ) ) ;
#439 = AXIS2_PLACEMENT_3D ( 'NONE', #1905, #1374, #3083 ) ;
#440 = DIRECTION ( 'NONE',  ( -0.000000000000000000, -1.000000000000000000, -0.000000000000000000 ) ) ;
#441 = CIRCLE ( 'NONE', #2769, 10.92764705882351173 ) ;
#442 = CARTESIAN_POINT ( 'NONE',  ( -5.000000000000000000, 6.123233995736766282E-16, 44.50000000000000711 ) ) ;
#443 = CARTESIAN_POINT ( 'NONE',  ( 2.500000000000001332, 1.250000000000000000, -23.49999999999999289 ) ) ;
#444 = DIRECTION ( 'NONE',  ( -0.000000000000000000, 1.000000000000000000, -0.000000000000000000 ) ) ;
#445 = CARTESIAN_POINT ( 'NONE',  ( 2.008420750601659349E-15, 10.54999999999999893, -7.599999999999992539 ) ) ;
#446 = ORIENTED_EDGE ( 'NONE', *, *, #3323, .T. ) ;
#447 = DIRECTION ( 'NONE',  ( 0.000000000000000000, 0.000000000000000000, 1.000000000000000000 ) ) ;
#448 = DIRECTION ( 'NONE',  ( 0.000000000000000000, 0.000000000000000000, 1.000000000000000000 ) ) ;
#449 = STYLED_ITEM ( 'NONE', ( #1596 ), #2605 ) ;
#450 = VERTEX_POINT ( 'NONE', #2430 ) ;
#451 = SURFACE_STYLE_FILL_AREA ( #1804 ) ;
#452 = SURFACE_STYLE_USAGE ( .BOTH. , #2397 ) ;
#453 = EDGE_LOOP ( 'NONE', ( #978, #686, #1045, #1500 ) ) ;
#454 =( GEOMETRIC_REPRESENTATION_CONTEXT ( 3 ) GLOBAL_UNCERTAINTY_ASSIGNED_CONTEXT ( ( #2478 ) ) GLOBAL_UNIT_ASSIGNED_CONTEXT ( ( #1123, #902, #840 ) ) REPRESENTATION_CONTEXT ( 'NONE', 'WORKASPACE' ) );
#455 = LINE ( 'NONE', #1574, #1427 ) ;
#456 = AXIS2_PLACEMENT_3D ( 'NONE', #2447, #3331, #3620 ) ;
#457 = EDGE_CURVE ( 'NONE', #1560, #2891, #2471, .T. ) ;
#458 = CYLINDRICAL_SURFACE ( 'NONE', #439, 1.300000000000000711 ) ;
#459 = UNCERTAINTY_MEASURE_WITH_UNIT (LENGTH_MEASURE( 1.000000000000000082E-05 ), #2437, 'distance_accuracy_value', 'NONE');
#460 = DIRECTION ( 'NONE',  ( -0.000000000000000000, -1.000000000000000000, -0.000000000000000000 ) ) ;
#461 = EDGE_CURVE ( 'NONE', #2019, #2695, #2170, .T. ) ;
#462 = DIRECTION ( 'NONE',  ( 0.000000000000000000, 0.000000000000000000, 1.000000000000000000 ) ) ;
#463 = ADVANCED_FACE ( 'NONE', ( #2490 ), #1563, .T. ) ;
#464 = VERTEX_POINT ( 'NONE', #1602 ) ;
#465 = DIRECTION ( 'NONE',  ( 0.000000000000000000, 0.000000000000000000, -1.000000000000000000 ) ) ;
#466 = PRESENTATION_STYLE_ASSIGNMENT (( #3593 ) ) ;
#467 = CIRCLE ( 'NONE', #2738, 1.250000000000000000 ) ;
#468 = FACE_OUTER_BOUND ( 'NONE', #411, .T. ) ;
#469 =( LENGTH_UNIT ( ) NAMED_UNIT ( * ) SI_UNIT ( .MILLI., .METRE. ) );
#470 = EDGE_LOOP ( 'NONE', ( #380, #867, #2344, #860 ) ) ;
#471 =( GEOMETRIC_REPRESENTATION_CONTEXT ( 3 ) GLOBAL_UNCERTAINTY_ASSIGNED_CONTEXT ( ( #1930 ) ) GLOBAL_UNIT_ASSIGNED_CONTEXT ( ( #3031, #3067, #1005 ) ) REPRESENTATION_CONTEXT ( 'NONE', 'WORKASPACE' ) );
#472 = FILL_AREA_STYLE_COLOUR ( '', #3300 ) ;
#473 = DIRECTION ( 'NONE',  ( 0.000000000000000000, 0.000000000000000000, 1.000000000000000000 ) ) ;
#474 = ORIENTED_EDGE ( 'NONE', *, *, #2214, .T. ) ;
#475 = DIRECTION ( 'NONE',  ( -0.000000000000000000, 1.000000000000000000, -0.000000000000000000 ) ) ;
#476 = CARTESIAN_POINT ( 'NONE',  ( 2.100000000000000977, 10.54999999999999893, -9.256992757980540887 ) ) ;
#477 = ADVANCED_FACE ( 'NONE', ( #3569 ), #1008, .T. ) ;
#478 = ORIENTED_EDGE ( 'NONE', *, *, #2146, .T. ) ;
#479 = COLOUR_RGB ( '',1.000000000000000000, 1.000000000000000000, 1.000000000000000000 ) ;
#480 = ORIENTED_EDGE ( 'NONE', *, *, #3268, .F. ) ;
#481 = AXIS2_PLACEMENT_3D ( 'NONE', #2896, #22, #1149 ) ;
#482 = PLANE ( 'NONE',  #1588 ) ;
#483 =( LENGTH_UNIT ( ) NAMED_UNIT ( * ) SI_UNIT ( .MILLI., .METRE. ) );
#484 = FACE_OUTER_BOUND ( 'NONE', #2963, .T. ) ;
#485 = ORIENTED_EDGE ( 'NONE', *, *, #356, .F. ) ;
#486 = COLOUR_RGB ( '',1.000000000000000000, 0.9490196078431372140, 0.9098039215686274384 ) ;
#487 = AXIS2_PLACEMENT_3D ( 'NONE', #528, #1630, #689 ) ;
#488 = LINE ( 'NONE', #1567, #266 ) ;
#489 = FACE_OUTER_BOUND ( 'NONE', #634, .T. ) ;
#490 = EDGE_LOOP ( 'NONE', ( #2839, #35, #3582, #638 ) ) ;
#491 = FILL_AREA_STYLE ('',( #761 ) ) ;
#492 = DIRECTION ( 'NONE',  ( 0.000000000000000000, 0.000000000000000000, 1.000000000000000000 ) ) ;
#493 = FILL_AREA_STYLE ('',( #820 ) ) ;
#494 = DIRECTION ( 'NONE',  ( 0.000000000000000000, 0.000000000000000000, -1.000000000000000000 ) ) ;
#495 = UNCERTAINTY_MEASURE_WITH_UNIT (LENGTH_MEASURE( 1.000000000000000082E-05 ), #1794, 'distance_accuracy_value', 'NONE');
#496 = STYLED_ITEM ( 'NONE', ( #272 ), #1393 ) ;
#497 = DIRECTION ( 'NONE',  ( 0.000000000000000000, 0.000000000000000000, 1.000000000000000000 ) ) ;
#498 = SURFACE_STYLE_FILL_AREA ( #1911 ) ;
#499 =( NAMED_UNIT ( * ) PLANE_ANGLE_UNIT ( ) SI_UNIT ( $, .RADIAN. ) );
#500 = PLANE ( 'NONE',  #2134 ) ;
#501 = CARTESIAN_POINT ( 'NONE',  ( -0.3223529411764873842, -0.8000000000000022649, 46.70000000000000284 ) ) ;
#502 = EDGE_CURVE ( 'NONE', #134, #1380, #2799, .T. ) ;
#503 = EDGE_CURVE ( 'NONE', #974, #1841, #3624, .T. ) ;
#504 = CARTESIAN_POINT ( 'NONE',  ( -6.649728078196305958, 6.849999999999999645, 38.90000000000000568 ) ) ;
#505 = MECHANICAL_DESIGN_GEOMETRIC_PRESENTATION_REPRESENTATION (  '', ( #2659 ), #3010 ) ;
#506 = CYLINDRICAL_SURFACE ( 'NONE', #2953, 10.92764705882351883 ) ;
#507 = ORIENTED_EDGE ( 'NONE', *, *, #73, .F. ) ;
#508 = PRESENTATION_LAYER_ASSIGNMENT (  '', '', ( #2094 ) ) ;
#509 = ADVANCED_FACE ( 'NONE', ( #517, #1616 ), #2452, .F. ) ;
#510 = CARTESIAN_POINT ( 'NONE',  ( -6.542074102311301154, 6.849999999999999645, 43.02807868893614085 ) ) ;
#511 = CARTESIAN_POINT ( 'NONE',  ( 5.158048697743955913, -8.450000000000002842, 44.16103573807301785 ) ) ;
#512 = VECTOR ( 'NONE', #3535, 1000.000000000000000 ) ;
#513 = FILL_AREA_STYLE_COLOUR ( '', #3156 ) ;
#514 = EDGE_CURVE ( 'NONE', #394, #3375, #3035, .T. ) ;
#515 = FILL_AREA_STYLE_COLOUR ( '', #1581 ) ;
#516 = ORIENTED_EDGE ( 'NONE', *, *, #3166, .T. ) ;
#517 = FACE_OUTER_BOUND ( 'NONE', #3560, .T. ) ;
#518 =( NAMED_UNIT ( * ) PLANE_ANGLE_UNIT ( ) SI_UNIT ( $, .RADIAN. ) );
#519 = SURFACE_SIDE_STYLE ('',( #1848 ) ) ;
#520 = PRESENTATION_STYLE_ASSIGNMENT (( #1917 ) ) ;
#521 = EDGE_CURVE ( 'NONE', #1690, #2438, #1412, .T. ) ;
#522 = SURFACE_STYLE_FILL_AREA ( #3081 ) ;
#523 = VECTOR ( 'NONE', #1430, 1000.000000000000000 ) ;
#524 = STYLED_ITEM ( 'NONE', ( #2748 ), #1036 ) ;
#525 = CARTESIAN_POINT ( 'NONE',  ( 6.649728078196297965, 6.849999999999997868, 30.50000000000000711 ) ) ;
#526 = ORIENTED_EDGE ( 'NONE', *, *, #897, .F. ) ;
#527 = COLOUR_RGB ( '',1.000000000000000000, 0.9490196078431372140, 0.9098039215686274384 ) ;
#528 = CARTESIAN_POINT ( 'NONE',  ( 0.000000000000000000, 0.000000000000000000, 44.50000000000000711 ) ) ;
#529 = PRESENTATION_STYLE_ASSIGNMENT (( #1887 ) ) ;
#530 = AXIS2_PLACEMENT_3D ( 'NONE', #707, #2969, #2121 ) ;
#531 =( LENGTH_UNIT ( ) NAMED_UNIT ( * ) SI_UNIT ( .MILLI., .METRE. ) );
#532 = UNCERTAINTY_MEASURE_WITH_UNIT (LENGTH_MEASURE( 1.000000000000000082E-05 ), #1030, 'distance_accuracy_value', 'NONE');
#533 = MECHANICAL_DESIGN_GEOMETRIC_PRESENTATION_REPRESENTATION (  '', ( #3340 ), #822 ) ;
#534 = DIRECTION ( 'NONE',  ( 0.000000000000000000, 0.000000000000000000, 1.000000000000000000 ) ) ;
#535 = CARTESIAN_POINT ( 'NONE',  ( 11.25000000000000355, -9.449999999999999289, 19.00000000000000711 ) ) ;
#536 =( NAMED_UNIT ( * ) PLANE_ANGLE_UNIT ( ) SI_UNIT ( $, .RADIAN. ) );
#537 = ORIENTED_EDGE ( 'NONE', *, *, #399, .F. ) ;
#538 = DIRECTION ( 'NONE',  ( 1.000000000000000000, 0.000000000000000000, 0.000000000000000000 ) ) ;
#539 = SURFACE_STYLE_USAGE ( .BOTH. , #614 ) ;
#540 = SURFACE_STYLE_USAGE ( .BOTH. , #1052 ) ;
#541 = COLOUR_RGB ( '',1.000000000000000000, 1.000000000000000000, 0.000000000000000000 ) ;
#542 =( GEOMETRIC_REPRESENTATION_CONTEXT ( 3 ) GLOBAL_UNCERTAINTY_ASSIGNED_CONTEXT ( ( #3154 ) ) GLOBAL_UNIT_ASSIGNED_CONTEXT ( ( #794, #3322, #1591 ) ) REPRESENTATION_CONTEXT ( 'NONE', 'WORKASPACE' ) );
#543 =( NAMED_UNIT ( * ) SI_UNIT ( $, .STERADIAN. ) SOLID_ANGLE_UNIT ( ) );
#544 = DIRECTION ( 'NONE',  ( 0.000000000000000000, 0.000000000000000000, 1.000000000000000000 ) ) ;
#545 = STYLED_ITEM ( 'NONE', ( #256 ), #2337 ) ;
#546 = ORIENTED_EDGE ( 'NONE', *, *, #347, .T. ) ;
#547 = CARTESIAN_POINT ( 'NONE',  ( -0.3223529411764873842, -0.8000000000000022649, 38.90000000000000568 ) ) ;
#548 = MECHANICAL_DESIGN_GEOMETRIC_PRESENTATION_REPRESENTATION (  '', ( #3640 ), #1650 ) ;
#549 = FACE_OUTER_BOUND ( 'NONE', #1124, .T. ) ;
#550 = CARTESIAN_POINT ( 'NONE',  ( 8.750000000000001776, 9.449999999999999289, 12.60000000000000497 ) ) ;
#551 = STYLED_ITEM ( 'NONE', ( #989 ), #3384 ) ;
#552 = DIRECTION ( 'NONE',  ( -0.000000000000000000, -0.000000000000000000, -1.000000000000000000 ) ) ;
#553 = PRESENTATION_LAYER_ASSIGNMENT (  '', '', ( #424 ) ) ;
#554 = LINE ( 'NONE', #3626, #1340 ) ;
#555 = DIRECTION ( 'NONE',  ( -1.000000000000000000, 0.000000000000000000, 0.000000000000000000 ) ) ;
#556 = AXIS2_PLACEMENT_3D ( 'NONE', #1555, #734, #682 ) ;
#557 = ORIENTED_EDGE ( 'NONE', *, *, #106, .F. ) ;
#558 = FILL_AREA_STYLE ('',( #3147 ) ) ;
#559 = PRESENTATION_LAYER_ASSIGNMENT (  '', '', ( #3652 ) ) ;
#560 = EDGE_LOOP ( 'NONE', ( #227, #1283, #1205, #1419 ) ) ;
#561 = DIRECTION ( 'NONE',  ( -0.000000000000000000, 0.000000000000000000, 1.000000000000000000 ) ) ;
#562 = DIRECTION ( 'NONE',  ( -0.000000000000000000, -0.000000000000000000, -1.000000000000000000 ) ) ;
#563 = EDGE_CURVE ( 'NONE', #205, #3430, #2603, .T. ) ;
#564 = SURFACE_SIDE_STYLE ('',( #2282 ) ) ;
#565 = CARTESIAN_POINT ( 'NONE',  ( -5.000000000000000000, 6.123233995736766282E-16, 44.50000000000000711 ) ) ;
#566 = STYLED_ITEM ( 'NONE', ( #1134 ), #2741 ) ;
#567 = CARTESIAN_POINT ( 'NONE',  ( 0.000000000000000000, 1.250000000000000000, -18.99999999999999289 ) ) ;
#568 = DIRECTION ( 'NONE',  ( 0.000000000000000000, 0.000000000000000000, -1.000000000000000000 ) ) ;
#569 = ADVANCED_FACE ( 'NONE', ( #2853 ), #611, .F. ) ;
#570 = VECTOR ( 'NONE', #3655, 1000.000000000000000 ) ;
#571 =( LENGTH_UNIT ( ) NAMED_UNIT ( * ) SI_UNIT ( .MILLI., .METRE. ) );
#572 = CARTESIAN_POINT ( 'NONE',  ( -1.000000000000000000, 0.000000000000000000, 44.50000000000000711 ) ) ;
#573 = DIRECTION ( 'NONE',  ( 1.000000000000000000, 0.000000000000000000, -0.000000000000000000 ) ) ;
#574 = EDGE_LOOP ( 'NONE', ( #2333, #1756, #1230, #2772, #1639, #2180, #1390, #395 ) ) ;
#575 = COLOUR_RGB ( '',0.7764705882352941346, 0.7568627450980391913, 0.7372549019607843590 ) ;
#576 = ORIENTED_EDGE ( 'NONE', *, *, #1442, .F. ) ;
#577 = ORIENTED_EDGE ( 'NONE', *, *, #2214, .F. ) ;
#578 = FILL_AREA_STYLE_COLOUR ( '', #2004 ) ;
#579 = PLANE ( 'NONE',  #3104 ) ;
#580 = UNCERTAINTY_MEASURE_WITH_UNIT (LENGTH_MEASURE( 1.000000000000000082E-05 ), #1029, 'distance_accuracy_value', 'NONE');
#581 =( NAMED_UNIT ( * ) PLANE_ANGLE_UNIT ( ) SI_UNIT ( $, .RADIAN. ) );
#582 = EDGE_LOOP ( 'NONE', ( #1206, #3206 ) ) ;
#583 = FILL_AREA_STYLE_COLOUR ( '', #725 ) ;
#584 = TOROIDAL_SURFACE ( 'NONE', #3144, 4.500000000000000888, 0.5000000000000000000 ) ;
#585 = CARTESIAN_POINT ( 'NONE',  ( 3.000000000000001332, 3.999999999999999112, 44.50000000000000711 ) ) ;
#586 = ORIENTED_EDGE ( 'NONE', *, *, #503, .T. ) ;
#587 = CIRCLE ( 'NONE', #3159, 1.000000000000000000 ) ;
#588 = CARTESIAN_POINT ( 'NONE',  ( -3.260237340412855289, 6.849999999999998757, 44.49106748757215257 ) ) ;
#589 = LINE ( 'NONE', #326, #2754 ) ;
#590 = DIRECTION ( 'NONE',  ( 0.000000000000000000, 0.000000000000000000, 1.000000000000000000 ) ) ;
#591 = SURFACE_SIDE_STYLE ('',( #1141 ) ) ;
#592 =( NAMED_UNIT ( * ) PLANE_ANGLE_UNIT ( ) SI_UNIT ( $, .RADIAN. ) );
#593 = ORIENTED_EDGE ( 'NONE', *, *, #1435, .T. ) ;
#594 = SURFACE_SIDE_STYLE ('',( #2890 ) ) ;
#595 = CIRCLE ( 'NONE', #1057, 1.300000000000000711 ) ;
#596 = VECTOR ( 'NONE', #3371, 1000.000000000000000 ) ;
#597 = ORIENTED_EDGE ( 'NONE', *, *, #106, .T. ) ;
#598 = ORIENTED_EDGE ( 'NONE', *, *, #2202, .F. ) ;
#599 = CIRCLE ( 'NONE', #2691, 5.000000000000000000 ) ;
#600 =( NAMED_UNIT ( * ) SI_UNIT ( $, .STERADIAN. ) SOLID_ANGLE_UNIT ( ) );
#601 = DIRECTION ( 'NONE',  ( 0.000000000000000000, 0.000000000000000000, 1.000000000000000000 ) ) ;
#602 = FACE_OUTER_BOUND ( 'NONE', #2790, .T. ) ;
#603 = VERTEX_POINT ( 'NONE', #843 ) ;
#604 = COLOUR_RGB ( '',1.000000000000000000, 1.000000000000000000, 0.000000000000000000 ) ;
#605 =( GEOMETRIC_REPRESENTATION_CONTEXT ( 3 ) GLOBAL_UNCERTAINTY_ASSIGNED_CONTEXT ( ( #2472 ) ) GLOBAL_UNIT_ASSIGNED_CONTEXT ( ( #1496, #2135, #1762 ) ) REPRESENTATION_CONTEXT ( 'NONE', 'WORKASPACE' ) );
#606 = LINE ( 'NONE', #1194, #1432 ) ;
#607 = DIRECTION ( 'NONE',  ( -0.000000000000000000, 1.000000000000000000, -0.000000000000000000 ) ) ;
#608 = CARTESIAN_POINT ( 'NONE',  ( -6.649728078196305958, 6.849999999999999645, 46.70000000000000284 ) ) ;
#609 = CIRCLE ( 'NONE', #1253, 2.675000000000000266 ) ;
#610 = CARTESIAN_POINT ( 'NONE',  ( -6.581560562377092083, -8.450000000000006395, 42.92744109324387125 ) ) ;
#611 = PLANE ( 'NONE',  #2428 ) ;
#612 = VERTEX_POINT ( 'NONE', #1717 ) ;
#613 =( LENGTH_UNIT ( ) NAMED_UNIT ( * ) SI_UNIT ( .MILLI., .METRE. ) );
#614 = SURFACE_SIDE_STYLE ('',( #3175 ) ) ;
#615 = DIRECTION ( 'NONE',  ( 0.000000000000000000, 0.000000000000000000, -1.000000000000000000 ) ) ;
#616 = UNCERTAINTY_MEASURE_WITH_UNIT (LENGTH_MEASURE( 1.000000000000000082E-05 ), #2716, 'distance_accuracy_value', 'NONE');
#617 = LINE ( 'NONE', #2609, #1686 ) ;
#618 = STYLED_ITEM ( 'NONE', ( #3165 ), #1552 ) ;
#619 = EDGE_LOOP ( 'NONE', ( #66, #3547, #2982, #335 ) ) ;
#620 =( NAMED_UNIT ( * ) SI_UNIT ( $, .STERADIAN. ) SOLID_ANGLE_UNIT ( ) );
#621 = LINE ( 'NONE', #3123, #2574 ) ;
#622 = DIRECTION ( 'NONE',  ( -0.000000000000000000, -0.000000000000000000, 1.000000000000000000 ) ) ;
#623 = SURFACE_STYLE_USAGE ( .BOTH. , #2297 ) ;
#624 = ADVANCED_FACE ( 'NONE', ( #1415 ), #1144, .T. ) ;
#625 = EDGE_LOOP ( 'NONE', ( #1797, #3373, #111, #1739 ) ) ;
#626 =( NAMED_UNIT ( * ) PLANE_ANGLE_UNIT ( ) SI_UNIT ( $, .RADIAN. ) );
#627 = PRESENTATION_STYLE_ASSIGNMENT (( #851 ) ) ;
#628 = EDGE_CURVE ( 'NONE', #1920, #1718, #2330, .T. ) ;
#629 = DIRECTION ( 'NONE',  ( -0.000000000000000000, 1.000000000000000000, 0.000000000000000000 ) ) ;
#630 = COLOUR_RGB ( '',1.000000000000000000, 1.000000000000000000, 0.000000000000000000 ) ;
#631 = AXIS2_PLACEMENT_3D ( 'NONE', #1150, #2310, #3475 ) ;
#632 = DIRECTION ( 'NONE',  ( 1.000000000000000000, 1.239088197126290570E-16, -0.000000000000000000 ) ) ;
#633 = CARTESIAN_POINT ( 'NONE',  ( 11.25000000000000355, 9.449999999999999289, 19.00000000000000711 ) ) ;
#634 = EDGE_LOOP ( 'NONE', ( #1824, #158, #597, #1166 ) ) ;
#635 = ORIENTED_EDGE ( 'NONE', *, *, #247, .F. ) ;
#636 = EDGE_CURVE ( 'NONE', #464, #612, #595, .T. ) ;
#637 =( GEOMETRIC_REPRESENTATION_CONTEXT ( 3 ) GLOBAL_UNCERTAINTY_ASSIGNED_CONTEXT ( ( #1051 ) ) GLOBAL_UNIT_ASSIGNED_CONTEXT ( ( #2546, #592, #2600 ) ) REPRESENTATION_CONTEXT ( 'NONE', 'WORKASPACE' ) );
#638 = ORIENTED_EDGE ( 'NONE', *, *, #563, .F. ) ;
#639 = CYLINDRICAL_SURFACE ( 'NONE', #434, 9.927647058823987791 ) ;
#640 = EDGE_CURVE ( 'NONE', #1277, #1305, #1185, .T. ) ;
#641 = DIRECTION ( 'NONE',  ( -0.000000000000000000, -0.000000000000000000, -1.000000000000000000 ) ) ;
#642 = FACE_BOUND ( 'NONE', #2307, .T. ) ;
#643 = ORIENTED_EDGE ( 'NONE', *, *, #3390, .F. ) ;
#644 = EDGE_CURVE ( 'NONE', #3189, #2473, #1736, .T. ) ;
#645 = EDGE_CURVE ( 'NONE', #2852, #1738, #1757, .T. ) ;
#646 = CARTESIAN_POINT ( 'NONE',  ( -4.533909738618044472, 6.849999999999998757, 44.33469079750076958 ) ) ;
#647 = CARTESIAN_POINT ( 'NONE',  ( -6.750000000000002665, 9.449999999999999289, -14.49999999999998757 ) ) ;
#648 = FACE_OUTER_BOUND ( 'NONE', #354, .T. ) ;
#649 = CARTESIAN_POINT ( 'NONE',  ( -2.100000000000000977, 10.54999999999999893, -5.943007242019441527 ) ) ;
#650 = CIRCLE ( 'NONE', #2792, 9.927647058823987791 ) ;
#651 = CARTESIAN_POINT ( 'NONE',  ( 7.000000000000000888, -9.449999999999999289, 30.50000000000000711 ) ) ;
#652 = VERTEX_POINT ( 'NONE', #923 ) ;
#653 = EDGE_LOOP ( 'NONE', ( #301, #3164, #2336, #2873, #3113 ) ) ;
#654 = DIRECTION ( 'NONE',  ( -0.000000000000000000, -0.000000000000000000, -1.000000000000000000 ) ) ;
#655 =( NAMED_UNIT ( * ) SI_UNIT ( $, .STERADIAN. ) SOLID_ANGLE_UNIT ( ) );
#656 = AXIS2_PLACEMENT_3D ( 'NONE', #693, #1623, #1075 ) ;
#657 = COLOUR_RGB ( '',1.000000000000000000, 1.000000000000000000, 0.000000000000000000 ) ;
#658 = B_SPLINE_CURVE_WITH_KNOTS ( 'NONE', 3,
 ( #1799, #157, #3559, #2098, #2335, #942, #1477, #1782, #1256, #1527, #2674, #2655, #701, #1820, #382, #2633 ),
 .UNSPECIFIED., .F., .F.,
 ( 4, 2, 2, 2, 2, 2, 2, 4 ),
 ( 4.336808689942017736E-19, 0.001287268698707656669, 0.002574537397415312904, 0.003218171746769138419, 0.003861806096122963501, 0.004505440445476788583, 0.004827257620153702425, 0.005149074794830612797 ),
 .UNSPECIFIED. ) ;
#659 = CARTESIAN_POINT ( 'NONE',  ( -0.3223529411764873842, -0.8000000000000022649, -6.580070367378558771 ) ) ;
#660 = CARTESIAN_POINT ( 'NONE',  ( 6.749999999999997335, -9.449999999999999289, -18.99999999999999289 ) ) ;
#661 = SURFACE_SIDE_STYLE ('',( #2968 ) ) ;
#662 = DIRECTION ( 'NONE',  ( 0.000000000000000000, 1.000000000000000000, -0.000000000000000000 ) ) ;
#663 = VERTEX_POINT ( 'NONE', #2389 ) ;
#664 = DIRECTION ( 'NONE',  ( 1.000000000000000000, 0.000000000000000000, 0.000000000000000000 ) ) ;
#665 = AXIS2_PLACEMENT_3D ( 'NONE', #736, #654, #2998 ) ;
#666 =( NAMED_UNIT ( * ) PLANE_ANGLE_UNIT ( ) SI_UNIT ( $, .RADIAN. ) );
#667 = CARTESIAN_POINT ( 'NONE',  ( -2.828427124746617949, 3.499999999999999556, 46.70000000000000284 ) ) ;
#668 = CARTESIAN_POINT ( 'NONE',  ( 8.750000000000001776, -9.449999999999999289, 13.90000000000000568 ) ) ;
#669 = ORIENTED_EDGE ( 'NONE', *, *, #2023, .F. ) ;
#670 = CARTESIAN_POINT ( 'NONE',  ( 8.750000000000001776, -13.12695526217004449, 13.90000000000000568 ) ) ;
#671 = COLOUR_RGB ( '',1.000000000000000000, 1.000000000000000000, 0.000000000000000000 ) ;
#672 =( NAMED_UNIT ( * ) PLANE_ANGLE_UNIT ( ) SI_UNIT ( $, .RADIAN. ) );
#673 = VERTEX_POINT ( 'NONE', #1778 ) ;
#674 = FACE_OUTER_BOUND ( 'NONE', #2954, .T. ) ;
#675 = CARTESIAN_POINT ( 'NONE',  ( -3.000000000000001776, 3.999999999999999112, 46.33593477061232591 ) ) ;
#676 =( NAMED_UNIT ( * ) PLANE_ANGLE_UNIT ( ) SI_UNIT ( $, .RADIAN. ) );
#677 = COLOUR_RGB ( '',1.000000000000000000, 1.000000000000000000, 0.000000000000000000 ) ;
#678 = EDGE_CURVE ( 'NONE', #32, #974, #2976, .T. ) ;
#679 = CIRCLE ( 'NONE', #2328, 5.000000000000000000 ) ;
#680 = DIRECTION ( 'NONE',  ( 0.000000000000000000, -0.000000000000000000, -1.000000000000000000 ) ) ;
#681 = LINE ( 'NONE', #3235, #2384 ) ;
#682 = DIRECTION ( 'NONE',  ( -1.000000000000000000, 0.000000000000000000, 0.000000000000000000 ) ) ;
#683 = EDGE_CURVE ( 'NONE', #857, #603, #3454, .T. ) ;
#684 =( NAMED_UNIT ( * ) PLANE_ANGLE_UNIT ( ) SI_UNIT ( $, .RADIAN. ) );
#685 = VERTEX_POINT ( 'NONE', #2306 ) ;
#686 = ORIENTED_EDGE ( 'NONE', *, *, #1329, .F. ) ;
#687 = CIRCLE ( 'NONE', #2150, 5.000000000000000000 ) ;
#688 = FILL_AREA_STYLE ('',( #928 ) ) ;
#689 = DIRECTION ( 'NONE',  ( 1.000000000000000000, 0.000000000000000000, 0.000000000000000000 ) ) ;
#690 = DIRECTION ( 'NONE',  ( 0.000000000000000000, -1.000000000000000000, 0.000000000000000000 ) ) ;
#691 = VECTOR ( 'NONE', #2237, 1000.000000000000000 ) ;
#692 = DIRECTION ( 'NONE',  ( -0.000000000000000000, -1.000000000000000000, 0.000000000000000000 ) ) ;
#693 = CARTESIAN_POINT ( 'NONE',  ( -0.3223529411764873842, -0.8000000000000022649, 19.00000000000000711 ) ) ;
#694 = ORIENTED_EDGE ( 'NONE', *, *, #1049, .F. ) ;
#695 =( NAMED_UNIT ( * ) SI_UNIT ( $, .STERADIAN. ) SOLID_ANGLE_UNIT ( ) );
#696 = PLANE ( 'NONE',  #2590 ) ;
#697 = FILL_AREA_STYLE ('',( #2075 ) ) ;
#698 =( NAMED_UNIT ( * ) SI_UNIT ( $, .STERADIAN. ) SOLID_ANGLE_UNIT ( ) );
#699 = ORIENTED_EDGE ( 'NONE', *, *, #1402, .F. ) ;
#700 =( NAMED_UNIT ( * ) SI_UNIT ( $, .STERADIAN. ) SOLID_ANGLE_UNIT ( ) );
#701 = CARTESIAN_POINT ( 'NONE',  ( 6.581560562377085866, 6.849999999999998757, 42.92744109324385704 ) ) ;
#702 = VECTOR ( 'NONE', #1173, 1000.000000000000000 ) ;
#703 = VERTEX_POINT ( 'NONE', #1793 ) ;
#704 = SURFACE_STYLE_FILL_AREA ( #3262 ) ;
#705 = CARTESIAN_POINT ( 'NONE',  ( 6.649728078196297965, 6.849999999999998757, 38.90000000000000568 ) ) ;
#706 =( GEOMETRIC_REPRESENTATION_CONTEXT ( 3 ) GLOBAL_UNCERTAINTY_ASSIGNED_CONTEXT ( ( #459 ) ) GLOBAL_UNIT_ASSIGNED_CONTEXT ( ( #2437, #2360, #1515 ) ) REPRESENTATION_CONTEXT ( 'NONE', 'WORKASPACE' ) );
#707 = CARTESIAN_POINT ( 'NONE',  ( -10.25000000000047784, -8.460000000000006182, 38.90000000000000568 ) ) ;
#708 = PRESENTATION_LAYER_ASSIGNMENT (  '', '', ( #3216 ) ) ;
#709 = AXIS2_PLACEMENT_3D ( 'NONE', #1968, #3145, #2850 ) ;
#710 = ADVANCED_FACE ( 'NONE', ( #2912 ), #1814, .F. ) ;
#711 = PRESENTATION_LAYER_ASSIGNMENT (  '', '', ( #2178 ) ) ;
#712 = DIRECTION ( 'NONE',  ( 0.000000000000000000, 0.000000000000000000, -1.000000000000000000 ) ) ;
#713 = FACE_OUTER_BOUND ( 'NONE', #470, .T. ) ;
#714 = SURFACE_STYLE_FILL_AREA ( #2421 ) ;
#715 = DIRECTION ( 'NONE',  ( 0.000000000000000000, 1.000000000000000000, 0.000000000000000000 ) ) ;
#716 = STYLED_ITEM ( 'NONE', ( #2693 ), #3659 ) ;
#717 = SURFACE_STYLE_USAGE ( .BOTH. , #2669 ) ;
#718 = CIRCLE ( 'NONE', #1372, 9.927647058823987791 ) ;
#719 = AXIS2_PLACEMENT_3D ( 'NONE', #3606, #1871, #764 ) ;
#720 = VERTEX_POINT ( 'NONE', #3487 ) ;
#721 = MECHANICAL_DESIGN_GEOMETRIC_PRESENTATION_REPRESENTATION (  '', ( #716 ), #1130 ) ;
#722 = COLOUR_RGB ( '',0.7921568627450980005, 0.8196078431372548767, 0.9333333333333333481 ) ;
#723 = COLOUR_RGB ( '',1.000000000000000000, 1.000000000000000000, 1.000000000000000000 ) ;
#724 = ORIENTED_EDGE ( 'NONE', *, *, #409, .T. ) ;
#725 = COLOUR_RGB ( '',0.1019607843137254888, 0.1019607843137254888, 0.1019607843137254888 ) ;
#726 = SURFACE_SIDE_STYLE ('',( #1278 ) ) ;
#727 = ADVANCED_FACE ( 'NONE', ( #1236 ), #954, .F. ) ;
#728 = FILL_AREA_STYLE_COLOUR ( '', #1157 ) ;
#729 = CARTESIAN_POINT ( 'NONE',  ( 0.000000000000000000, 0.000000000000000000, 46.20000000000000284 ) ) ;
#730 = VERTEX_POINT ( 'NONE', #2757 ) ;
#731 = PRESENTATION_STYLE_ASSIGNMENT (( #3292 ) ) ;
#732 = EDGE_CURVE ( 'NONE', #3062, #2618, #1857, .T. ) ;
#733 = COLOUR_RGB ( '',1.000000000000000000, 1.000000000000000000, 0.000000000000000000 ) ;
#734 = DIRECTION ( 'NONE',  ( -0.000000000000000000, -0.000000000000000000, -1.000000000000000000 ) ) ;
#735 = PRESENTATION_STYLE_ASSIGNMENT (( #2997 ) ) ;
#736 = CARTESIAN_POINT ( 'NONE',  ( -0.3223529411764873842, -0.8000000000000022649, 42.50000000000000000 ) ) ;
#737 = ADVANCED_FACE ( 'NONE', ( #2467 ), #1267, .T. ) ;
#738 = FACE_OUTER_BOUND ( 'NONE', #2172, .T. ) ;
#739 = ORIENTED_EDGE ( 'NONE', *, *, #259, .T. ) ;
#740 = PRESENTATION_LAYER_ASSIGNMENT (  '', '', ( #449 ) ) ;
#741 = VERTEX_POINT ( 'NONE', #1303 ) ;
#742 = DIRECTION ( 'NONE',  ( 1.000000000000000000, 0.000000000000000000, 0.000000000000000000 ) ) ;
#743 = FILL_AREA_STYLE_COLOUR ( '', #671 ) ;
#744 = CARTESIAN_POINT ( 'NONE',  ( -8.750000000000001776, 9.449999999999999289, 13.90000000000000568 ) ) ;
#745 = FILL_AREA_STYLE_COLOUR ( '', #117 ) ;
#746 = VERTEX_POINT ( 'NONE', #1870 ) ;
#747 = ORIENTED_EDGE ( 'NONE', *, *, #2038, .T. ) ;
#748 = MECHANICAL_DESIGN_GEOMETRIC_PRESENTATION_REPRESENTATION (  '', ( #2032 ), #454 ) ;
#749 = CARTESIAN_POINT ( 'NONE',  ( 2.467663300281916549E-15, 9.950000000000001066, -3.849999999999992539 ) ) ;
#750 = AXIS2_PLACEMENT_3D ( 'NONE', #784, #3641, #1906 ) ;
#751 = ORIENTED_EDGE ( 'NONE', *, *, #897, .T. ) ;
#752 = EDGE_CURVE ( 'NONE', #652, #987, #3605, .T. ) ;
#753 = DIRECTION ( 'NONE',  ( 1.000000000000000000, 0.000000000000000000, 0.000000000000000000 ) ) ;
#754 = CARTESIAN_POINT ( 'NONE',  ( -6.649728078196305958, -8.450000000000002842, -6.580070367378558771 ) ) ;
#755 = VERTEX_POINT ( 'NONE', #1039 ) ;
#756 = LINE ( 'NONE', #2198, #1316 ) ;
#757 = CARTESIAN_POINT ( 'NONE',  ( 0.3223529411764958219, -0.8000000000000012657, 30.50000000000000711 ) ) ;
#758 = PRESENTATION_LAYER_ASSIGNMENT (  '', '', ( #3026 ) ) ;
#759 = PRESENTATION_LAYER_ASSIGNMENT (  '', '', ( #1752 ) ) ;
#760 = EDGE_CURVE ( 'NONE', #1551, #3260, #2165, .T. ) ;
#761 = FILL_AREA_STYLE_COLOUR ( '', #2646 ) ;
#762 = FACE_OUTER_BOUND ( 'NONE', #299, .T. ) ;
#763 = CARTESIAN_POINT ( 'NONE',  ( 2.130885430516394891E-15, 7.721572875253808199, -8.599999999999992539 ) ) ;
#764 = DIRECTION ( 'NONE',  ( 1.000000000000000000, 0.000000000000000000, 0.000000000000000000 ) ) ;
#765 = CARTESIAN_POINT ( 'NONE',  ( 6.649728078196296188, -8.450000000000002842, 42.50000000000000000 ) ) ;
#766 = EDGE_CURVE ( 'NONE', #2635, #2222, #3276, .T. ) ;
#767 = MECHANICAL_DESIGN_GEOMETRIC_PRESENTATION_REPRESENTATION (  '', ( #2805 ), #3291 ) ;
#768 = ORIENTED_EDGE ( 'NONE', *, *, #1637, .T. ) ;
#769 = AXIS2_PLACEMENT_3D ( 'NONE', #2622, #2051, #568 ) ;
#770 = CARTESIAN_POINT ( 'NONE',  ( -11.24999999999999822, -0.8000000000000022649, 19.00000000000000711 ) ) ;
#771 = FILL_AREA_STYLE_COLOUR ( '', #1131 ) ;
#772 = CYLINDRICAL_SURFACE ( 'NONE', #334, 1.300000000000000711 ) ;
#773 = EDGE_CURVE ( 'NONE', #1244, #2298, #817, .T. ) ;
#774 = CARTESIAN_POINT ( 'NONE',  ( -0.3223529411764873842, -0.8000000000000022649, 19.00000000000000711 ) ) ;
#775 = MECHANICAL_DESIGN_GEOMETRIC_PRESENTATION_REPRESENTATION (  '', ( #3351 ), #1367 ) ;
#776 = VERTEX_POINT ( 'NONE', #2186 ) ;
#777 = AXIS2_PLACEMENT_3D ( 'NONE', #2992, #388, #149 ) ;
#778 = MECHANICAL_DESIGN_GEOMETRIC_PRESENTATION_REPRESENTATION (  '', ( #3052 ), #3178 ) ;
#779 =( LENGTH_UNIT ( ) NAMED_UNIT ( * ) SI_UNIT ( .MILLI., .METRE. ) );
#780 = DIRECTION ( 'NONE',  ( 1.000000000000000000, -1.780129300205720058E-15, 0.000000000000000000 ) ) ;
#781 = AXIS2_PLACEMENT_3D ( 'NONE', #1502, #365, #975 ) ;
#782 = EDGE_CURVE ( 'NONE', #1564, #1841, #786, .T. ) ;
#783 = VERTEX_POINT ( 'NONE', #1557 ) ;
#784 = CARTESIAN_POINT ( 'NONE',  ( 0.000000000000000000, -1.250000000000000000, -21.49999999999999289 ) ) ;
#785 =( LENGTH_UNIT ( ) NAMED_UNIT ( * ) SI_UNIT ( .MILLI., .METRE. ) );
#786 = LINE ( 'NONE', #1838, #174 ) ;
#787 = AXIS2_PLACEMENT_3D ( 'NONE', #2148, #3313, #753 ) ;
#788 = DIRECTION ( 'NONE',  ( 1.000000000000000000, 0.000000000000000000, 0.000000000000000000 ) ) ;
#789 = EDGE_CURVE ( 'NONE', #1761, #2222, #2296, .T. ) ;
#790 =( NAMED_UNIT ( * ) SI_UNIT ( $, .STERADIAN. ) SOLID_ANGLE_UNIT ( ) );
#791 = DIRECTION ( 'NONE',  ( -0.000000000000000000, -1.000000000000000000, -0.000000000000000000 ) ) ;
#792 = EDGE_LOOP ( 'NONE', ( #2329, #2533, #3308, #3576 ) ) ;
#793 = FILL_AREA_STYLE_COLOUR ( '', #3355 ) ;
#794 =( LENGTH_UNIT ( ) NAMED_UNIT ( * ) SI_UNIT ( .MILLI., .METRE. ) );
#795 = SURFACE_SIDE_STYLE ('',( #3360 ) ) ;
#796 = DIRECTION ( 'NONE',  ( -1.000000000000000000, 0.000000000000000000, 0.000000000000000000 ) ) ;
#797 = STYLED_ITEM ( 'NONE', ( #3230 ), #2778 ) ;
#798 = ORIENTED_EDGE ( 'NONE', *, *, #51, .F. ) ;
#799 = LINE ( 'NONE', #1923, #1849 ) ;
#800 = CARTESIAN_POINT ( 'NONE',  ( -1.999999999999998668, 1.250000000000000000, -23.99999999999999289 ) ) ;
#801 = EDGE_LOOP ( 'NONE', ( #2745, #3193 ) ) ;
#802 = PRESENTATION_LAYER_ASSIGNMENT (  '', '', ( #216 ) ) ;
#803 = CARTESIAN_POINT ( 'NONE',  ( -1.999999999999998668, -1.250000000000000000, -23.99999999999999289 ) ) ;
#804 =( NAMED_UNIT ( * ) SI_UNIT ( $, .STERADIAN. ) SOLID_ANGLE_UNIT ( ) );
#805 = AXIS2_PLACEMENT_3D ( 'NONE', #2888, #3110, #555 ) ;
#806 = CARTESIAN_POINT ( 'NONE',  ( -0.3223529411764873842, -0.8000000000000022649, 19.00000000000000711 ) ) ;
#807 = CARTESIAN_POINT ( 'NONE',  ( 6.649728078196297965, 6.849999999999998757, 38.90000000000000568 ) ) ;
#808 = DIRECTION ( 'NONE',  ( 0.000000000000000000, -0.000000000000000000, -1.000000000000000000 ) ) ;
#809 = EDGE_LOOP ( 'NONE', ( #368, #1769, #1697, #146 ) ) ;
#810 = FILL_AREA_STYLE ('',( #2816 ) ) ;
#811 = EDGE_LOOP ( 'NONE', ( #1583, #669 ) ) ;
#812 = SURFACE_SIDE_STYLE ('',( #248 ) ) ;
#813 = ORIENTED_EDGE ( 'NONE', *, *, #2426, .T. ) ;
#814 =( NAMED_UNIT ( * ) PLANE_ANGLE_UNIT ( ) SI_UNIT ( $, .RADIAN. ) );
#815 = CARTESIAN_POINT ( 'NONE',  ( -1.000000000000000000, 0.000000000000000000, 49.52842712474620157 ) ) ;
#816 = ADVANCED_FACE ( 'NONE', ( #642, #932 ), #3212, .T. ) ;
#817 = CIRCLE ( 'NONE', #2171, 0.8000000000000000444 ) ;
#818 = CARTESIAN_POINT ( 'NONE',  ( -2.499999999999998668, -1.250000000000000000, -23.49999999999999289 ) ) ;
#819 = CARTESIAN_POINT ( 'NONE',  ( 2.467663300281916549E-15, 9.449999999999999289, -3.849999999999992539 ) ) ;
#820 = FILL_AREA_STYLE_COLOUR ( '', #1196 ) ;
#821 = UNCERTAINTY_MEASURE_WITH_UNIT (LENGTH_MEASURE( 1.000000000000000082E-05 ), #950, 'distance_accuracy_value', 'NONE');
#822 =( GEOMETRIC_REPRESENTATION_CONTEXT ( 3 ) GLOBAL_UNCERTAINTY_ASSIGNED_CONTEXT ( ( #2544 ) ) GLOBAL_UNIT_ASSIGNED_CONTEXT ( ( #1937, #3673, #422 ) ) REPRESENTATION_CONTEXT ( 'NONE', 'WORKASPACE' ) );
#823 = DIRECTION ( 'NONE',  ( 0.000000000000000000, -0.000000000000000000, 1.000000000000000000 ) ) ;
#824 =( GEOMETRIC_REPRESENTATION_CONTEXT ( 3 ) GLOBAL_UNCERTAINTY_ASSIGNED_CONTEXT ( ( #3368 ) ) GLOBAL_UNIT_ASSIGNED_CONTEXT ( ( #3492, #1208, #655 ) ) REPRESENTATION_CONTEXT ( 'NONE', 'WORKASPACE' ) );
#825 = ORIENTED_EDGE ( 'NONE', *, *, #3594, .T. ) ;
#826 = DIRECTION ( 'NONE',  ( 1.000000000000000000, 0.000000000000000000, 0.000000000000000000 ) ) ;
#827 = ORIENTED_EDGE ( 'NONE', *, *, #9, .F. ) ;
#828 =( LENGTH_UNIT ( ) NAMED_UNIT ( * ) SI_UNIT ( .MILLI., .METRE. ) );
#829 = UNCERTAINTY_MEASURE_WITH_UNIT (LENGTH_MEASURE( 1.000000000000000082E-05 ), #322, 'distance_accuracy_value', 'NONE');
#830 = CARTESIAN_POINT ( 'NONE',  ( 2.008420750601659349E-15, 9.950000000000001066, -7.599999999999992539 ) ) ;
#831 = PRESENTATION_LAYER_ASSIGNMENT (  '', '', ( #3402 ) ) ;
#832 = EDGE_CURVE ( 'NONE', #755, #3189, #1407, .T. ) ;
#833 = CARTESIAN_POINT ( 'NONE',  ( -0.3223529411764873842, -0.8000000000000022649, 30.50000000000000711 ) ) ;
#834 = DIRECTION ( 'NONE',  ( 0.000000000000000000, 0.000000000000000000, 1.000000000000000000 ) ) ;
#835 = VECTOR ( 'NONE', #2301, 1000.000000000000000 ) ;
#836 = SURFACE_STYLE_FILL_AREA ( #3682 ) ;
#837 = VECTOR ( 'NONE', #190, 1000.000000000000000 ) ;
#838 =( NAMED_UNIT ( * ) SI_UNIT ( $, .STERADIAN. ) SOLID_ANGLE_UNIT ( ) );
#839 = STYLED_ITEM ( 'NONE', ( #1590 ), #3553 ) ;
#840 =( NAMED_UNIT ( * ) SI_UNIT ( $, .STERADIAN. ) SOLID_ANGLE_UNIT ( ) );
#841 =( NAMED_UNIT ( * ) PLANE_ANGLE_UNIT ( ) SI_UNIT ( $, .RADIAN. ) );
#842 = ORIENTED_EDGE ( 'NONE', *, *, #1165, .T. ) ;
#843 = CARTESIAN_POINT ( 'NONE',  ( 8.750000000000001776, 9.449999999999999289, 15.20000000000000639 ) ) ;
#844 = VERTEX_POINT ( 'NONE', #3183 ) ;
#845 = MECHANICAL_DESIGN_GEOMETRIC_PRESENTATION_REPRESENTATION (  '', ( #1715 ), #1784 ) ;
#846 = LINE ( 'NONE', #1417, #3635 ) ;
#847 =( LENGTH_UNIT ( ) NAMED_UNIT ( * ) SI_UNIT ( .MILLI., .METRE. ) );
#848 = EDGE_LOOP ( 'NONE', ( #995, #1116, #3207, #984 ) ) ;
#849 = SURFACE_SIDE_STYLE ('',( #340 ) ) ;
#850 = DIRECTION ( 'NONE',  ( -0.000000000000000000, 1.000000000000000000, -0.000000000000000000 ) ) ;
#851 = SURFACE_STYLE_USAGE ( .BOTH. , #3440 ) ;
#852 = STYLED_ITEM ( 'NONE', ( #3176 ), #2999 ) ;
#853 = CARTESIAN_POINT ( 'NONE',  ( -3.000000000000001332, 3.999999999999999112, 44.50000000000000711 ) ) ;
#854 = FILL_AREA_STYLE ('',( #3426 ) ) ;
#855 = AXIS2_PLACEMENT_3D ( 'NONE', #1201, #1734, #1218 ) ;
#856 = FACE_OUTER_BOUND ( 'NONE', #2719, .T. ) ;
#857 = VERTEX_POINT ( 'NONE', #550 ) ;
#858 = DIRECTION ( 'NONE',  ( 0.000000000000000000, 0.000000000000000000, -1.000000000000000000 ) ) ;
#859 = PRESENTATION_LAYER_ASSIGNMENT (  '', '', ( #1225 ) ) ;
#860 = ORIENTED_EDGE ( 'NONE', *, *, #521, .T. ) ;
#861 =( LENGTH_UNIT ( ) NAMED_UNIT ( * ) SI_UNIT ( .MILLI., .METRE. ) );
#862 = UNCERTAINTY_MEASURE_WITH_UNIT (LENGTH_MEASURE( 1.000000000000000082E-05 ), #1331, 'distance_accuracy_value', 'NONE');
#863 = DIRECTION ( 'NONE',  ( 0.000000000000000000, 1.000000000000000000, 0.000000000000000000 ) ) ;
#864 = VERTEX_POINT ( 'NONE', #2593 ) ;
#865 = PRODUCT_DEFINITION_SHAPE ( 'NONE', 'NONE',  #2123 ) ;
#866 = CARTESIAN_POINT ( 'NONE',  ( -10.25000000000047606, -0.8000000000000022649, 46.70000000000000284 ) ) ;
#867 = ORIENTED_EDGE ( 'NONE', *, *, #239, .F. ) ;
#868 = PRESENTATION_LAYER_ASSIGNMENT (  '', '', ( #524 ) ) ;
#869 = CARTESIAN_POINT ( 'NONE',  ( -6.249444879785505336, 6.850000000000000533, 43.48534754180830930 ) ) ;
#870 = CARTESIAN_POINT ( 'NONE',  ( -1.250000000000000000, 1.530808498934191571E-16, 44.50000000000000711 ) ) ;
#871 = VECTOR ( 'NONE', #1160, 1000.000000000000000 ) ;
#872 = MECHANICAL_DESIGN_GEOMETRIC_PRESENTATION_REPRESENTATION (  '', ( #3088 ), #2973 ) ;
#873 = CARTESIAN_POINT ( 'NONE',  ( 0.000000000000000000, 0.000000000000000000, 46.50000000000000711 ) ) ;
#874 = LINE ( 'NONE', #2273, #2347 ) ;
#875 = MECHANICAL_DESIGN_GEOMETRIC_PRESENTATION_REPRESENTATION (  '', ( #3621 ), #706 ) ;
#876 = CARTESIAN_POINT ( 'NONE',  ( -6.542318820335177421, -8.450000000000004619, 43.02753831472871582 ) ) ;
#877 = AXIS2_PLACEMENT_3D ( 'NONE', #3394, #1125, #826 ) ;
#878 = AXIS2_PLACEMENT_3D ( 'NONE', #1614, #3109, #1586 ) ;
#879 = ORIENTED_EDGE ( 'NONE', *, *, #26, .T. ) ;
#880 = ORIENTED_EDGE ( 'NONE', *, *, #3441, .F. ) ;
#881 = SURFACE_STYLE_USAGE ( .BOTH. , #54 ) ;
#882 = FILL_AREA_STYLE ('',( #1702 ) ) ;
#883 =( NAMED_UNIT ( * ) PLANE_ANGLE_UNIT ( ) SI_UNIT ( $, .RADIAN. ) );
#884 = EDGE_CURVE ( 'NONE', #155, #1571, #1238, .T. ) ;
#885 = FILL_AREA_STYLE_COLOUR ( '', #350 ) ;
#886 = PRESENTATION_STYLE_ASSIGNMENT (( #321 ) ) ;
#887 = FACE_OUTER_BOUND ( 'NONE', #792, .T. ) ;
#888 = EDGE_CURVE ( 'NONE', #3343, #2630, #1659, .T. ) ;
#889 = FILL_AREA_STYLE ('',( #3085 ) ) ;
#890 = ORIENTED_EDGE ( 'NONE', *, *, #2623, .T. ) ;
#891 = COLOUR_RGB ( '',1.000000000000000000, 1.000000000000000000, 0.000000000000000000 ) ;
#892 = VERTEX_POINT ( 'NONE', #3105 ) ;
#893 = AXIS2_PLACEMENT_3D ( 'NONE', #445, #1559, #2077 ) ;
#894 = AXIS2_PLACEMENT_3D ( 'NONE', #2512, #3610, #2190 ) ;
#895 = LINE ( 'NONE', #567, #3001 ) ;
#896 =( GEOMETRIC_REPRESENTATION_CONTEXT ( 3 ) GLOBAL_UNCERTAINTY_ASSIGNED_CONTEXT ( ( #3080 ) ) GLOBAL_UNIT_ASSIGNED_CONTEXT ( ( #1215, #1195, #2031 ) ) REPRESENTATION_CONTEXT ( 'NONE', 'WORKASPACE' ) );
#897 = EDGE_CURVE ( 'NONE', #1985, #134, #2796, .T. ) ;
#898 = PRESENTATION_STYLE_ASSIGNMENT (( #1713 ) ) ;
#899 = STYLED_ITEM ( 'NONE', ( #154 ), #234 ) ;
#900 = AXIS2_PLACEMENT_3D ( 'NONE', #2557, #3421, #3160 ) ;
#901 = LINE ( 'NONE', #608, #871 ) ;
#902 =( NAMED_UNIT ( * ) PLANE_ANGLE_UNIT ( ) SI_UNIT ( $, .RADIAN. ) );
#903 = FILL_AREA_STYLE_COLOUR ( '', #1891 ) ;
#904 = TOROIDAL_SURFACE ( 'NONE', #84, 7.927647058823976245, 2.000000000000000000 ) ;
#905 = DIRECTION ( 'NONE',  ( 1.000000000000000000, 0.000000000000000000, 0.000000000000000000 ) ) ;
#906 = CARTESIAN_POINT ( 'NONE',  ( -6.649728078196305070, -8.450000000000004619, 19.00000000000000711 ) ) ;
#907 = EDGE_LOOP ( 'NONE', ( #2308, #118, #3304, #3201 ) ) ;
#908 = EDGE_CURVE ( 'NONE', #1222, #3347, #1875, .T. ) ;
#909 = VERTEX_POINT ( 'NONE', #1929 ) ;
#910 = CIRCLE ( 'NONE', #787, 10.92764705882351883 ) ;
#911 = SURFACE_STYLE_USAGE ( .BOTH. , #39 ) ;
#912 = SURFACE_STYLE_FILL_AREA ( #178 ) ;
#913 = CARTESIAN_POINT ( 'NONE',  ( -6.649728078196305070, -8.450000000000004619, 44.50000000000000711 ) ) ;
#914 = ORIENTED_EDGE ( 'NONE', *, *, #2604, .T. ) ;
#915 = SURFACE_STYLE_FILL_AREA ( #2314 ) ;
#916 = DIRECTION ( 'NONE',  ( 1.000000000000000000, 3.913070103568821410E-16, 0.000000000000000000 ) ) ;
#917 =( NAMED_UNIT ( * ) PLANE_ANGLE_UNIT ( ) SI_UNIT ( $, .RADIAN. ) );
#918 = DIRECTION ( 'NONE',  ( -0.000000000000000000, -1.000000000000000000, 0.000000000000000000 ) ) ;
#919 = SURFACE_STYLE_USAGE ( .BOTH. , #2580 ) ;
#920 = CIRCLE ( 'NONE', #330, 9.927647058823987791 ) ;
#921 = MECHANICAL_DESIGN_GEOMETRIC_PRESENTATION_REPRESENTATION (  '', ( #2661 ), #3369 ) ;
#922 = CARTESIAN_POINT ( 'NONE',  ( -5.746714777791423145, -8.450000000000004619, 43.88629107241912664 ) ) ;
#923 = CARTESIAN_POINT ( 'NONE',  ( -7.000000000000000888, -9.450000000000001066, 30.50000000000000711 ) ) ;
#924 = ORIENTED_EDGE ( 'NONE', *, *, #645, .F. ) ;
#925 = PRESENTATION_LAYER_ASSIGNMENT (  '', '', ( #976 ) ) ;
#926 = ORIENTED_EDGE ( 'NONE', *, *, #3432, .T. ) ;
#927 = DIRECTION ( 'NONE',  ( -0.000000000000000000, -0.000000000000000000, -1.000000000000000000 ) ) ;
#928 = FILL_AREA_STYLE_COLOUR ( '', #997 ) ;
#929 = DIRECTION ( 'NONE',  ( -1.000000000000000000, 0.000000000000000000, 0.000000000000000000 ) ) ;
#930 = CARTESIAN_POINT ( 'NONE',  ( 6.649728078196297965, 6.849999999999998757, 44.50000000000000711 ) ) ;
#931 = CARTESIAN_POINT ( 'NONE',  ( 0.000000000000000000, 1.250000000000000000, -21.49999999999999289 ) ) ;
#932 = FACE_OUTER_BOUND ( 'NONE', #101, .T. ) ;
#933 = VERTEX_POINT ( 'NONE', #2793 ) ;
#934 = ORIENTED_EDGE ( 'NONE', *, *, #457, .F. ) ;
#935 = DIRECTION ( 'NONE',  ( 0.000000000000000000, 0.000000000000000000, -1.000000000000000000 ) ) ;
#936 = PRESENTATION_STYLE_ASSIGNMENT (( #3273 ) ) ;
#937 = AXIS2_PLACEMENT_3D ( 'NONE', #1680, #1465, #1732 ) ;
#938 = CARTESIAN_POINT ( 'NONE',  ( -6.649728078196305070, -8.450000000000004619, 42.50000000000000000 ) ) ;
#939 = VECTOR ( 'NONE', #3622, 1000.000000000000000 ) ;
#940 = ORIENTED_EDGE ( 'NONE', *, *, #1546, .T. ) ;
#941 = PRESENTATION_STYLE_ASSIGNMENT (( #2915 ) ) ;
#942 = CARTESIAN_POINT ( 'NONE',  ( 5.160512151514367929, 6.849999999999996980, 44.16008758269946810 ) ) ;
#943 = UNCERTAINTY_MEASURE_WITH_UNIT (LENGTH_MEASURE( 1.000000000000000082E-05 ), #828, 'distance_accuracy_value', 'NONE');
#944 = ADVANCED_FACE ( 'NONE', ( #1460 ), #1444, .F. ) ;
#945 = SURFACE_STYLE_USAGE ( .BOTH. , #120 ) ;
#946 =( LENGTH_UNIT ( ) NAMED_UNIT ( * ) SI_UNIT ( .MILLI., .METRE. ) );
#947 = EDGE_CURVE ( 'NONE', #2630, #426, #1944, .T. ) ;
#948 = SURFACE_STYLE_USAGE ( .BOTH. , #3498 ) ;
#949 = FACE_OUTER_BOUND ( 'NONE', #2700, .T. ) ;
#950 =( LENGTH_UNIT ( ) NAMED_UNIT ( * ) SI_UNIT ( .MILLI., .METRE. ) );
#951 = PRESENTATION_LAYER_ASSIGNMENT (  '', '', ( #2125 ) ) ;
#952 = CARTESIAN_POINT ( 'NONE',  ( -1.999999999999998668, 1.250000000000000000, -23.49999999999999289 ) ) ;
#953 = DIRECTION ( 'NONE',  ( -1.000000000000000000, -0.000000000000000000, 0.000000000000000000 ) ) ;
#954 = PLANE ( 'NONE',  #2555 ) ;
#955 = SURFACE_STYLE_FILL_AREA ( #3555 ) ;
#956 = ORIENTED_EDGE ( 'NONE', *, *, #514, .T. ) ;
#957 = ORIENTED_EDGE ( 'NONE', *, *, #640, .F. ) ;
#958 = AXIS2_PLACEMENT_3D ( 'NONE', #2376, #3572, #465 ) ;
#959 = PRESENTATION_STYLE_ASSIGNMENT (( #1224 ) ) ;
#960 = PRESENTATION_LAYER_ASSIGNMENT (  '', '', ( #1959 ) ) ;
#961 = CARTESIAN_POINT ( 'NONE',  ( 11.24999999999999645, 9.449999999999999289, -14.49999999999999112 ) ) ;
#962 = DIRECTION ( 'NONE',  ( 1.000000000000000000, 0.000000000000000000, 0.000000000000000000 ) ) ;
#963 = CARTESIAN_POINT ( 'NONE',  ( 6.649728078196296188, -8.450000000000002842, 46.70000000000000284 ) ) ;
#964 =( NAMED_UNIT ( * ) SI_UNIT ( $, .STERADIAN. ) SOLID_ANGLE_UNIT ( ) );
#965 = MECHANICAL_DESIGN_GEOMETRIC_PRESENTATION_REPRESENTATION (  '', ( #24 ), #1319 ) ;
#966 = EDGE_LOOP ( 'NONE', ( #311, #2196, #1504, #1091, #813 ) ) ;
#967 = CARTESIAN_POINT ( 'NONE',  ( 2.008420750601659349E-15, 9.950000000000001066, -11.34999999999999254 ) ) ;
#968 = FILL_AREA_STYLE ('',( #1248 ) ) ;
#969 = SURFACE_STYLE_FILL_AREA ( #2040 ) ;
#970 = ORIENTED_EDGE ( 'NONE', *, *, #1646, .F. ) ;
#971 = MECHANICAL_DESIGN_GEOMETRIC_PRESENTATION_REPRESENTATION (  '', ( #566 ), #3248 ) ;
#972 = PLANE ( 'NONE',  #124 ) ;
#973 = ADVANCED_FACE ( 'NONE', ( #3575 ), #1182, .T. ) ;
#974 = VERTEX_POINT ( 'NONE', #1850 ) ;
#975 = DIRECTION ( 'NONE',  ( 1.000000000000000000, 0.000000000000000000, 0.000000000000000000 ) ) ;
#976 = STYLED_ITEM ( 'NONE', ( #3219 ), #3153 ) ;
#977 = FILL_AREA_STYLE ('',( #3545 ) ) ;
#978 = ORIENTED_EDGE ( 'NONE', *, *, #1546, .F. ) ;
#979 = CYLINDRICAL_SURFACE ( 'NONE', #2142, 4.499999999999999112 ) ;
#980 = DIRECTION ( 'NONE',  ( 1.000000000000000000, 0.000000000000000000, 0.000000000000000000 ) ) ;
#981 = CARTESIAN_POINT ( 'NONE',  ( 0.000000000000000000, 0.000000000000000000, 44.50000000000000711 ) ) ;
#982 = CARTESIAN_POINT ( 'NONE',  ( 2.873070608785966318, 3.626312800412054393, 46.70000000000000284 ) ) ;
#983 =( NAMED_UNIT ( * ) PLANE_ANGLE_UNIT ( ) SI_UNIT ( $, .RADIAN. ) );
#984 = ORIENTED_EDGE ( 'NONE', *, *, #2885, .F. ) ;
#985 = LINE ( 'NONE', #360, #1629 ) ;
#986 = ORIENTED_EDGE ( 'NONE', *, *, #2082, .T. ) ;
#987 = VERTEX_POINT ( 'NONE', #1532 ) ;
#988 = ADVANCED_FACE ( 'NONE', ( #3267 ), #2103, .T. ) ;
#989 = PRESENTATION_STYLE_ASSIGNMENT (( #3561 ) ) ;
#990 = LINE ( 'NONE', #3059, #1007 ) ;
#991 =( GEOMETRIC_REPRESENTATION_CONTEXT ( 3 ) GLOBAL_UNCERTAINTY_ASSIGNED_CONTEXT ( ( #1085 ) ) GLOBAL_UNIT_ASSIGNED_CONTEXT ( ( #435, #3307, #1550 ) ) REPRESENTATION_CONTEXT ( 'NONE', 'WORKASPACE' ) );
#992 = FACE_OUTER_BOUND ( 'NONE', #907, .T. ) ;
#993 =( NAMED_UNIT ( * ) SI_UNIT ( $, .STERADIAN. ) SOLID_ANGLE_UNIT ( ) );
#994 = VECTOR ( 'NONE', #1986, 1000.000000000000000 ) ;
#995 = ORIENTED_EDGE ( 'NONE', *, *, #88, .F. ) ;
#996 = ADVANCED_FACE ( 'NONE', ( #3008 ), #2379, .T. ) ;
#997 = COLOUR_RGB ( '',1.000000000000000000, 1.000000000000000000, 0.000000000000000000 ) ;
#998 = CARTESIAN_POINT ( 'NONE',  ( 7.000000000000000888, 7.849999999999997868, 30.50000000000000711 ) ) ;
#999 = SURFACE_SIDE_STYLE ('',( #2662 ) ) ;
#1000 = EDGE_CURVE ( 'NONE', #3471, #987, #2248, .T. ) ;
#1001 = DIRECTION ( 'NONE',  ( 0.000000000000000000, 0.000000000000000000, 1.000000000000000000 ) ) ;
#1002 = DIRECTION ( 'NONE',  ( 1.000000000000000000, 0.000000000000000000, 0.000000000000000000 ) ) ;
#1003 = ADVANCED_FACE ( 'NONE', ( #1330 ), #3657, .T. ) ;
#1004 = FACE_OUTER_BOUND ( 'NONE', #619, .T. ) ;
#1005 =( NAMED_UNIT ( * ) SI_UNIT ( $, .STERADIAN. ) SOLID_ANGLE_UNIT ( ) );
#1006 = COLOUR_RGB ( '',0.7921568627450980005, 0.8196078431372548767, 0.9333333333333333481 ) ;
#1007 = VECTOR ( 'NONE', #3078, 1000.000000000000000 ) ;
#1008 = PLANE ( 'NONE',  #1881 ) ;
#1009 = AXIS2_PLACEMENT_3D ( 'NONE', #3387, #2756, #2163 ) ;
#1010 = UNCERTAINTY_MEASURE_WITH_UNIT (LENGTH_MEASURE( 1.000000000000000082E-05 ), #2709, 'distance_accuracy_value', 'NONE');
#1011 = EDGE_CURVE ( 'NONE', #3430, #2238, #2427, .T. ) ;
#1012 = AXIS2_PLACEMENT_3D ( 'NONE', #2924, #372, #96 ) ;
#1013 = VERTEX_POINT ( 'NONE', #1880 ) ;
#1014 = COLOUR_RGB ( '',0.1019607843137254888, 0.1019607843137254888, 0.1019607843137254888 ) ;
#1015 = CARTESIAN_POINT ( 'NONE',  ( 5.000000000000000000, 0.000000000000000000, 44.50000000000000711 ) ) ;
#1016 = DIRECTION ( 'NONE',  ( 0.000000000000000000, 0.000000000000000000, 1.000000000000000000 ) ) ;
#1017 = CIRCLE ( 'NONE', #2517, 9.927647058823977133 ) ;
#1018 = DIRECTION ( 'NONE',  ( 1.000000000000000000, -6.521783505948035684E-17, 0.000000000000000000 ) ) ;
#1019 = ADVANCED_FACE ( 'NONE', ( #3679 ), #3595, .F. ) ;
#1020 = CARTESIAN_POINT ( 'NONE',  ( 7.000000000000000888, 7.849999999999997868, 19.00000000000000711 ) ) ;
#1021 =( GEOMETRIC_REPRESENTATION_CONTEXT ( 3 ) GLOBAL_UNCERTAINTY_ASSIGNED_CONTEXT ( ( #2824 ) ) GLOBAL_UNIT_ASSIGNED_CONTEXT ( ( #2774, #3619, #2503 ) ) REPRESENTATION_CONTEXT ( 'NONE', 'WORKASPACE' ) );
#1022 = ORIENTED_EDGE ( 'NONE', *, *, #1497, .T. ) ;
#1023 = CARTESIAN_POINT ( 'NONE',  ( -6.750000000000006217, 9.449999999999999289, -18.99999999999998579 ) ) ;
#1024 = CARTESIAN_POINT ( 'NONE',  ( -2.100000000000000977, 19.54999999999999716, -9.256992757980540887 ) ) ;
#1025 = SURFACE_STYLE_FILL_AREA ( #1359 ) ;
#1026 = CIRCLE ( 'NONE', #1604, 7.927647058823976245 ) ;
#1027 = ORIENTED_EDGE ( 'NONE', *, *, #3400, .T. ) ;
#1028 = SURFACE_STYLE_USAGE ( .BOTH. , #267 ) ;
#1029 =( LENGTH_UNIT ( ) NAMED_UNIT ( * ) SI_UNIT ( .MILLI., .METRE. ) );
#1030 =( LENGTH_UNIT ( ) NAMED_UNIT ( * ) SI_UNIT ( .MILLI., .METRE. ) );
#1031 = ORIENTED_EDGE ( 'NONE', *, *, #93, .T. ) ;
#1032 = STYLED_ITEM ( 'NONE', ( #2404 ), #3161 ) ;
#1033 = CARTESIAN_POINT ( 'NONE',  ( -1.000000000000000000, 0.000000000000000000, 46.50000000000000711 ) ) ;
#1034 = DIRECTION ( 'NONE',  ( 0.000000000000000000, 0.000000000000000000, 1.000000000000000000 ) ) ;
#1035 = CARTESIAN_POINT ( 'NONE',  ( 0.000000000000000000, 1.250000000000000000, -23.99999999999999289 ) ) ;
#1036 = ADVANCED_FACE ( 'NONE', ( #484 ), #1810, .T. ) ;
#1037 = SURFACE_SIDE_STYLE ('',( #194 ) ) ;
#1038 = ADVANCED_FACE ( 'NONE', ( #2246, #1958 ), #3139, .T. ) ;
#1039 = CARTESIAN_POINT ( 'NONE',  ( -10.25000000000047606, -0.8000000000000022649, 19.00000000000000711 ) ) ;
#1040 = UNCERTAINTY_MEASURE_WITH_UNIT (LENGTH_MEASURE( 1.000000000000000082E-05 ), #1221, 'distance_accuracy_value', 'NONE');
#1041 = CARTESIAN_POINT ( 'NONE',  ( 11.25000000000000355, -9.449999999999999289, 19.00000000000000711 ) ) ;
#1042 = EDGE_CURVE ( 'NONE', #1939, #1269, #587, .T. ) ;
#1043 = AXIS2_PLACEMENT_3D ( 'NONE', #200, #534, #2545 ) ;
#1044 = VERTEX_POINT ( 'NONE', #3155 ) ;
#1045 = ORIENTED_EDGE ( 'NONE', *, *, #1801, .T. ) ;
#1046 = SURFACE_STYLE_FILL_AREA ( #2821 ) ;
#1047 = DIRECTION ( 'NONE',  ( 1.000000000000000000, 0.000000000000000000, 0.000000000000000000 ) ) ;
#1048 = AXIS2_PLACEMENT_3D ( 'NONE', #1286, #1835, #1001 ) ;
#1049 = EDGE_CURVE ( 'NONE', #1297, #394, #617, .T. ) ;
#1050 = FACE_BOUND ( 'NONE', #2652, .T. ) ;
#1051 = UNCERTAINTY_MEASURE_WITH_UNIT (LENGTH_MEASURE( 1.000000000000000082E-05 ), #2546, 'distance_accuracy_value', 'NONE');
#1052 = SURFACE_SIDE_STYLE ('',( #2539 ) ) ;
#1053 = MECHANICAL_DESIGN_GEOMETRIC_PRESENTATION_REPRESENTATION (  '', ( #2859 ), #471 ) ;
#1054 = AXIS2_PLACEMENT_3D ( 'NONE', #44, #662, #2639 ) ;
#1055 = SURFACE_SIDE_STYLE ('',( #1595 ) ) ;
#1056 = SURFACE_STYLE_USAGE ( .BOTH. , #2752 ) ;
#1057 = AXIS2_PLACEMENT_3D ( 'NONE', #668, #1204, #2668 ) ;
#1058 = VECTOR ( 'NONE', #562, 1000.000000000000000 ) ;
#1059 = EDGE_CURVE ( 'NONE', #2019, #2914, #2610, .T. ) ;
#1060 = CIRCLE ( 'NONE', #3163, 1.300000000000000711 ) ;
#1061 = DIRECTION ( 'NONE',  ( -0.000000000000000000, -1.000000000000000000, -0.000000000000000000 ) ) ;
#1062 = CARTESIAN_POINT ( 'NONE',  ( 6.249444879785490237, -8.450000000000001066, 43.48534754180830220 ) ) ;
#1063 = DIRECTION ( 'NONE',  ( 1.000000000000000000, 0.000000000000000000, 0.000000000000000000 ) ) ;
#1064 = DIRECTION ( 'NONE',  ( 0.000000000000000000, 1.000000000000000000, 0.000000000000000000 ) ) ;
#1065 = EDGE_LOOP ( 'NONE', ( #1069, #376, #2735, #2411 ) ) ;
#1066 =( NAMED_UNIT ( * ) SI_UNIT ( $, .STERADIAN. ) SOLID_ANGLE_UNIT ( ) );
#1067 = FILL_AREA_STYLE ('',( #2729 ) ) ;
#1068 = STYLED_ITEM ( 'NONE', ( #3318 ), #293 ) ;
#1069 = ORIENTED_EDGE ( 'NONE', *, *, #2141, .T. ) ;
#1070 = EDGE_LOOP ( 'NONE', ( #2086, #1547, #3570, #437 ) ) ;
#1071 = VECTOR ( 'NONE', #2419, 1000.000000000000000 ) ;
#1072 = FILL_AREA_STYLE ('',( #2494 ) ) ;
#1073 = FILL_AREA_STYLE ('',( #743 ) ) ;
#1074 = DIRECTION ( 'NONE',  ( 1.000000000000000000, 0.000000000000000000, 0.000000000000000000 ) ) ;
#1075 = DIRECTION ( 'NONE',  ( 1.000000000000000000, 0.000000000000000000, 0.000000000000000000 ) ) ;
#1076 = ORIENTED_EDGE ( 'NONE', *, *, #138, .F. ) ;
#1077 = AXIS2_PLACEMENT_3D ( 'NONE', #1328, #3344, #538 ) ;
#1078 = DIRECTION ( 'NONE',  ( -0.000000000000000000, -0.000000000000000000, -1.000000000000000000 ) ) ;
#1079 = DIRECTION ( 'NONE',  ( -0.000000000000000000, -0.000000000000000000, -1.000000000000000000 ) ) ;
#1080 = AXIS2_PLACEMENT_3D ( 'NONE', #3044, #1078, #1370 ) ;
#1081 = ORIENTED_EDGE ( 'NONE', *, *, #1292, .T. ) ;
#1082 =( LENGTH_UNIT ( ) NAMED_UNIT ( * ) SI_UNIT ( .MILLI., .METRE. ) );
#1083 = LINE ( 'NONE', #3386, #2195 ) ;
#1084 = SURFACE_SIDE_STYLE ('',( #3643 ) ) ;
#1085 = UNCERTAINTY_MEASURE_WITH_UNIT (LENGTH_MEASURE( 1.000000000000000082E-05 ), #435, 'distance_accuracy_value', 'NONE');
#1086 = AXIS2_PLACEMENT_3D ( 'NONE', #3365, #1885, #1396 ) ;
#1087 = SURFACE_SIDE_STYLE ('',( #2509 ) ) ;
#1088 = ORIENTED_EDGE ( 'NONE', *, *, #1159, .F. ) ;
#1089 = DIRECTION ( 'NONE',  ( -0.000000000000000000, -0.000000000000000000, -1.000000000000000000 ) ) ;
#1090 = PRODUCT_DEFINITION_CONTEXT ( 'detailed design', #2502, 'design' ) ;
#1091 = ORIENTED_EDGE ( 'NONE', *, *, #2375, .T. ) ;
#1092 = SURFACE_SIDE_STYLE ('',( #3653 ) ) ;
#1093 = DIRECTION ( 'NONE',  ( 1.000000000000000000, 0.000000000000000000, 0.000000000000000000 ) ) ;
#1094 = UNCERTAINTY_MEASURE_WITH_UNIT (LENGTH_MEASURE( 1.000000000000000082E-05 ), #1422, 'distance_accuracy_value', 'NONE');
#1095 = DIRECTION ( 'NONE',  ( 0.000000000000000000, 0.000000000000000000, 1.000000000000000000 ) ) ;
#1096 = CIRCLE ( 'NONE', #2894, 9.927647058823987791 ) ;
#1097 = ORIENTED_EDGE ( 'NONE', *, *, #766, .T. ) ;
#1098 = DIRECTION ( 'NONE',  ( 0.000000000000000000, 0.000000000000000000, 1.000000000000000000 ) ) ;
#1099 = CARTESIAN_POINT ( 'NONE',  ( 0.000000000000000000, 0.000000000000000000, 44.50000000000000711 ) ) ;
#1100 = MECHANICAL_DESIGN_GEOMETRIC_PRESENTATION_REPRESENTATION (  '', ( #852 ), #3199 ) ;
#1101 = FACE_OUTER_BOUND ( 'NONE', #490, .T. ) ;
#1102 = DIRECTION ( 'NONE',  ( -1.000000000000000000, 0.000000000000000000, 0.000000000000000000 ) ) ;
#1103 = SURFACE_STYLE_FILL_AREA ( #3070 ) ;
#1104 = LINE ( 'NONE', #807, #2106 ) ;
#1105 = CARTESIAN_POINT ( 'NONE',  ( 0.000000000000000000, -9.449999999999999289, 0.000000000000000000 ) ) ;
#1106 = VERTEX_POINT ( 'NONE', #318 ) ;
#1107 = EDGE_CURVE ( 'NONE', #864, #1560, #1685, .T. ) ;
#1108 = ORIENTED_EDGE ( 'NONE', *, *, #3541, .F. ) ;
#1109 = DIRECTION ( 'NONE',  ( 1.826024711554533913E-16, 0.000000000000000000, 1.000000000000000000 ) ) ;
#1110 = FILL_AREA_STYLE_COLOUR ( '', #41 ) ;
#1111 =( NAMED_UNIT ( * ) SI_UNIT ( $, .STERADIAN. ) SOLID_ANGLE_UNIT ( ) );
#1112 = ORIENTED_EDGE ( 'NONE', *, *, #644, .F. ) ;
#1113 = EDGE_CURVE ( 'NONE', #3618, #2319, #3476, .T. ) ;
#1114 = COLOUR_RGB ( '',1.000000000000000000, 1.000000000000000000, 0.000000000000000000 ) ;
#1115 = SURFACE_SIDE_STYLE ('',( #323 ) ) ;
#1116 = ORIENTED_EDGE ( 'NONE', *, *, #1429, .F. ) ;
#1117 = EDGE_CURVE ( 'NONE', #3096, #755, #650, .T. ) ;
#1118 = FACE_OUTER_BOUND ( 'NONE', #1484, .T. ) ;
#1119 = SURFACE_STYLE_USAGE ( .BOTH. , #3050 ) ;
#1120 = UNCERTAINTY_MEASURE_WITH_UNIT (LENGTH_MEASURE( 1.000000000000000082E-05 ), #469, 'distance_accuracy_value', 'NONE');
#1121 = MECHANICAL_DESIGN_GEOMETRIC_PRESENTATION_REPRESENTATION (  '', ( #1573 ), #1525 ) ;
#1122 = CARTESIAN_POINT ( 'NONE',  ( 2.008420750601659349E-15, 10.54999999999999893, -7.599999999999992539 ) ) ;
#1123 =( LENGTH_UNIT ( ) NAMED_UNIT ( * ) SI_UNIT ( .MILLI., .METRE. ) );
#1124 = EDGE_LOOP ( 'NONE', ( #1469, #123, #2905, #1492 ) ) ;
#1125 = DIRECTION ( 'NONE',  ( 0.000000000000000000, 0.000000000000000000, 1.000000000000000000 ) ) ;
#1126 = CARTESIAN_POINT ( 'NONE',  ( -6.649728078196305070, -8.450000000000004619, 46.70000000000000284 ) ) ;
#1127 = FILL_AREA_STYLE ('',( #2897 ) ) ;
#1128 = SURFACE_STYLE_USAGE ( .BOTH. , #3418 ) ;
#1129 = ORIENTED_EDGE ( 'NONE', *, *, #2315, .T. ) ;
#1130 =( GEOMETRIC_REPRESENTATION_CONTEXT ( 3 ) GLOBAL_UNCERTAINTY_ASSIGNED_CONTEXT ( ( #1010 ) ) GLOBAL_UNIT_ASSIGNED_CONTEXT ( ( #2709, #2061, #3557 ) ) REPRESENTATION_CONTEXT ( 'NONE', 'WORKASPACE' ) );
#1131 = COLOUR_RGB ( '',1.000000000000000000, 1.000000000000000000, 1.000000000000000000 ) ;
#1132 = LINE ( 'NONE', #3480, #3529 ) ;
#1133 = PRODUCT_DEFINITION_FORMATION_WITH_SPECIFIED_SOURCE ( 'Symmetric', '', #2878, .NOT_KNOWN. ) ;
#1134 = PRESENTATION_STYLE_ASSIGNMENT (( #1725 ) ) ;
#1135 = ADVANCED_FACE ( 'NONE', ( #3034 ), #2236, .F. ) ;
#1136 = TOROIDAL_SURFACE ( 'NONE', #2567, 7.927647058823988679, 2.000000000000000000 ) ;
#1137 = SURFACE_SIDE_STYLE ('',( #836 ) ) ;
#1138 = STYLED_ITEM ( 'NONE', ( #2199 ), #2050 ) ;
#1139 = SURFACE_SIDE_STYLE ('',( #1409 ) ) ;
#1140 = PRESENTATION_STYLE_ASSIGNMENT (( #1411 ) ) ;
#1141 = SURFACE_STYLE_FILL_AREA ( #2035 ) ;
#1142 = CARTESIAN_POINT ( 'NONE',  ( -3.000000000000001332, 3.999999999999999112, 46.20000000000000284 ) ) ;
#1143 = EDGE_LOOP ( 'NONE', ( #2194, #2513, #879, #1666, #2718 ) ) ;
#1144 = CYLINDRICAL_SURFACE ( 'NONE', #414, 9.927647058823987791 ) ;
#1145 = ORIENTED_EDGE ( 'NONE', *, *, #2667, .T. ) ;
#1146 = ORIENTED_EDGE ( 'NONE', *, *, #502, .F. ) ;
#1147 = VECTOR ( 'NONE', #148, 1000.000000000000000 ) ;
#1148 = FACE_OUTER_BOUND ( 'NONE', #1842, .T. ) ;
#1149 = DIRECTION ( 'NONE',  ( 0.000000000000000000, 0.000000000000000000, -1.000000000000000000 ) ) ;
#1150 = CARTESIAN_POINT ( 'NONE',  ( -0.3223529411764873842, -0.8000000000000022649, 30.50000000000000711 ) ) ;
#1151 = DIRECTION ( 'NONE',  ( 0.000000000000000000, 0.000000000000000000, -1.000000000000000000 ) ) ;
#1152 = ORIENTED_EDGE ( 'NONE', *, *, #2613, .F. ) ;
#1153 = ADVANCED_FACE ( 'NONE', ( #238 ), #2215, .F. ) ;
#1154 = CARTESIAN_POINT ( 'NONE',  ( 3.000000000000001332, 3.999999999999999112, 44.50000000000000711 ) ) ;
#1155 = AXIS2_PLACEMENT_3D ( 'NONE', #2401, #1507, #980 ) ;
#1156 = SURFACE_STYLE_USAGE ( .BOTH. , #303 ) ;
#1157 = COLOUR_RGB ( '',1.000000000000000000, 1.000000000000000000, 0.000000000000000000 ) ;
#1158 = EDGE_CURVE ( 'NONE', #1564, #292, #3445, .T. ) ;
#1159 = EDGE_CURVE ( 'NONE', #292, #1564, #3669, .T. ) ;
#1160 = DIRECTION ( 'NONE',  ( -0.000000000000000000, -0.000000000000000000, -1.000000000000000000 ) ) ;
#1161 = COLOUR_RGB ( '',0.1019607843137254888, 0.1019607843137254888, 0.1019607843137254888 ) ;
#1162 = SURFACE_SIDE_STYLE ('',( #3427 ) ) ;
#1163 = FILL_AREA_STYLE ('',( #903 ) ) ;
#1164 = FACE_OUTER_BOUND ( 'NONE', #560, .T. ) ;
#1165 = EDGE_CURVE ( 'NONE', #1861, #783, #3087, .T. ) ;
#1166 = ORIENTED_EDGE ( 'NONE', *, *, #282, .T. ) ;
#1167 =( LENGTH_UNIT ( ) NAMED_UNIT ( * ) SI_UNIT ( .MILLI., .METRE. ) );
#1168 = LINE ( 'NONE', #913, #3600 ) ;
#1169 = UNCERTAINTY_MEASURE_WITH_UNIT (LENGTH_MEASURE( 1.000000000000000082E-05 ), #2243, 'distance_accuracy_value', 'NONE');
#1170 = DIRECTION ( 'NONE',  ( 1.000000000000000000, 0.000000000000000000, 0.000000000000000000 ) ) ;
#1171 = VERTEX_POINT ( 'NONE', #1041 ) ;
#1172 = EDGE_CURVE ( 'NONE', #1310, #3096, #554, .T. ) ;
#1173 = DIRECTION ( 'NONE',  ( -0.000000000000000000, 1.000000000000000000, -0.000000000000000000 ) ) ;
#1174 = ORIENTED_EDGE ( 'NONE', *, *, #2882, .F. ) ;
#1175 = VECTOR ( 'NONE', #2760, 1000.000000000000000 ) ;
#1176 =( NAMED_UNIT ( * ) PLANE_ANGLE_UNIT ( ) SI_UNIT ( $, .RADIAN. ) );
#1177 = DIRECTION ( 'NONE',  ( -1.000000000000000000, 0.000000000000000000, 0.000000000000000000 ) ) ;
#1178 = EDGE_CURVE ( 'NONE', #2113, #1738, #1104, .T. ) ;
#1179 = FILL_AREA_STYLE_COLOUR ( '', #3174 ) ;
#1180 = PRESENTATION_LAYER_ASSIGNMENT (  '', '', ( #1813 ) ) ;
#1181 =( NAMED_UNIT ( * ) SI_UNIT ( $, .STERADIAN. ) SOLID_ANGLE_UNIT ( ) );
#1182 = TOROIDAL_SURFACE ( 'NONE', #1995, 4.500000000000000888, 0.5000000000000000000 ) ;
#1183 = EDGE_LOOP ( 'NONE', ( #1145, #1516, #1529, #3429 ) ) ;
#1184 = DIRECTION ( 'NONE',  ( 0.000000000000000000, 0.000000000000000000, 1.000000000000000000 ) ) ;
#1185 = CIRCLE ( 'NONE', #2923, 7.927647058823988679 ) ;
#1186 = EDGE_LOOP ( 'NONE', ( #1321, #211 ) ) ;
#1187 = PRESENTATION_STYLE_ASSIGNMENT (( #881 ) ) ;
#1188 =( NAMED_UNIT ( * ) SI_UNIT ( $, .STERADIAN. ) SOLID_ANGLE_UNIT ( ) );
#1189 = VERTEX_POINT ( 'NONE', #765 ) ;
#1190 = CARTESIAN_POINT ( 'NONE',  ( 0.000000000000000000, 0.000000000000000000, 49.52842712474620157 ) ) ;
#1191 = LINE ( 'NONE', #284, #2402 ) ;
#1192 = ORIENTED_EDGE ( 'NONE', *, *, #288, .T. ) ;
#1193 = VECTOR ( 'NONE', #3107, 1000.000000000000000 ) ;
#1194 = CARTESIAN_POINT ( 'NONE',  ( -6.649728078196305070, 6.849999999999997868, -6.580070367378558771 ) ) ;
#1195 =( NAMED_UNIT ( * ) PLANE_ANGLE_UNIT ( ) SI_UNIT ( $, .RADIAN. ) );
#1196 = COLOUR_RGB ( '',1.000000000000000000, 1.000000000000000000, 1.000000000000000000 ) ;
#1197 = PRESENTATION_STYLE_ASSIGNMENT (( #2624 ) ) ;
#1198 = PRESENTATION_LAYER_ASSIGNMENT (  '', '', ( #899 ) ) ;
#1199 = PRESENTATION_LAYER_ASSIGNMENT (  '', '', ( #3640 ) ) ;
#1200 = CARTESIAN_POINT ( 'NONE',  ( -6.649728078196305958, -8.450000000000002842, -6.580070367378558771 ) ) ;
#1201 = CARTESIAN_POINT ( 'NONE',  ( 0.000000000000000000, 0.000000000000000000, 44.50000000000000711 ) ) ;
#1202 = AXIS2_PLACEMENT_3D ( 'NONE', #2140, #3305, #742 ) ;
#1203 = DIRECTION ( 'NONE',  ( 0.000000000000000000, 0.000000000000000000, 1.000000000000000000 ) ) ;
#1204 = DIRECTION ( 'NONE',  ( -0.000000000000000000, 1.000000000000000000, -0.000000000000000000 ) ) ;
#1205 = ORIENTED_EDGE ( 'NONE', *, *, #3594, .F. ) ;
#1206 = ORIENTED_EDGE ( 'NONE', *, *, #1289, .F. ) ;
#1207 = FILL_AREA_STYLE_COLOUR ( '', #541 ) ;
#1208 =( NAMED_UNIT ( * ) PLANE_ANGLE_UNIT ( ) SI_UNIT ( $, .RADIAN. ) );
#1209 = CIRCLE ( 'NONE', #2457, 0.5000000000000004441 ) ;
#1210 = CARTESIAN_POINT ( 'NONE',  ( 3.899139469603738029, -8.450000000000001066, 44.43455484006726408 ) ) ;
#1211 = CARTESIAN_POINT ( 'NONE',  ( -2.980761400419890350, 3.941967579723765880, 46.46765758987751127 ) ) ;
#1212 = CYLINDRICAL_SURFACE ( 'NONE', #3197, 9.927647058823977133 ) ;
#1213 = DIRECTION ( 'NONE',  ( 0.000000000000000000, 0.000000000000000000, -1.000000000000000000 ) ) ;
#1214 = ORIENTED_EDGE ( 'NONE', *, *, #1753, .T. ) ;
#1215 =( LENGTH_UNIT ( ) NAMED_UNIT ( * ) SI_UNIT ( .MILLI., .METRE. ) );
#1216 = CARTESIAN_POINT ( 'NONE',  ( 1.530808498934191078E-16, 1.250000000000000000, -20.24999999999998934 ) ) ;
#1217 = SURFACE_STYLE_USAGE ( .BOTH. , #591 ) ;
#1218 = DIRECTION ( 'NONE',  ( 1.000000000000000000, 0.000000000000000000, 0.000000000000000000 ) ) ;
#1219 = PRESENTATION_LAYER_ASSIGNMENT (  '', '', ( #797 ) ) ;
#1220 = CARTESIAN_POINT ( 'NONE',  ( -5.160512151514383916, -8.450000000000008171, 44.16008758269947521 ) ) ;
#1221 =( LENGTH_UNIT ( ) NAMED_UNIT ( * ) SI_UNIT ( .MILLI., .METRE. ) );
#1222 = VERTEX_POINT ( 'NONE', #2833 ) ;
#1223 = ORIENTED_EDGE ( 'NONE', *, *, #363, .T. ) ;
#1224 = SURFACE_STYLE_USAGE ( .BOTH. , #3540 ) ;
#1225 = STYLED_ITEM ( 'NONE', ( #2294 ), #3289 ) ;
#1226 = ADVANCED_FACE ( 'NONE', ( #275 ), #1399, .T. ) ;
#1227 = ORIENTED_EDGE ( 'NONE', *, *, #2367, .T. ) ;
#1228 = LINE ( 'NONE', #3263, #2133 ) ;
#1229 = ORIENTED_EDGE ( 'NONE', *, *, #1632, .T. ) ;
#1230 = ORIENTED_EDGE ( 'NONE', *, *, #2332, .T. ) ;
#1231 = CARTESIAN_POINT ( 'NONE',  ( -2.499999999999998668, -1.250000000000000000, -23.49999999999999289 ) ) ;
#1232 = SURFACE_SIDE_STYLE ('',( #389 ) ) ;
#1233 = LINE ( 'NONE', #130, #512 ) ;
#1234 = MECHANICAL_DESIGN_GEOMETRIC_PRESENTATION_REPRESENTATION (  '', ( #3026 ), #1520 ) ;
#1235 = MANIFOLD_SOLID_BREP ( 'Cut-Extrude7', #1900 ) ;
#1236 = FACE_OUTER_BOUND ( 'NONE', #173, .T. ) ;
#1237 = PRESENTATION_STYLE_ASSIGNMENT (( #717 ) ) ;
#1238 = CIRCLE ( 'NONE', #52, 3.750000000000000000 ) ;
#1239 = ORIENTED_EDGE ( 'NONE', *, *, #19, .T. ) ;
#1240 = CARTESIAN_POINT ( 'NONE',  ( 0.3223529411764958219, -0.8000000000000012657, 19.00000000000000711 ) ) ;
#1241 = VECTOR ( 'NONE', #1089, 1000.000000000000000 ) ;
#1242 = DIRECTION ( 'NONE',  ( -1.000000000000000000, 0.000000000000000000, 3.083952846180990774E-16 ) ) ;
#1243 = DIRECTION ( 'NONE',  ( 0.000000000000000000, 0.000000000000000000, 1.000000000000000000 ) ) ;
#1244 = VERTEX_POINT ( 'NONE', #97 ) ;
#1245 = FILL_AREA_STYLE_COLOUR ( '', #1261 ) ;
#1246 = FILL_AREA_STYLE_COLOUR ( '', #1913 ) ;
#1247 = STYLED_ITEM ( 'NONE', ( #1187 ), #3607 ) ;
#1248 = FILL_AREA_STYLE_COLOUR ( '', #2663 ) ;
#1249 =( GEOMETRIC_REPRESENTATION_CONTEXT ( 3 ) GLOBAL_UNCERTAINTY_ASSIGNED_CONTEXT ( ( #1821 ) ) GLOBAL_UNIT_ASSIGNED_CONTEXT ( ( #2152, #181, #3319 ) ) REPRESENTATION_CONTEXT ( 'NONE', 'WORKASPACE' ) );
#1250 = SURFACE_SIDE_STYLE ('',( #2961 ) ) ;
#1251 = MECHANICAL_DESIGN_GEOMETRIC_PRESENTATION_REPRESENTATION (  '', ( #1423 ), #3524 ) ;
#1252 = EDGE_LOOP ( 'NONE', ( #3460, #1988, #2491, #2911 ) ) ;
#1253 = AXIS2_PLACEMENT_3D ( 'NONE', #3077, #223, #3612 ) ;
#1254 = FACE_OUTER_BOUND ( 'NONE', #53, .T. ) ;
#1255 = CIRCLE ( 'NONE', #82, 4.499999999999999112 ) ;
#1256 = CARTESIAN_POINT ( 'NONE',  ( 5.926939574710495151, 6.850000000000000533, 43.76996379435746576 ) ) ;
#1257 = ORIENTED_EDGE ( 'NONE', *, *, #732, .F. ) ;
#1258 = FILL_AREA_STYLE ('',( #1862 ) ) ;
#1259 = LINE ( 'NONE', #930, #1369 ) ;
#1260 =( LENGTH_UNIT ( ) NAMED_UNIT ( * ) SI_UNIT ( .MILLI., .METRE. ) );
#1261 = COLOUR_RGB ( '',1.000000000000000000, 1.000000000000000000, 0.000000000000000000 ) ;
#1262 = FILL_AREA_STYLE ('',( #1282 ) ) ;
#1263 = EDGE_LOOP ( 'NONE', ( #3509, #2499, #537, #2122, #1817, #3173 ) ) ;
#1264 = FILL_AREA_STYLE ('',( #1245 ) ) ;
#1265 = DIRECTION ( 'NONE',  ( 0.000000000000000000, 0.000000000000000000, -1.000000000000000000 ) ) ;
#1266 = LINE ( 'NONE', #404, #3316 ) ;
#1267 = PLANE ( 'NONE',  #2489 ) ;
#1268 = FILL_AREA_STYLE_COLOUR ( '', #425 ) ;
#1269 = VERTEX_POINT ( 'NONE', #572 ) ;
#1270 = EDGE_CURVE ( 'NONE', #663, #2618, #2855, .T. ) ;
#1271 = EDGE_CURVE ( 'NONE', #2238, #1044, #3443, .T. ) ;
#1272 = ORIENTED_EDGE ( 'NONE', *, *, #2871, .F. ) ;
#1273 =( LENGTH_UNIT ( ) NAMED_UNIT ( * ) SI_UNIT ( .MILLI., .METRE. ) );
#1274 = UNCERTAINTY_MEASURE_WITH_UNIT (LENGTH_MEASURE( 1.000000000000000082E-05 ), #351, 'distance_accuracy_value', 'NONE');
#1275 = CIRCLE ( 'NONE', #805, 9.927647058823977133 ) ;
#1276 = EDGE_CURVE ( 'NONE', #1718, #3096, #901, .T. ) ;
#1277 = VERTEX_POINT ( 'NONE', #3463 ) ;
#1278 = SURFACE_STYLE_FILL_AREA ( #1258 ) ;
#1279 = CARTESIAN_POINT ( 'NONE',  ( -2.917409469538775113, 3.755137323084777545, 46.64931155484259051 ) ) ;
#1280 = AXIS2_PLACEMENT_3D ( 'NONE', #13, #3444, #310 ) ;
#1281 = ADVANCED_FACE ( 'NONE', ( #2866 ), #2049, .T. ) ;
#1282 = FILL_AREA_STYLE_COLOUR ( '', #357 ) ;
#1283 = ORIENTED_EDGE ( 'NONE', *, *, #131, .T. ) ;
#1284 = ADVANCED_FACE ( 'NONE', ( #648 ), #2272, .T. ) ;
#1285 = DIRECTION ( 'NONE',  ( 0.000000000000000000, -1.000000000000000000, 0.000000000000000000 ) ) ;
#1286 = CARTESIAN_POINT ( 'NONE',  ( 8.750000000000001776, 9.449999999999999289, 13.90000000000000568 ) ) ;
#1287 = FILL_AREA_STYLE_COLOUR ( '', #2844 ) ;
#1288 = SURFACE_SIDE_STYLE ('',( #2723 ) ) ;
#1289 = EDGE_CURVE ( 'NONE', #603, #857, #3330, .T. ) ;
#1290 = DIRECTION ( 'NONE',  ( -0.000000000000000000, 1.000000000000000000, -0.000000000000000000 ) ) ;
#1291 = FILL_AREA_STYLE ('',( #396 ) ) ;
#1292 = EDGE_CURVE ( 'NONE', #2320, #2578, #467, .T. ) ;
#1293 = COLOUR_RGB ( '',1.000000000000000000, 0.9490196078431372140, 0.9098039215686274384 ) ;
#1294 = ORIENTED_EDGE ( 'NONE', *, *, #1172, .F. ) ;
#1295 = CARTESIAN_POINT ( 'NONE',  ( 8.250000000000472511, -0.8000000000000012657, 42.50000000000000000 ) ) ;
#1296 = DIRECTION ( 'NONE',  ( 0.000000000000000000, 1.000000000000000000, 0.000000000000000000 ) ) ;
#1297 = VERTEX_POINT ( 'NONE', #2091 ) ;
#1298 = ADVANCED_FACE ( 'NONE', ( #2958 ), #2943, .T. ) ;
#1299 = PRESENTATION_STYLE_ASSIGNMENT (( #3271 ) ) ;
#1300 = EDGE_LOOP ( 'NONE', ( #2749, #2547, #2835, #2612 ) ) ;
#1301 =( NAMED_UNIT ( * ) SI_UNIT ( $, .STERADIAN. ) SOLID_ANGLE_UNIT ( ) );
#1302 =( LENGTH_UNIT ( ) NAMED_UNIT ( * ) SI_UNIT ( .MILLI., .METRE. ) );
#1303 = CARTESIAN_POINT ( 'NONE',  ( 7.000000000000000888, 7.849999999999997868, 19.00000000000000711 ) ) ;
#1304 = DIRECTION ( 'NONE',  ( 0.000000000000000000, 1.000000000000000000, 0.000000000000000000 ) ) ;
#1305 = VERTEX_POINT ( 'NONE', #2739 ) ;
#1306 = AXIS2_PLACEMENT_3D ( 'NONE', #670, #359, #2740 ) ;
#1307 = PRESENTATION_STYLE_ASSIGNMENT (( #3301 ) ) ;
#1308 = DIRECTION ( 'NONE',  ( 0.000000000000000000, 0.000000000000000000, 1.000000000000000000 ) ) ;
#1309 = PRESENTATION_LAYER_ASSIGNMENT (  '', '', ( #1365 ) ) ;
#1310 = VERTEX_POINT ( 'NONE', #1508 ) ;
#1311 = ORIENTED_EDGE ( 'NONE', *, *, #138, .T. ) ;
#1312 = VECTOR ( 'NONE', #1242, 1000.000000000000000 ) ;
#1313 = CARTESIAN_POINT ( 'NONE',  ( -6.649728078196305070, -8.450000000000004619, 38.90000000000000568 ) ) ;
#1314 = FACE_OUTER_BOUND ( 'NONE', #3376, .T. ) ;
#1315 = FILL_AREA_STYLE_COLOUR ( '', #160 ) ;
#1316 = VECTOR ( 'NONE', #1915, 1000.000000000000000 ) ;
#1317 = ORIENTED_EDGE ( 'NONE', *, *, #2082, .F. ) ;
#1318 = FILL_AREA_STYLE ('',( #472 ) ) ;
#1319 =( GEOMETRIC_REPRESENTATION_CONTEXT ( 3 ) GLOBAL_UNCERTAINTY_ASSIGNED_CONTEXT ( ( #1742 ) ) GLOBAL_UNIT_ASSIGNED_CONTEXT ( ( #3127, #626, #369 ) ) REPRESENTATION_CONTEXT ( 'NONE', 'WORKASPACE' ) );
#1320 = CARTESIAN_POINT ( 'NONE',  ( 0.000000000000000000, 1.250000000000000000, -23.99999999999999289 ) ) ;
#1321 = ORIENTED_EDGE ( 'NONE', *, *, #3499, .F. ) ;
#1322 = CARTESIAN_POINT ( 'NONE',  ( 6.582301118138065732, -8.450000000000002842, 42.92519144787444674 ) ) ;
#1323 = CARTESIAN_POINT ( 'NONE',  ( 6.649728078196297965, 6.849999999999998757, 46.70000000000000284 ) ) ;
#1324 = EDGE_CURVE ( 'NONE', #2619, #2220, #2080, .T. ) ;
#1325 =( NAMED_UNIT ( * ) PLANE_ANGLE_UNIT ( ) SI_UNIT ( $, .RADIAN. ) );
#1326 =( NAMED_UNIT ( * ) SI_UNIT ( $, .STERADIAN. ) SOLID_ANGLE_UNIT ( ) );
#1327 = ORIENTED_EDGE ( 'NONE', *, *, #2939, .T. ) ;
#1328 = CARTESIAN_POINT ( 'NONE',  ( -0.3223529411764873842, -0.8000000000000022649, 38.90000000000000568 ) ) ;
#1329 = EDGE_CURVE ( 'NONE', #1352, #215, #3648, .T. ) ;
#1330 = FACE_OUTER_BOUND ( 'NONE', #46, .T. ) ;
#1331 =( LENGTH_UNIT ( ) NAMED_UNIT ( * ) SI_UNIT ( .MILLI., .METRE. ) );
#1332 = FILL_AREA_STYLE_COLOUR ( '', #630 ) ;
#1333 = ORIENTED_EDGE ( 'NONE', *, *, #3668, .T. ) ;
#1334 = CARTESIAN_POINT ( 'NONE',  ( 6.391718606089667354, -8.450000000000001066, 43.31555313463901769 ) ) ;
#1335 = SURFACE_STYLE_FILL_AREA ( #167 ) ;
#1336 = PRESENTATION_STYLE_ASSIGNMENT (( #3391 ) ) ;
#1337 = FACE_BOUND ( 'NONE', #3027, .T. ) ;
#1338 = DIRECTION ( 'NONE',  ( 1.000000000000000000, 0.000000000000000000, 0.000000000000000000 ) ) ;
#1339 = UNCERTAINTY_MEASURE_WITH_UNIT (LENGTH_MEASURE( 1.000000000000000082E-05 ), #613, 'distance_accuracy_value', 'NONE');
#1340 = VECTOR ( 'NONE', #1664, 1000.000000000000000 ) ;
#1341 = CARTESIAN_POINT ( 'NONE',  ( -11.25000000000000355, 9.449999999999999289, -18.99999999999998579 ) ) ;
#1342 = SURFACE_SIDE_STYLE ('',( #1572 ) ) ;
#1343 = CARTESIAN_POINT ( 'NONE',  ( -6.649728078196305958, 6.849999999999999645, 42.50000000000000000 ) ) ;
#1344 = DIRECTION ( 'NONE',  ( 0.000000000000000000, 0.000000000000000000, 1.000000000000000000 ) ) ;
#1345 = ORIENTED_EDGE ( 'NONE', *, *, #3538, .F. ) ;
#1346 = PRESENTATION_LAYER_ASSIGNMENT (  '', '', ( #1816 ) ) ;
#1347 = CARTESIAN_POINT ( 'NONE',  ( 10.25000000000047251, -0.8000000000000012657, 19.00000000000000711 ) ) ;
#1348 = SURFACE_STYLE_FILL_AREA ( #1884 ) ;
#1349 = AXIS2_PLACEMENT_3D ( 'NONE', #2368, #3221, #2928 ) ;
#1350 = B_SPLINE_CURVE_WITH_KNOTS ( 'NONE', 3,
 ( #3502, #391, #74, #2288, #99, #1220, #1452, #922, #2602, #2945, #2039, #876, #610, #3446, #3170, #938 ),
 .UNSPECIFIED., .F., .F.,
 ( 4, 2, 2, 2, 2, 2, 2, 4 ),
 ( 4.336808689942017736E-19, 0.001287268698707648212, 0.002574537397415295990, 0.003218171746769119771, 0.003861806096122943118, 0.004505440445476767766, 0.004827257620153679873, 0.005149074794830591981 ),
 .UNSPECIFIED. ) ;
#1351 = MECHANICAL_DESIGN_GEOMETRIC_PRESENTATION_REPRESENTATION (  '', ( #228 ), #3455 ) ;
#1352 = VERTEX_POINT ( 'NONE', #2722 ) ;
#1353 = CARTESIAN_POINT ( 'NONE',  ( -6.391718606089684229, 6.850000000000000533, 43.31555313463901769 ) ) ;
#1354 =( LENGTH_UNIT ( ) NAMED_UNIT ( * ) SI_UNIT ( .MILLI., .METRE. ) );
#1355 = DIRECTION ( 'NONE',  ( 0.000000000000000000, 0.000000000000000000, 1.000000000000000000 ) ) ;
#1356 = PRESENTATION_STYLE_ASSIGNMENT (( #2211 ) ) ;
#1357 = FILL_AREA_STYLE ('',( #2794 ) ) ;
#1358 = FILL_AREA_STYLE ('',( #3339 ) ) ;
#1359 = FILL_AREA_STYLE ('',( #243 ) ) ;
#1360 =( GEOMETRIC_REPRESENTATION_CONTEXT ( 3 ) GLOBAL_UNCERTAINTY_ASSIGNED_CONTEXT ( ( #2245 ) ) GLOBAL_UNIT_ASSIGNED_CONTEXT ( ( #2587, #296, #2840 ) ) REPRESENTATION_CONTEXT ( 'NONE', 'WORKASPACE' ) );
#1361 = AXIS2_PLACEMENT_3D ( 'NONE', #1634, #1378, #2529 ) ;
#1362 = ORIENTED_EDGE ( 'NONE', *, *, #1812, .F. ) ;
#1363 = PRESENTATION_LAYER_ASSIGNMENT (  '', '', ( #1482 ) ) ;
#1364 = EDGE_LOOP ( 'NONE', ( #2501, #1031 ) ) ;
#1365 = STYLED_ITEM ( 'NONE', ( #3195 ), #2321 ) ;
#1366 = FILL_AREA_STYLE ('',( #1606 ) ) ;
#1367 =( GEOMETRIC_REPRESENTATION_CONTEXT ( 3 ) GLOBAL_UNCERTAINTY_ASSIGNED_CONTEXT ( ( #1274 ) ) GLOBAL_UNIT_ASSIGNED_CONTEXT ( ( #351, #841, #2627 ) ) REPRESENTATION_CONTEXT ( 'NONE', 'WORKASPACE' ) );
#1368 =( GEOMETRIC_REPRESENTATION_CONTEXT ( 3 ) GLOBAL_UNCERTAINTY_ASSIGNED_CONTEXT ( ( #1660 ) ) GLOBAL_UNIT_ASSIGNED_CONTEXT ( ( #571, #31, #10 ) ) REPRESENTATION_CONTEXT ( 'NONE', 'WORKASPACE' ) );
#1369 = VECTOR ( 'NONE', #3495, 1000.000000000000000 ) ;
#1370 = DIRECTION ( 'NONE',  ( -1.000000000000000000, 0.000000000000000000, 0.000000000000000000 ) ) ;
#1371 = DIRECTION ( 'NONE',  ( 0.000000000000000000, -0.000000000000000000, 1.000000000000000000 ) ) ;
#1372 = AXIS2_PLACEMENT_3D ( 'NONE', #1404, #1956, #1093 ) ;
#1373 = VECTOR ( 'NONE', #850, 1000.000000000000000 ) ;
#1374 = DIRECTION ( 'NONE',  ( -0.000000000000000000, 1.000000000000000000, -0.000000000000000000 ) ) ;
#1375 =( NAMED_UNIT ( * ) PLANE_ANGLE_UNIT ( ) SI_UNIT ( $, .RADIAN. ) );
#1376 = EDGE_CURVE ( 'NONE', #3420, #1861, #3057, .T. ) ;
#1377 = DIRECTION ( 'NONE',  ( 0.000000000000000000, 0.000000000000000000, 1.000000000000000000 ) ) ;
#1378 = DIRECTION ( 'NONE',  ( -0.000000000000000000, -0.000000000000000000, 1.000000000000000000 ) ) ;
#1379 = EDGE_LOOP ( 'NONE', ( #1951, #3488, #2203, #3006 ) ) ;
#1380 = VERTEX_POINT ( 'NONE', #3015 ) ;
#1381 = DIRECTION ( 'NONE',  ( 0.000000000000000000, 0.000000000000000000, -1.000000000000000000 ) ) ;
#1382 = ADVANCED_FACE ( 'NONE', ( #2688 ), #458, .F. ) ;
#1383 = ORIENTED_EDGE ( 'NONE', *, *, #3441, .T. ) ;
#1384 = ORIENTED_EDGE ( 'NONE', *, *, #1807, .T. ) ;
#1385 =( NAMED_UNIT ( * ) SI_UNIT ( $, .STERADIAN. ) SOLID_ANGLE_UNIT ( ) );
#1386 = SURFACE_STYLE_USAGE ( .BOTH. , #1647 ) ;
#1387 = UNCERTAINTY_MEASURE_WITH_UNIT (LENGTH_MEASURE( 1.000000000000000082E-05 ), #1446, 'distance_accuracy_value', 'NONE');
#1388 = EDGE_CURVE ( 'NONE', #1738, #685, #3419, .T. ) ;
#1389 = PRESENTATION_LAYER_ASSIGNMENT (  '', '', ( #3194 ) ) ;
#1390 = ORIENTED_EDGE ( 'NONE', *, *, #1158, .F. ) ;
#1391 = DIRECTION ( 'NONE',  ( -0.000000000000000000, 1.000000000000000000, -0.000000000000000000 ) ) ;
#1392 = AXIS2_PLACEMENT_3D ( 'NONE', #3434, #601, #283 ) ;
#1393 = ADVANCED_FACE ( 'NONE', ( #1101 ), #2209, .F. ) ;
#1394 = CARTESIAN_POINT ( 'NONE',  ( 2.336013769373576580E-15, 9.950000000000001066, -4.924999999999991829 ) ) ;
#1395 = CIRCLE ( 'NONE', #1676, 4.500000000000000888 ) ;
#1396 = DIRECTION ( 'NONE',  ( 0.000000000000000000, -0.000000000000000000, 1.000000000000000000 ) ) ;
#1397 =( GEOMETRIC_REPRESENTATION_CONTEXT ( 3 ) GLOBAL_UNCERTAINTY_ASSIGNED_CONTEXT ( ( #1617 ) ) GLOBAL_UNIT_ASSIGNED_CONTEXT ( ( #1354, #1598, #3567 ) ) REPRESENTATION_CONTEXT ( 'NONE', 'WORKASPACE' ) );
#1398 = FACE_OUTER_BOUND ( 'NONE', #3338, .T. ) ;
#1399 = CYLINDRICAL_SURFACE ( 'NONE', #709, 3.750000000000000000 ) ;
#1400 = ORIENTED_EDGE ( 'NONE', *, *, #1113, .T. ) ;
#1401 =( LENGTH_UNIT ( ) NAMED_UNIT ( * ) SI_UNIT ( .MILLI., .METRE. ) );
#1402 = EDGE_CURVE ( 'NONE', #3062, #2042, #150, .T. ) ;
#1403 = DIRECTION ( 'NONE',  ( 0.000000000000000000, 0.000000000000000000, 1.000000000000000000 ) ) ;
#1404 = CARTESIAN_POINT ( 'NONE',  ( -0.3223529411764873842, -0.8000000000000022649, 38.90000000000000568 ) ) ;
#1405 = CARTESIAN_POINT ( 'NONE',  ( -2.499999999999998224, -1.250000000000000000, -18.99999999999999289 ) ) ;
#1406 = FILL_AREA_STYLE ('',( #885 ) ) ;
#1407 = CIRCLE ( 'NONE', #3269, 9.927647058823987791 ) ;
#1408 = CARTESIAN_POINT ( 'NONE',  ( 0.000000000000000000, -1.250000000000000000, 0.000000000000000000 ) ) ;
#1409 = SURFACE_STYLE_FILL_AREA ( #286 ) ;
#1410 = UNCERTAINTY_MEASURE_WITH_UNIT (LENGTH_MEASURE( 1.000000000000000082E-05 ), #33, 'distance_accuracy_value', 'NONE');
#1411 = SURFACE_STYLE_USAGE ( .BOTH. , #2849 ) ;
#1412 = CIRCLE ( 'NONE', #877, 9.927647058823977133 ) ;
#1413 = FILL_AREA_STYLE ('',( #2867 ) ) ;
#1414 = SURFACE_STYLE_FILL_AREA ( #1163 ) ;
#1415 = FACE_OUTER_BOUND ( 'NONE', #2028, .T. ) ;
#1416 = CARTESIAN_POINT ( 'NONE',  ( 0.000000000000000000, 0.000000000000000000, 46.70000000000000284 ) ) ;
#1417 = CARTESIAN_POINT ( 'NONE',  ( -2.499999999999996447, 1.250000000000000000, 2.168404344971005910E-16 ) ) ;
#1418 = FACE_OUTER_BOUND ( 'NONE', #2535, .T. ) ;
#1419 = ORIENTED_EDGE ( 'NONE', *, *, #1933, .T. ) ;
#1420 = AXIS2_PLACEMENT_3D ( 'NONE', #2309, #1437, #80 ) ;
#1421 = PRESENTATION_LAYER_ASSIGNMENT (  '', '', ( #3351 ) ) ;
#1422 =( LENGTH_UNIT ( ) NAMED_UNIT ( * ) SI_UNIT ( .MILLI., .METRE. ) );
#1423 = STYLED_ITEM ( 'NONE', ( #113 ), #2496 ) ;
#1424 = EDGE_CURVE ( 'NONE', #426, #2542, #2182, .T. ) ;
#1425 = VECTOR ( 'NONE', #1877, 1000.000000000000000 ) ;
#1426 = FILL_AREA_STYLE_COLOUR ( '', #677 ) ;
#1427 = VECTOR ( 'NONE', #2441, 1000.000000000000000 ) ;
#1428 =( NAMED_UNIT ( * ) SI_UNIT ( $, .STERADIAN. ) SOLID_ANGLE_UNIT ( ) );
#1429 = EDGE_CURVE ( 'NONE', #162, #844, #3583, .T. ) ;
#1430 = DIRECTION ( 'NONE',  ( -0.000000000000000000, -0.000000000000000000, -1.000000000000000000 ) ) ;
#1431 = CARTESIAN_POINT ( 'NONE',  ( 0.000000000000000000, 0.000000000000000000, 46.70000000000000284 ) ) ;
#1432 = VECTOR ( 'NONE', #2030, 1000.000000000000000 ) ;
#1433 = ORIENTED_EDGE ( 'NONE', *, *, #2944, .F. ) ;
#1434 = SURFACE_SIDE_STYLE ('',( #2256 ) ) ;
#1435 = EDGE_CURVE ( 'NONE', #703, #652, #910, .T. ) ;
#1436 = ORIENTED_EDGE ( 'NONE', *, *, #782, .F. ) ;
#1437 = DIRECTION ( 'NONE',  ( -0.000000000000000000, 1.000000000000000000, -0.000000000000000000 ) ) ;
#1438 = CARTESIAN_POINT ( 'NONE',  ( 2.500000000000001332, -1.250000000000000000, -23.49999999999999289 ) ) ;
#1439 =( NAMED_UNIT ( * ) PLANE_ANGLE_UNIT ( ) SI_UNIT ( $, .RADIAN. ) );
#1440 = DIRECTION ( 'NONE',  ( 0.000000000000000000, 0.000000000000000000, 1.000000000000000000 ) ) ;
#1441 = EDGE_LOOP ( 'NONE', ( #2432, #557, #1987, #2144 ) ) ;
#1442 = EDGE_CURVE ( 'NONE', #2852, #1277, #2712, .T. ) ;
#1443 = CYLINDRICAL_SURFACE ( 'NONE', #3140, 1.000000000000000000 ) ;
#1444 = PLANE ( 'NONE',  #3449 ) ;
#1445 = VECTOR ( 'NONE', #109, 1000.000000000000000 ) ;
#1446 =( LENGTH_UNIT ( ) NAMED_UNIT ( * ) SI_UNIT ( .MILLI., .METRE. ) );
#1447 = DIRECTION ( 'NONE',  ( 0.000000000000000000, 0.000000000000000000, -1.000000000000000000 ) ) ;
#1448 = FILL_AREA_STYLE_COLOUR ( '', #1873 ) ;
#1449 = PRESENTATION_LAYER_ASSIGNMENT (  '', '', ( #852 ) ) ;
#1450 = PLANE ( 'NONE',  #2906 ) ;
#1451 = CARTESIAN_POINT ( 'NONE',  ( 0.000000000000000000, 0.000000000000000000, 0.000000000000000000 ) ) ;
#1452 = CARTESIAN_POINT ( 'NONE',  ( -5.362682086817489591, -8.450000000000004619, 44.08211508853493399 ) ) ;
#1453 = SURFACE_STYLE_USAGE ( .BOTH. , #594 ) ;
#1454 = EDGE_LOOP ( 'NONE', ( #576, #2276, #2407, #798, #957 ) ) ;
#1455 =( NAMED_UNIT ( * ) PLANE_ANGLE_UNIT ( ) SI_UNIT ( $, .RADIAN. ) );
#1456 = UNCERTAINTY_MEASURE_WITH_UNIT (LENGTH_MEASURE( 1.000000000000000082E-05 ), #3379, 'distance_accuracy_value', 'NONE');
#1457 = DIRECTION ( 'NONE',  ( 0.000000000000000000, -0.000000000000000000, 1.000000000000000000 ) ) ;
#1458 = PRESENTATION_STYLE_ASSIGNMENT (( #3681 ) ) ;
#1459 =( NAMED_UNIT ( * ) PLANE_ANGLE_UNIT ( ) SI_UNIT ( $, .RADIAN. ) );
#1460 = FACE_OUTER_BOUND ( 'NONE', #1070, .T. ) ;
#1461 = ORIENTED_EDGE ( 'NONE', *, *, #409, .F. ) ;
#1462 = AXIS2_PLACEMENT_3D ( 'NONE', #298, #58, #3121 ) ;
#1463 = CARTESIAN_POINT ( 'NONE',  ( -0.3223529411764873842, -0.8000000000000022649, 30.50000000000000711 ) ) ;
#1464 = SURFACE_SIDE_STYLE ('',( #2909 ) ) ;
#1465 = DIRECTION ( 'NONE',  ( 0.000000000000000000, 1.000000000000000000, 0.000000000000000000 ) ) ;
#1466 =( NAMED_UNIT ( * ) PLANE_ANGLE_UNIT ( ) SI_UNIT ( $, .RADIAN. ) );
#1467 = AXIS2_PLACEMENT_3D ( 'NONE', #3514, #3528, #3249 ) ;
#1468 = SURFACE_STYLE_USAGE ( .BOTH. , #3112 ) ;
#1469 = ORIENTED_EDGE ( 'NONE', *, *, #1324, .T. ) ;
#1470 = PRESENTATION_STYLE_ASSIGNMENT (( #100 ) ) ;
#1471 = STYLED_ITEM ( 'NONE', ( #1470 ), #710 ) ;
#1472 = ORIENTED_EDGE ( 'NONE', *, *, #327, .F. ) ;
#1473 = ORIENTED_EDGE ( 'NONE', *, *, #3396, .F. ) ;
#1474 = PRESENTATION_LAYER_ASSIGNMENT (  '', '', ( #1997 ) ) ;
#1475 = CARTESIAN_POINT ( 'NONE',  ( 2.500000000000001332, 1.250000000000000000, -18.99999999999999289 ) ) ;
#1476 = CARTESIAN_POINT ( 'NONE',  ( -0.8000000000000000444, 1.102182119232617788E-16, 46.70000000000000284 ) ) ;
#1477 = CARTESIAN_POINT ( 'NONE',  ( 5.362682086817470939, 6.849999999999998757, 44.08211508853494820 ) ) ;
#1478 = CARTESIAN_POINT ( 'NONE',  ( 3.260237340412822871, -8.450000000000001066, 44.49106748757215968 ) ) ;
#1479 = CYLINDRICAL_SURFACE ( 'NONE', #781, 5.000000000000000000 ) ;
#1480 = LINE ( 'NONE', #3162, #3310 ) ;
#1481 = CARTESIAN_POINT ( 'NONE',  ( 2.008420750601659349E-15, 19.54999999999999716, -7.599999999999992539 ) ) ;
#1482 = STYLED_ITEM ( 'NONE', ( #2813 ), #3661 ) ;
#1483 = MECHANICAL_DESIGN_GEOMETRIC_PRESENTATION_REPRESENTATION (  '', ( #1844 ), #2644 ) ;
#1484 = EDGE_LOOP ( 'NONE', ( #2788, #2893, #3489, #29, #739, #3191 ) ) ;
#1485 = PRESENTATION_LAYER_ASSIGNMENT (  '', '', ( #3108 ) ) ;
#1486 = MECHANICAL_DESIGN_GEOMETRIC_PRESENTATION_REPRESENTATION (  '', ( #899 ), #3114 ) ;
#1487 = VECTOR ( 'NONE', #1391, 1000.000000000000000 ) ;
#1488 = DIRECTION ( 'NONE',  ( 0.000000000000000000, 0.000000000000000000, 1.000000000000000000 ) ) ;
#1489 = SURFACE_SIDE_STYLE ('',( #2926 ) ) ;
#1490 = EDGE_CURVE ( 'NONE', #1106, #1044, #386, .T. ) ;
#1491 = AXIS2_PLACEMENT_3D ( 'NONE', #1802, #431, #962 ) ;
#1492 = ORIENTED_EDGE ( 'NONE', *, *, #2604, .F. ) ;
#1493 = CARTESIAN_POINT ( 'NONE',  ( 8.750000000000001776, 9.449999999999999289, 13.90000000000000568 ) ) ;
#1494 = CIRCLE ( 'NONE', #184, 1.250000000000001110 ) ;
#1495 = ORIENTED_EDGE ( 'NONE', *, *, #1982, .F. ) ;
#1496 =( LENGTH_UNIT ( ) NAMED_UNIT ( * ) SI_UNIT ( .MILLI., .METRE. ) );
#1497 = EDGE_CURVE ( 'NONE', #3618, #1607, #895, .T. ) ;
#1498 = UNCERTAINTY_MEASURE_WITH_UNIT (LENGTH_MEASURE( 1.000000000000000082E-05 ), #946, 'distance_accuracy_value', 'NONE');
#1499 = AXIS2_PLACEMENT_3D ( 'NONE', #1789, #2105, #3270 ) ;
#1500 = ORIENTED_EDGE ( 'NONE', *, *, #2892, .T. ) ;
#1501 = CARTESIAN_POINT ( 'NONE',  ( -11.25000000000000355, 9.449999999999999289, -14.49999999999998757 ) ) ;
#1502 = CARTESIAN_POINT ( 'NONE',  ( 0.000000000000000000, 0.000000000000000000, 44.50000000000000711 ) ) ;
#1503 = FILL_AREA_STYLE_COLOUR ( '', #3092 ) ;
#1504 = ORIENTED_EDGE ( 'NONE', *, *, #2367, .F. ) ;
#1505 = STYLED_ITEM ( 'NONE', ( #1140 ), #83 ) ;
#1506 = DIRECTION ( 'NONE',  ( 0.000000000000000000, 0.000000000000000000, 1.000000000000000000 ) ) ;
#1507 = DIRECTION ( 'NONE',  ( -0.000000000000000000, -0.000000000000000000, 1.000000000000000000 ) ) ;
#1508 = CARTESIAN_POINT ( 'NONE',  ( 6.649728078196297965, 6.849999999999998757, 19.00000000000000711 ) ) ;
#1509 = COLOUR_RGB ( '',0.1019607843137254888, 0.1019607843137254888, 0.1019607843137254888 ) ;
#1510 = DIRECTION ( 'NONE',  ( -1.000000000000000000, 0.000000000000000000, -0.000000000000000000 ) ) ;
#1511 = ORIENTED_EDGE ( 'NONE', *, *, #2939, .F. ) ;
#1512 = DIRECTION ( 'NONE',  ( 0.000000000000000000, -1.000000000000000000, 0.000000000000000000 ) ) ;
#1513 = LINE ( 'NONE', #1767, #1312 ) ;
#1514 = SURFACE_STYLE_USAGE ( .BOTH. , #661 ) ;
#1515 =( NAMED_UNIT ( * ) SI_UNIT ( $, .STERADIAN. ) SOLID_ANGLE_UNIT ( ) );
#1516 = ORIENTED_EDGE ( 'NONE', *, *, #2770, .T. ) ;
#1517 = ORIENTED_EDGE ( 'NONE', *, *, #2444, .T. ) ;
#1518 = DIRECTION ( 'NONE',  ( -0.000000000000000000, -0.000000000000000000, -1.000000000000000000 ) ) ;
#1519 = FACE_OUTER_BOUND ( 'NONE', #1795, .T. ) ;
#1520 =( GEOMETRIC_REPRESENTATION_CONTEXT ( 3 ) GLOBAL_UNCERTAINTY_ASSIGNED_CONTEXT ( ( #8 ) ) GLOBAL_UNIT_ASSIGNED_CONTEXT ( ( #420, #2446, #2978 ) ) REPRESENTATION_CONTEXT ( 'NONE', 'WORKASPACE' ) );
#1521 = DIRECTION ( 'NONE',  ( -0.000000000000000000, -0.000000000000000000, -1.000000000000000000 ) ) ;
#1522 = ORIENTED_EDGE ( 'NONE', *, *, #1948, .F. ) ;
#1523 = PRESENTATION_LAYER_ASSIGNMENT (  '', '', ( #3621 ) ) ;
#1524 = VERTEX_POINT ( 'NONE', #3186 ) ;
#1525 =( GEOMETRIC_REPRESENTATION_CONTEXT ( 3 ) GLOBAL_UNCERTAINTY_ASSIGNED_CONTEXT ( ( #2187 ) ) GLOBAL_UNIT_ASSIGNED_CONTEXT ( ( #1569, #499, #1326 ) ) REPRESENTATION_CONTEXT ( 'NONE', 'WORKASPACE' ) );
#1526 = DIRECTION ( 'NONE',  ( 0.000000000000000000, 0.000000000000000000, -1.000000000000000000 ) ) ;
#1527 = CARTESIAN_POINT ( 'NONE',  ( 6.252311992735116064, 6.849999999999998757, 43.48252799725823792 ) ) ;
#1528 = VECTOR ( 'NONE', #1893, 1000.000000000000000 ) ;
#1529 = ORIENTED_EDGE ( 'NONE', *, *, #1654, .T. ) ;
#1530 = DIRECTION ( 'NONE',  ( 0.000000000000000000, 0.000000000000000000, -1.000000000000000000 ) ) ;
#1531 = CARTESIAN_POINT ( 'NONE',  ( 2.100000000000000977, 19.54999999999999716, -9.256992757980546216 ) ) ;
#1532 = CARTESIAN_POINT ( 'NONE',  ( -7.000000000000003553, -9.449999999999995737, 19.00000000000000711 ) ) ;
#1533 = CARTESIAN_POINT ( 'NONE',  ( 5.000000000000000000, 0.000000000000000000, 44.50000000000000711 ) ) ;
#1534 =( LENGTH_UNIT ( ) NAMED_UNIT ( * ) SI_UNIT ( .MILLI., .METRE. ) );
#1535 = ADVANCED_FACE ( 'NONE', ( #2252, #1118 ), #285, .F. ) ;
#1536 = PRESENTATION_LAYER_ASSIGNMENT (  '', '', ( #1068 ) ) ;
#1537 = PRESENTATION_LAYER_ASSIGNMENT (  '', '', ( #373 ) ) ;
#1538 =( NAMED_UNIT ( * ) SI_UNIT ( $, .STERADIAN. ) SOLID_ANGLE_UNIT ( ) );
#1539 = EDGE_CURVE ( 'NONE', #3430, #1106, #606, .T. ) ;
#1540 = DIRECTION ( 'NONE',  ( 1.000000000000000000, 1.304356701189607630E-16, 0.000000000000000000 ) ) ;
#1541 = SURFACE_STYLE_FILL_AREA ( #2981 ) ;
#1542 = VECTOR ( 'NONE', #2951, 1000.000000000000000 ) ;
#1543 = ORIENTED_EDGE ( 'NONE', *, *, #461, .T. ) ;
#1544 = CIRCLE ( 'NONE', #487, 1.250000000000000000 ) ;
#1545 = CARTESIAN_POINT ( 'NONE',  ( -7.000000000000000888, 7.849999999999997868, 19.00000000000000711 ) ) ;
#1546 = EDGE_CURVE ( 'NONE', #215, #450, #2560, .T. ) ;
#1547 = ORIENTED_EDGE ( 'NONE', *, *, #2033, .T. ) ;
#1548 = PRESENTATION_STYLE_ASSIGNMENT (( #945 ) ) ;
#1549 = CARTESIAN_POINT ( 'NONE',  ( -3.000000000000001332, 3.999999999999999112, 46.20000000000000284 ) ) ;
#1550 =( NAMED_UNIT ( * ) SI_UNIT ( $, .STERADIAN. ) SOLID_ANGLE_UNIT ( ) );
#1551 = VERTEX_POINT ( 'NONE', #1979 ) ;
#1552 = ADVANCED_FACE ( 'NONE', ( #2284 ), #3142, .F. ) ;
#1553 = SURFACE_STYLE_FILL_AREA ( #1264 ) ;
#1554 = PLANE ( 'NONE',  #777 ) ;
#1555 = CARTESIAN_POINT ( 'NONE',  ( 0.3223529411764958219, -0.8000000000000012657, 46.70000000000000284 ) ) ;
#1556 = CYLINDRICAL_SURFACE ( 'NONE', #3523, 9.927647058823987791 ) ;
#1557 = CARTESIAN_POINT ( 'NONE',  ( -3.000000000000001776, 3.999999999999999112, 44.50000000000000711 ) ) ;
#1558 = CIRCLE ( 'NONE', #2776, 2.675000000000000266 ) ;
#1559 = DIRECTION ( 'NONE',  ( 0.000000000000000000, 1.000000000000000000, 0.000000000000000000 ) ) ;
#1560 = VERTEX_POINT ( 'NONE', #1830 ) ;
#1561 = VECTOR ( 'NONE', #1989, 1000.000000000000000 ) ;
#1562 = SURFACE_STYLE_USAGE ( .BOTH. , #2097 ) ;
#1563 = CYLINDRICAL_SURFACE ( 'NONE', #2299, 1.000000000000000000 ) ;
#1564 = VERTEX_POINT ( 'NONE', #1771 ) ;
#1565 = CARTESIAN_POINT ( 'NONE',  ( 0.3223529411764958219, -0.8000000000000012657, 42.50000000000000000 ) ) ;
#1566 = STYLED_ITEM ( 'NONE', ( #886 ), #3281 ) ;
#1567 = CARTESIAN_POINT ( 'NONE',  ( 10.25000000000047251, -0.8000000000000012657, -6.580070367378558771 ) ) ;
#1568 = FILL_AREA_STYLE_COLOUR ( '', #723 ) ;
#1569 =( LENGTH_UNIT ( ) NAMED_UNIT ( * ) SI_UNIT ( .MILLI., .METRE. ) );
#1570 = VECTOR ( 'NONE', #2405, 1000.000000000000000 ) ;
#1571 = VERTEX_POINT ( 'NONE', #967 ) ;
#1572 = SURFACE_STYLE_FILL_AREA ( #1073 ) ;
#1573 = STYLED_ITEM ( 'NONE', ( #3590 ), #463 ) ;
#1574 = CARTESIAN_POINT ( 'NONE',  ( 6.649728078196297965, 6.849999999999997868, -6.580070367378558771 ) ) ;
#1575 = DIRECTION ( 'NONE',  ( -0.000000000000000000, -1.000000000000000000, -0.000000000000000000 ) ) ;
#1576 = EDGE_CURVE ( 'NONE', #1936, #1297, #3182, .T. ) ;
#1577 = CARTESIAN_POINT ( 'NONE',  ( -6.649728078196305958, 6.849999999999999645, 42.60954521016797258 ) ) ;
#1578 = CARTESIAN_POINT ( 'NONE',  ( 0.000000000000000000, 0.000000000000000000, 46.50000000000000711 ) ) ;
#1579 = CARTESIAN_POINT ( 'NONE',  ( -7.000000000000000888, -9.450000000000001066, 30.50000000000000711 ) ) ;
#1580 = UNCERTAINTY_MEASURE_WITH_UNIT (LENGTH_MEASURE( 1.000000000000000082E-05 ), #1401, 'distance_accuracy_value', 'NONE');
#1581 = COLOUR_RGB ( '',1.000000000000000000, 1.000000000000000000, 0.000000000000000000 ) ;
#1582 = DIRECTION ( 'NONE',  ( 3.913070103568821410E-16, -1.000000000000000000, 0.000000000000000000 ) ) ;
#1583 = ORIENTED_EDGE ( 'NONE', *, *, #908, .F. ) ;
#1584 = STYLED_ITEM ( 'NONE', ( #2119 ), #2093 ) ;
#1585 = ADVANCED_FACE ( 'NONE', ( #2683 ), #3531, .F. ) ;
#1586 = DIRECTION ( 'NONE',  ( 0.000000000000000000, 0.000000000000000000, 1.000000000000000000 ) ) ;
#1587 = FACE_BOUND ( 'NONE', #1364, .T. ) ;
#1588 = AXIS2_PLACEMENT_3D ( 'NONE', #1126, #1720, #3136 ) ;
#1589 = ORIENTED_EDGE ( 'NONE', *, *, #288, .F. ) ;
#1590 = PRESENTATION_STYLE_ASSIGNMENT (( #2224 ) ) ;
#1591 =( NAMED_UNIT ( * ) SI_UNIT ( $, .STERADIAN. ) SOLID_ANGLE_UNIT ( ) );
#1592 = DIRECTION ( 'NONE',  ( -0.000000000000000000, 1.000000000000000000, -0.000000000000000000 ) ) ;
#1593 = UNCERTAINTY_MEASURE_WITH_UNIT (LENGTH_MEASURE( 1.000000000000000082E-05 ), #785, 'distance_accuracy_value', 'NONE');
#1594 = ORIENTED_EDGE ( 'NONE', *, *, #2629, .F. ) ;
#1595 = SURFACE_STYLE_FILL_AREA ( #1318 ) ;
#1596 = PRESENTATION_STYLE_ASSIGNMENT (( #1056 ) ) ;
#1597 = SURFACE_STYLE_USAGE ( .BOTH. , #3385 ) ;
#1598 =( NAMED_UNIT ( * ) PLANE_ANGLE_UNIT ( ) SI_UNIT ( $, .RADIAN. ) );
#1599 = CARTESIAN_POINT ( 'NONE',  ( 2.008420750601659349E-15, 10.54999999999999893, -7.599999999999992539 ) ) ;
#1600 = CARTESIAN_POINT ( 'NONE',  ( 2.008420750601659349E-15, 10.54999999999999893, -7.599999999999992539 ) ) ;
#1601 =( LENGTH_UNIT ( ) NAMED_UNIT ( * ) SI_UNIT ( .MILLI., .METRE. ) );
#1602 = CARTESIAN_POINT ( 'NONE',  ( 8.750000000000001776, -9.449999999999999289, 15.20000000000000639 ) ) ;
#1603 = ORIENTED_EDGE ( 'NONE', *, *, #1165, .F. ) ;
#1604 = AXIS2_PLACEMENT_3D ( 'NONE', #3046, #473, #2462 ) ;
#1605 = CARTESIAN_POINT ( 'NONE',  ( 11.25000000000000355, -0.8000000000000012657, 19.00000000000000711 ) ) ;
#1606 = FILL_AREA_STYLE_COLOUR ( '', #1625 ) ;
#1607 = VERTEX_POINT ( 'NONE', #387 ) ;
#1608 = STYLED_ITEM ( 'NONE', ( #2244 ), #3005 ) ;
#1609 =( NAMED_UNIT ( * ) SI_UNIT ( $, .STERADIAN. ) SOLID_ANGLE_UNIT ( ) );
#1610 = VERTEX_POINT ( 'NONE', #112 ) ;
#1611 = CARTESIAN_POINT ( 'NONE',  ( 4.745568742476036661, -8.450000000000001066, 44.28666238554909995 ) ) ;
#1612 = UNCERTAINTY_MEASURE_WITH_UNIT (LENGTH_MEASURE( 1.000000000000000082E-05 ), #531, 'distance_accuracy_value', 'NONE');
#1613 = DIRECTION ( 'NONE',  ( -0.000000000000000000, -1.000000000000000000, -0.000000000000000000 ) ) ;
#1614 = CARTESIAN_POINT ( 'NONE',  ( 2.008420750601659349E-15, 7.721572875253808199, -7.599999999999992539 ) ) ;
#1615 = VERTEX_POINT ( 'NONE', #2399 ) ;
#1616 = FACE_BOUND ( 'NONE', #2970, .T. ) ;
#1617 = UNCERTAINTY_MEASURE_WITH_UNIT (LENGTH_MEASURE( 1.000000000000000082E-05 ), #1354, 'distance_accuracy_value', 'NONE');
#1618 = CIRCLE ( 'NONE', #2680, 1.300000000000000711 ) ;
#1619 = MECHANICAL_DESIGN_GEOMETRIC_PRESENTATION_REPRESENTATION (  '', ( #2302 ), #2682 ) ;
#1620 = DIRECTION ( 'NONE',  ( -0.000000000000000000, 0.000000000000000000, 1.000000000000000000 ) ) ;
#1621 = SURFACE_STYLE_USAGE ( .BOTH. , #519 ) ;
#1622 = CARTESIAN_POINT ( 'NONE',  ( 0.3223529411764958219, -0.8000000000000012657, 30.50000000000000711 ) ) ;
#1623 = DIRECTION ( 'NONE',  ( 0.000000000000000000, 0.000000000000000000, 1.000000000000000000 ) ) ;
#1624 =( GEOMETRIC_REPRESENTATION_CONTEXT ( 3 ) GLOBAL_UNCERTAINTY_ASSIGNED_CONTEXT ( ( #1040 ) ) GLOBAL_UNIT_ASSIGNED_CONTEXT ( ( #1221, #684, #2690 ) ) REPRESENTATION_CONTEXT ( 'NONE', 'WORKASPACE' ) );
#1625 = COLOUR_RGB ( '',0.7764705882352941346, 0.7568627450980391913, 0.7372549019607843590 ) ;
#1626 = DIRECTION ( 'NONE',  ( 0.000000000000000000, 0.000000000000000000, -1.000000000000000000 ) ) ;
#1627 = DIRECTION ( 'NONE',  ( -0.000000000000000000, -0.000000000000000000, -1.000000000000000000 ) ) ;
#1628 = MECHANICAL_DESIGN_GEOMETRIC_PRESENTATION_REPRESENTATION (  '', ( #1471 ), #1624 ) ;
#1629 = VECTOR ( 'NONE', #408, 1000.000000000000000 ) ;
#1630 = DIRECTION ( 'NONE',  ( -0.000000000000000000, -0.000000000000000000, -1.000000000000000000 ) ) ;
#1631 = SURFACE_STYLE_FILL_AREA ( #1928 ) ;
#1632 = EDGE_CURVE ( 'NONE', #2695, #3520, #441, .T. ) ;
#1633 =( NAMED_UNIT ( * ) PLANE_ANGLE_UNIT ( ) SI_UNIT ( $, .RADIAN. ) );
#1634 = CARTESIAN_POINT ( 'NONE',  ( 0.000000000000000000, 0.000000000000000000, 44.50000000000000711 ) ) ;
#1635 = SURFACE_STYLE_FILL_AREA ( #1358 ) ;
#1636 = CYLINDRICAL_SURFACE ( 'NONE', #3254, 1.250000000000000000 ) ;
#1637 = EDGE_CURVE ( 'NONE', #3420, #2060, #1808, .T. ) ;
#1638 = DIRECTION ( 'NONE',  ( 1.000000000000000000, 0.000000000000000000, 0.000000000000000000 ) ) ;
#1639 = ORIENTED_EDGE ( 'NONE', *, *, #2726, .F. ) ;
#1640 = AXIS2_PLACEMENT_3D ( 'NONE', #1856, #3506, #3585 ) ;
#1641 = AXIS2_PLACEMENT_3D ( 'NONE', #3666, #552, #788 ) ;
#1642 = EDGE_CURVE ( 'NONE', #776, #1610, #3124, .T. ) ;
#1643 = MECHANICAL_DESIGN_GEOMETRIC_PRESENTATION_REPRESENTATION (  '', ( #1834 ), #1955 ) ;
#1644 = DIRECTION ( 'NONE',  ( -0.000000000000000000, -0.000000000000000000, -1.000000000000000000 ) ) ;
#1645 = PRESENTATION_STYLE_ASSIGNMENT (( #539 ) ) ;
#1646 = EDGE_CURVE ( 'NONE', #2220, #1244, #199, .T. ) ;
#1647 = SURFACE_SIDE_STYLE ('',( #1957 ) ) ;
#1648 = FILL_AREA_STYLE_COLOUR ( '', #2112 ) ;
#1649 = CIRCLE ( 'NONE', #1012, 0.5000000000000004441 ) ;
#1650 =( GEOMETRIC_REPRESENTATION_CONTEXT ( 3 ) GLOBAL_UNCERTAINTY_ASSIGNED_CONTEXT ( ( #2201 ) ) GLOBAL_UNIT_ASSIGNED_CONTEXT ( ( #2965, #3198, #2084 ) ) REPRESENTATION_CONTEXT ( 'NONE', 'WORKASPACE' ) );
#1651 = VECTOR ( 'NONE', #2935, 1000.000000000000000 ) ;
#1652 = FACE_OUTER_BOUND ( 'NONE', #1681, .T. ) ;
#1653 = DIRECTION ( 'NONE',  ( 1.000000000000000000, 0.000000000000000000, 0.000000000000000000 ) ) ;
#1654 = EDGE_CURVE ( 'NONE', #909, #1847, #679, .T. ) ;
#1655 = AXIS2_PLACEMENT_3D ( 'NONE', #547, #1656, #2232 ) ;
#1656 = DIRECTION ( 'NONE',  ( -0.000000000000000000, 0.000000000000000000, 1.000000000000000000 ) ) ;
#1657 =( LENGTH_UNIT ( ) NAMED_UNIT ( * ) SI_UNIT ( .MILLI., .METRE. ) );
#1658 =( LENGTH_UNIT ( ) NAMED_UNIT ( * ) SI_UNIT ( .MILLI., .METRE. ) );
#1659 = LINE ( 'NONE', #1746, #702 ) ;
#1660 = UNCERTAINTY_MEASURE_WITH_UNIT (LENGTH_MEASURE( 1.000000000000000082E-05 ), #571, 'distance_accuracy_value', 'NONE');
#1661 = STYLED_ITEM ( 'NONE', ( #2181 ), #1748 ) ;
#1662 = CARTESIAN_POINT ( 'NONE',  ( 2.336013769373576580E-15, 19.54999999999999716, -4.924999999999991829 ) ) ;
#1663 = ADVANCED_FACE ( 'NONE', ( #3550 ), #979, .T. ) ;
#1664 = DIRECTION ( 'NONE',  ( -1.000000000000000000, 6.521783505948035684E-17, 0.000000000000000000 ) ) ;
#1665 = APPLICATION_PROTOCOL_DEFINITION ( 'draft international standard', 'automotive_design', 1998, #2502 ) ;
#1666 = ORIENTED_EDGE ( 'NONE', *, *, #2623, .F. ) ;
#1667 =( LENGTH_UNIT ( ) NAMED_UNIT ( * ) SI_UNIT ( .MILLI., .METRE. ) );
#1668 = ORIENTED_EDGE ( 'NONE', *, *, #1113, .F. ) ;
#1669 = DIRECTION ( 'NONE',  ( 1.000000000000000000, 8.846041307770766674E-16, 0.000000000000000000 ) ) ;
#1670 = CARTESIAN_POINT ( 'NONE',  ( 6.649728078196297965, 6.849999999999998757, 42.50000000000000000 ) ) ;
#1671 = LINE ( 'NONE', #2823, #1561 ) ;
#1672 = UNCERTAINTY_MEASURE_WITH_UNIT (LENGTH_MEASURE( 1.000000000000000082E-05 ), #2234, 'distance_accuracy_value', 'NONE');
#1673 = COLOUR_RGB ( '',0.1019607843137254888, 0.1019607843137254888, 0.1019607843137254888 ) ;
#1674 = SURFACE_STYLE_USAGE ( .BOTH. , #564 ) ;
#1675 = DIRECTION ( 'NONE',  ( -0.000000000000000000, -0.000000000000000000, 1.000000000000000000 ) ) ;
#1676 = AXIS2_PLACEMENT_3D ( 'NONE', #1431, #3392, #261 ) ;
#1677 = DIRECTION ( 'NONE',  ( 1.000000000000000000, 0.000000000000000000, 0.000000000000000000 ) ) ;
#1678 = FACE_OUTER_BOUND ( 'NONE', #1454, .T. ) ;
#1679 = VECTOR ( 'NONE', #3029, 1000.000000000000000 ) ;
#1680 = CARTESIAN_POINT ( 'NONE',  ( 2.008420750601659349E-15, 19.54999999999999716, -7.599999999999992539 ) ) ;
#1681 = EDGE_LOOP ( 'NONE', ( #924, #2231, #1522, #2606, #2938, #3241 ) ) ;
#1682 =( NAMED_UNIT ( * ) PLANE_ANGLE_UNIT ( ) SI_UNIT ( $, .RADIAN. ) );
#1683 = EDGE_LOOP ( 'NONE', ( #751, #2439, #1317, #2713 ) ) ;
#1684 = EDGE_CURVE ( 'NONE', #783, #1847, #799, .T. ) ;
#1685 = LINE ( 'NONE', #2843, #1058 ) ;
#1686 = VECTOR ( 'NONE', #1705, 1000.000000000000000 ) ;
#1687 = EDGE_LOOP ( 'NONE', ( #2670, #3126, #198, #2048 ) ) ;
#1688 = EDGE_CURVE ( 'NONE', #741, #401, #2736, .T. ) ;
#1689 = FILL_AREA_STYLE_COLOUR ( '', #3132 ) ;
#1690 = VERTEX_POINT ( 'NONE', #3616 ) ;
#1691 = ORIENTED_EDGE ( 'NONE', *, *, #399, .T. ) ;
#1692 =( GEOMETRIC_REPRESENTATION_CONTEXT ( 3 ) GLOBAL_UNCERTAINTY_ASSIGNED_CONTEXT ( ( #235 ) ) GLOBAL_UNIT_ASSIGNED_CONTEXT ( ( #1667, #1682, #2239 ) ) REPRESENTATION_CONTEXT ( 'NONE', 'WORKASPACE' ) );
#1693 = FILL_AREA_STYLE ('',( #1426 ) ) ;
#1694 = EDGE_CURVE ( 'NONE', #1727, #2438, #488, .T. ) ;
#1695 = CARTESIAN_POINT ( 'NONE',  ( -7.000000000000000888, 7.849999999999997868, 30.50000000000000711 ) ) ;
#1696 =( GEOMETRIC_REPRESENTATION_CONTEXT ( 3 ) GLOBAL_UNCERTAINTY_ASSIGNED_CONTEXT ( ( #3299 ) ) GLOBAL_UNIT_ASSIGNED_CONTEXT ( ( #1273, #672, #2694 ) ) REPRESENTATION_CONTEXT ( 'NONE', 'WORKASPACE' ) );
#1697 = ORIENTED_EDGE ( 'NONE', *, *, #789, .F. ) ;
#1698 = ORIENTED_EDGE ( 'NONE', *, *, #3329, .T. ) ;
#1699 = ORIENTED_EDGE ( 'NONE', *, *, #1424, .F. ) ;
#1700 = EDGE_CURVE ( 'NONE', #2319, #1013, #1209, .T. ) ;
#1701 = ORIENTED_EDGE ( 'NONE', *, *, #640, .T. ) ;
#1702 = FILL_AREA_STYLE_COLOUR ( '', #3296 ) ;
#1703 = FACE_OUTER_BOUND ( 'NONE', #1263, .T. ) ;
#1704 = UNCERTAINTY_MEASURE_WITH_UNIT (LENGTH_MEASURE( 1.000000000000000082E-05 ), #1658, 'distance_accuracy_value', 'NONE');
#1705 = DIRECTION ( 'NONE',  ( -0.000000000000000000, 1.000000000000000000, -0.000000000000000000 ) ) ;
#1706 = ORIENTED_EDGE ( 'NONE', *, *, #3172, .F. ) ;
#1707 = CIRCLE ( 'NONE', #135, 4.500000000000000888 ) ;
#1708 = STYLED_ITEM ( 'NONE', ( #304 ), #2440 ) ;
#1709 = VECTOR ( 'NONE', #2780, 1000.000000000000000 ) ;
#1710 = CYLINDRICAL_SURFACE ( 'NONE', #3428, 9.927647058823987791 ) ;
#1711 = ORIENTED_EDGE ( 'NONE', *, *, #888, .F. ) ;
#1712 = DIRECTION ( 'NONE',  ( -0.000000000000000000, -1.000000000000000000, -0.000000000000000000 ) ) ;
#1713 = SURFACE_STYLE_USAGE ( .BOTH. , #3203 ) ;
#1714 = DIRECTION ( 'NONE',  ( -1.000000000000000000, 0.000000000000000000, 0.000000000000000000 ) ) ;
#1715 = STYLED_ITEM ( 'NONE', ( #2088 ), #1585 ) ;
#1716 = FILL_AREA_STYLE_COLOUR ( '', #3596 ) ;
#1717 = CARTESIAN_POINT ( 'NONE',  ( 8.750000000000001776, -9.449999999999999289, 12.60000000000000497 ) ) ;
#1718 = VERTEX_POINT ( 'NONE', #504 ) ;
#1719 = ORIENTED_EDGE ( 'NONE', *, *, #1632, .F. ) ;
#1720 = DIRECTION ( 'NONE',  ( -1.304356701189607630E-16, 1.000000000000000000, 0.000000000000000000 ) ) ;
#1721 = CARTESIAN_POINT ( 'NONE',  ( 6.649728078196297965, 6.849999999999998757, 38.90000000000000568 ) ) ;
#1722 = DIRECTION ( 'NONE',  ( -1.000000000000000000, 0.000000000000000000, -0.000000000000000000 ) ) ;
#1723 = SURFACE_STYLE_FILL_AREA ( #1406 ) ;
#1724 = DIRECTION ( 'NONE',  ( -0.000000000000000000, -0.000000000000000000, -1.000000000000000000 ) ) ;
#1725 = SURFACE_STYLE_USAGE ( .BOTH. , #1115 ) ;
#1726 = PRESENTATION_STYLE_ASSIGNMENT (( #623 ) ) ;
#1727 = VERTEX_POINT ( 'NONE', #1347 ) ;
#1728 = AXIS2_PLACEMENT_3D ( 'NONE', #501, #187, #3060 ) ;
#1729 = DIRECTION ( 'NONE',  ( 0.000000000000000000, 0.000000000000000000, 1.000000000000000000 ) ) ;
#1730 = PRESENTATION_LAYER_ASSIGNMENT (  '', '', ( #3372 ) ) ;
#1731 = FILL_AREA_STYLE ('',( #1179 ) ) ;
#1732 = DIRECTION ( 'NONE',  ( 0.000000000000000000, 0.000000000000000000, 1.000000000000000000 ) ) ;
#1733 = AXIS2_PLACEMENT_3D ( 'NONE', #1578, #1836, #1002 ) ;
#1734 = DIRECTION ( 'NONE',  ( 0.000000000000000000, 0.000000000000000000, 1.000000000000000000 ) ) ;
#1735 = EDGE_LOOP ( 'NONE', ( #3483, #1294, #827, #1112, #3680 ) ) ;
#1736 = LINE ( 'NONE', #906, #3158 ) ;
#1737 = ORIENTED_EDGE ( 'NONE', *, *, #252, .F. ) ;
#1738 = VERTEX_POINT ( 'NONE', #2145 ) ;
#1739 = ORIENTED_EDGE ( 'NONE', *, *, #1765, .F. ) ;
#1740 = DIRECTION ( 'NONE',  ( -1.000000000000000000, 0.000000000000000000, 8.673617379884035472E-17 ) ) ;
#1741 = DIRECTION ( 'NONE',  ( 0.000000000000000000, 0.000000000000000000, 1.000000000000000000 ) ) ;
#1742 = UNCERTAINTY_MEASURE_WITH_UNIT (LENGTH_MEASURE( 1.000000000000000082E-05 ), #3127, 'distance_accuracy_value', 'NONE');
#1743 = ADVANCED_BREP_SHAPE_REPRESENTATION ( 'Gear Motor', ( #2386, #1235, #3667, #3607, #3406 ), #1249 ) ;
#1744 = SURFACE_SIDE_STYLE ('',( #2900 ) ) ;
#1745 = DIRECTION ( 'NONE',  ( -1.000000000000000000, 0.000000000000000000, 0.000000000000000000 ) ) ;
#1746 = CARTESIAN_POINT ( 'NONE',  ( -1.999999999999998668, 1.250000000000000000, -23.99999999999999289 ) ) ;
#1747 = ORIENTED_EDGE ( 'NONE', *, *, #88, .T. ) ;
#1748 = ADVANCED_FACE ( 'NONE', ( #1883 ), #3636, .T. ) ;
#1749 = MECHANICAL_DESIGN_GEOMETRIC_PRESENTATION_REPRESENTATION (  '', ( #3625 ), #2174 ) ;
#1750 = DIRECTION ( 'NONE',  ( 0.000000000000000000, 0.000000000000000000, 1.000000000000000000 ) ) ;
#1751 = LINE ( 'NONE', #2597, #3408 ) ;
#1752 = STYLED_ITEM ( 'NONE', ( #1356 ), #816 ) ;
#1753 = EDGE_CURVE ( 'NONE', #1761, #3343, #3023, .T. ) ;
#1754 = CARTESIAN_POINT ( 'NONE',  ( 3.000000000000001332, 3.999999999999999112, 46.20000000000000284 ) ) ;
#1755 = MECHANICAL_DESIGN_GEOMETRIC_PRESENTATION_REPRESENTATION (  '', ( #2922 ), #1945 ) ;
#1756 = ORIENTED_EDGE ( 'NONE', *, *, #252, .T. ) ;
#1757 = LINE ( 'NONE', #2018, #175 ) ;
#1758 = COLOUR_RGB ( '',1.000000000000000000, 0.9490196078431372140, 0.9098039215686274384 ) ;
#1759 = EDGE_LOOP ( 'NONE', ( #3447, #1701, #3133, #2814, #3393 ) ) ;
#1760 = EDGE_CURVE ( 'NONE', #2578, #2320, #3294, .T. ) ;
#1761 = VERTEX_POINT ( 'NONE', #2229 ) ;
#1762 =( NAMED_UNIT ( * ) SI_UNIT ( $, .STERADIAN. ) SOLID_ANGLE_UNIT ( ) );
#1763 = SURFACE_SIDE_STYLE ('',( #912 ) ) ;
#1764 = DIRECTION ( 'NONE',  ( -1.000000000000000000, 0.000000000000000000, 0.000000000000000000 ) ) ;
#1765 = EDGE_CURVE ( 'NONE', #205, #2573, #455, .T. ) ;
#1766 = CARTESIAN_POINT ( 'NONE',  ( 8.750000000000001776, -13.12695526217004449, 15.20000000000000639 ) ) ;
#1767 = CARTESIAN_POINT ( 'NONE',  ( 11.24999999999999645, -9.449999999999999289, -18.99999999999999289 ) ) ;
#1768 = DIRECTION ( 'NONE',  ( 0.000000000000000000, 1.000000000000000000, -0.000000000000000000 ) ) ;
#1769 = ORIENTED_EDGE ( 'NONE', *, *, #3129, .F. ) ;
#1770 = CIRCLE ( 'NONE', #665, 9.927647058823987791 ) ;
#1771 = CARTESIAN_POINT ( 'NONE',  ( 2.100000000000000977, 10.54999999999999893, -5.943007242019441527 ) ) ;
#1772 = FACE_OUTER_BOUND ( 'NONE', #1735, .T. ) ;
#1773 = PRESENTATION_LAYER_ASSIGNMENT (  '', '', ( #1708 ) ) ;
#1774 = MECHANICAL_DESIGN_GEOMETRIC_PRESENTATION_REPRESENTATION (  '', ( #1959 ), #2817 ) ;
#1775 = DIRECTION ( 'NONE',  ( -0.000000000000000000, -0.000000000000000000, -1.000000000000000000 ) ) ;
#1776 = CIRCLE ( 'NONE', #383, 2.000000000000001776 ) ;
#1777 = LINE ( 'NONE', #651, #2208 ) ;
#1778 = CARTESIAN_POINT ( 'NONE',  ( 10.25000000000047251, -0.8000000000000012657, 42.50000000000000000 ) ) ;
#1779 = EDGE_CURVE ( 'NONE', #3375, #844, #621, .T. ) ;
#1780 = CARTESIAN_POINT ( 'NONE',  ( 0.3223529411764958219, -0.8000000000000012657, 19.00000000000000711 ) ) ;
#1781 = ORIENTED_EDGE ( 'NONE', *, *, #1779, .F. ) ;
#1782 = CARTESIAN_POINT ( 'NONE',  ( 5.746714777791408935, 6.849999999999997868, 43.88629107241913374 ) ) ;
#1783 = UNCERTAINTY_MEASURE_WITH_UNIT (LENGTH_MEASURE( 1.000000000000000082E-05 ), #1167, 'distance_accuracy_value', 'NONE');
#1784 =( GEOMETRIC_REPRESENTATION_CONTEXT ( 3 ) GLOBAL_UNCERTAINTY_ASSIGNED_CONTEXT ( ( #3040 ) ) GLOBAL_UNIT_ASSIGNED_CONTEXT ( ( #2071, #2941, #695 ) ) REPRESENTATION_CONTEXT ( 'NONE', 'WORKASPACE' ) );
#1785 = DIRECTION ( 'NONE',  ( -0.000000000000000000, -0.000000000000000000, 1.000000000000000000 ) ) ;
#1786 = CARTESIAN_POINT ( 'NONE',  ( 1.000000000000000000, 1.224646799147353207E-16, 44.50000000000000711 ) ) ;
#1787 = SURFACE_SIDE_STYLE ('',( #451 ) ) ;
#1788 = ORIENTED_EDGE ( 'NONE', *, *, #3425, .T. ) ;
#1789 = CARTESIAN_POINT ( 'NONE',  ( 0.3223529411764958219, -0.8000000000000012657, 44.50000000000000711 ) ) ;
#1790 =( NAMED_UNIT ( * ) PLANE_ANGLE_UNIT ( ) SI_UNIT ( $, .RADIAN. ) );
#1791 = CIRCLE ( 'NONE', #213, 4.500000000000000888 ) ;
#1792 =( GEOMETRIC_REPRESENTATION_CONTEXT ( 3 ) GLOBAL_UNCERTAINTY_ASSIGNED_CONTEXT ( ( #616 ) ) GLOBAL_UNIT_ASSIGNED_CONTEXT ( ( #2716, #676, #964 ) ) REPRESENTATION_CONTEXT ( 'NONE', 'WORKASPACE' ) );
#1793 = CARTESIAN_POINT ( 'NONE',  ( -11.25000000000000711, -0.8000000000000022649, 30.50000000000000711 ) ) ;
#1794 =( LENGTH_UNIT ( ) NAMED_UNIT ( * ) SI_UNIT ( .MILLI., .METRE. ) );
#1795 = EDGE_LOOP ( 'NONE', ( #1517, #825, #2104, #3672 ) ) ;
#1796 = MECHANICAL_DESIGN_GEOMETRIC_PRESENTATION_REPRESENTATION (  '', ( #3372 ), #637 ) ;
#1797 = ORIENTED_EDGE ( 'NONE', *, *, #3013, .F. ) ;
#1798 = DIRECTION ( 'NONE',  ( 0.000000000000000000, -1.000000000000000000, 0.000000000000000000 ) ) ;
#1799 = CARTESIAN_POINT ( 'NONE',  ( 2.402037506027726810, 6.849999999999998757, 44.50000000000000711 ) ) ;
#1800 = ADVANCED_FACE ( 'NONE', ( #1652 ), #3180, .F. ) ;
#1801 = EDGE_CURVE ( 'NONE', #1352, #746, #2591, .T. ) ;
#1802 = CARTESIAN_POINT ( 'NONE',  ( 0.000000000000000000, 0.000000000000000000, 40.96446609406726935 ) ) ;
#1803 = DIRECTION ( 'NONE',  ( -0.000000000000000000, -1.000000000000000000, -0.000000000000000000 ) ) ;
#1804 = FILL_AREA_STYLE ('',( #728 ) ) ;
#1805 = PRESENTATION_STYLE_ASSIGNMENT (( #452 ) ) ;
#1806 = ORIENTED_EDGE ( 'NONE', *, *, #3499, .T. ) ;
#1807 = EDGE_CURVE ( 'NONE', #2220, #2619, #1840, .T. ) ;
#1808 = LINE ( 'NONE', #1533, #1147 ) ;
#1809 = SURFACE_STYLE_FILL_AREA ( #2383 ) ;
#1810 = TOROIDAL_SURFACE ( 'NONE', #2164, 7.927647058823976245, 2.000000000000000000 ) ;
#1811 = CARTESIAN_POINT ( 'NONE',  ( 6.649728078196296188, -8.450000000000002842, 19.00000000000000711 ) ) ;
#1812 = EDGE_CURVE ( 'NONE', #1044, #1690, #1132, .T. ) ;
#1813 = STYLED_ITEM ( 'NONE', ( #1805 ), #973 ) ;
#1814 = PLANE ( 'NONE',  #122 ) ;
#1815 = LINE ( 'NONE', #2059, #2010 ) ;
#1816 = STYLED_ITEM ( 'NONE', ( #2177 ), #1019 ) ;
#1817 = ORIENTED_EDGE ( 'NONE', *, *, #760, .F. ) ;
#1818 = AXIS2_PLACEMENT_3D ( 'NONE', #1493, #392, #2650 ) ;
#1819 = DIRECTION ( 'NONE',  ( -0.000000000000000000, 1.000000000000000000, -0.000000000000000000 ) ) ;
#1820 = CARTESIAN_POINT ( 'NONE',  ( 6.635512201197347082, 6.849999999999996980, 42.71792344903280281 ) ) ;
#1821 = UNCERTAINTY_MEASURE_WITH_UNIT (LENGTH_MEASURE( 1.000000000000000082E-05 ), #2152, 'distance_accuracy_value', 'NONE');
#1822 = ADVANCED_FACE ( 'NONE', ( #887 ), #3398, .T. ) ;
#1823 = AXIS2_PLACEMENT_3D ( 'NONE', #754, #1582, #2758 ) ;
#1824 = ORIENTED_EDGE ( 'NONE', *, *, #3478, .F. ) ;
#1825 = LINE ( 'NONE', #2047, #1542 ) ;
#1826 = DIRECTION ( 'NONE',  ( 0.000000000000000000, 0.000000000000000000, -1.000000000000000000 ) ) ;
#1827 = DIRECTION ( 'NONE',  ( -6.521783505948035684E-17, -1.000000000000000000, 0.000000000000000000 ) ) ;
#1828 = ORIENTED_EDGE ( 'NONE', *, *, #678, .T. ) ;
#1829 = ORIENTED_EDGE ( 'NONE', *, *, #2726, .T. ) ;
#1830 = CARTESIAN_POINT ( 'NONE',  ( -6.649728078196305070, -8.450000000000004619, 38.90000000000000568 ) ) ;
#1831 = LINE ( 'NONE', #3217, #308 ) ;
#1832 = AXIS2_PLACEMENT_3D ( 'NONE', #2784, #3613, #1047 ) ;
#1833 = PRESENTATION_LAYER_ASSIGNMENT (  '', '', ( #716 ) ) ;
#1834 = STYLED_ITEM ( 'NONE', ( #529 ), #2324 ) ;
#1835 = DIRECTION ( 'NONE',  ( 0.000000000000000000, 1.000000000000000000, 0.000000000000000000 ) ) ;
#1836 = DIRECTION ( 'NONE',  ( 0.000000000000000000, 0.000000000000000000, 1.000000000000000000 ) ) ;
#1837 = CARTESIAN_POINT ( 'NONE',  ( 2.008420750601659349E-15, 19.54999999999999716, -10.27499999999999325 ) ) ;
#1838 = CARTESIAN_POINT ( 'NONE',  ( 2.100000000000000977, 10.54999999999999893, -5.943007242019441527 ) ) ;
#1839 = PRESENTATION_LAYER_ASSIGNMENT (  '', '', ( #3472 ) ) ;
#1840 = CIRCLE ( 'NONE', #381, 1.000000000000000000 ) ;
#1841 = VERTEX_POINT ( 'NONE', #2575 ) ;
#1842 = EDGE_LOOP ( 'NONE', ( #3542, #694, #2064, #38 ) ) ;
#1843 = COLOUR_RGB ( '',0.1019607843137254888, 0.1019607843137254888, 0.1019607843137254888 ) ;
#1844 = STYLED_ITEM ( 'NONE', ( #1645 ), #2223 ) ;
#1845 = SURFACE_STYLE_USAGE ( .BOTH. , #168 ) ;
#1846 = MECHANICAL_DESIGN_GEOMETRIC_PRESENTATION_REPRESENTATION (  '', ( #618 ), #3237 ) ;
#1847 = VERTEX_POINT ( 'NONE', #27 ) ;
#1848 = SURFACE_STYLE_FILL_AREA ( #1896 ) ;
#1849 = VECTOR ( 'NONE', #3578, 1000.000000000000000 ) ;
#1850 = CARTESIAN_POINT ( 'NONE',  ( 2.336013769373576580E-15, 19.54999999999999716, -4.924999999999991829 ) ) ;
#1851 = ORIENTED_EDGE ( 'NONE', *, *, #773, .F. ) ;
#1852 = DIRECTION ( 'NONE',  ( 0.000000000000000000, 0.000000000000000000, -1.000000000000000000 ) ) ;
#1853 =( NAMED_UNIT ( * ) SI_UNIT ( $, .STERADIAN. ) SOLID_ANGLE_UNIT ( ) );
#1854 = CARTESIAN_POINT ( 'NONE',  ( -8.750000000000001776, -9.449999999999999289, 13.90000000000000568 ) ) ;
#1855 = CARTESIAN_POINT ( 'NONE',  ( 2.100000000000000977, 19.54999999999999716, -9.256992757980540887 ) ) ;
#1856 = CARTESIAN_POINT ( 'NONE',  ( 2.008420750601659349E-15, 19.54999999999999716, -7.599999999999992539 ) ) ;
#1857 = LINE ( 'NONE', #763, #291 ) ;
#1858 = AXIS2_PLACEMENT_3D ( 'NONE', #2576, #622, #2904 ) ;
#1859 = DIRECTION ( 'NONE',  ( -1.000000000000000000, 0.000000000000000000, 0.000000000000000000 ) ) ;
#1860 = PRESENTATION_LAYER_ASSIGNMENT (  '', '', ( #1608 ) ) ;
#1861 = VERTEX_POINT ( 'NONE', #1154 ) ;
#1862 = FILL_AREA_STYLE_COLOUR ( '', #15 ) ;
#1863 = CARTESIAN_POINT ( 'NONE',  ( -11.25000000000000355, 9.449999999999999289, -14.49999999999998757 ) ) ;
#1864 = SURFACE_STYLE_USAGE ( .BOTH. , #3380 ) ;
#1865 =( NAMED_UNIT ( * ) SI_UNIT ( $, .STERADIAN. ) SOLID_ANGLE_UNIT ( ) );
#1866 = EDGE_CURVE ( 'NONE', #90, #685, #3437, .T. ) ;
#1867 = CARTESIAN_POINT ( 'NONE',  ( -6.649728078196305958, 6.849999999999999645, 42.50000000000000000 ) ) ;
#1868 = CARTESIAN_POINT ( 'NONE',  ( -6.649728078196305070, -8.450000000000004619, 19.00000000000000711 ) ) ;
#1869 = DIRECTION ( 'NONE',  ( 8.673617379884035472E-17, 0.000000000000000000, 1.000000000000000000 ) ) ;
#1870 = CARTESIAN_POINT ( 'NONE',  ( -8.750000000000001776, 9.449999999999999289, 15.20000000000000639 ) ) ;
#1871 = DIRECTION ( 'NONE',  ( 0.000000000000000000, 0.000000000000000000, 1.000000000000000000 ) ) ;
#1872 = ORIENTED_EDGE ( 'NONE', *, *, #732, .T. ) ;
#1873 = COLOUR_RGB ( '',0.7764705882352941346, 0.7568627450980391913, 0.7372549019607843590 ) ;
#1874 = CARTESIAN_POINT ( 'NONE',  ( 7.000000000000001776, -9.449999999999995737, 30.50000000000000711 ) ) ;
#1875 = CIRCLE ( 'NONE', #3333, 3.750000000000000000 ) ;
#1876 = EDGE_LOOP ( 'NONE', ( #1914, #1747, #25, #3634, #1227, #956 ) ) ;
#1877 = DIRECTION ( 'NONE',  ( 1.369518533665900558E-16, 0.000000000000000000, 1.000000000000000000 ) ) ;
#1878 = CARTESIAN_POINT ( 'NONE',  ( 2.008420750601659349E-15, 10.54999999999999893, -6.599999999999992539 ) ) ;
#1879 = CARTESIAN_POINT ( 'NONE',  ( 8.750000000000001776, -13.12695526217004449, 13.90000000000000568 ) ) ;
#1880 = CARTESIAN_POINT ( 'NONE',  ( 2.000000000000001332, 1.250000000000000000, -23.99999999999999289 ) ) ;
#1881 = AXIS2_PLACEMENT_3D ( 'NONE', #2781, #462, #3280 ) ;
#1882 = ORIENTED_EDGE ( 'NONE', *, *, #2485, .F. ) ;
#1883 = FACE_OUTER_BOUND ( 'NONE', #2707, .T. ) ;
#1884 = FILL_AREA_STYLE ('',( #1332 ) ) ;
#1885 = DIRECTION ( 'NONE',  ( 0.000000000000000000, 1.000000000000000000, 0.000000000000000000 ) ) ;
#1886 = DIRECTION ( 'NONE',  ( 1.000000000000000000, 0.000000000000000000, 0.000000000000000000 ) ) ;
#1887 = SURFACE_STYLE_USAGE ( .BOTH. , #1037 ) ;
#1888 = COLOUR_RGB ( '',0.7921568627450980005, 0.8196078431372548767, 0.9333333333333333481 ) ;
#1889 = LINE ( 'NONE', #3053, #3095 ) ;
#1890 = SURFACE_STYLE_USAGE ( .BOTH. , #3609 ) ;
#1891 = COLOUR_RGB ( '',0.7921568627450980005, 0.8196078431372548767, 0.9333333333333333481 ) ;
#1892 = SURFACE_SIDE_STYLE ('',( #2761 ) ) ;
#1893 = DIRECTION ( 'NONE',  ( 1.000000000000000000, 1.304356701189607630E-16, 0.000000000000000000 ) ) ;
#1894 = CIRCLE ( 'NONE', #1077, 9.927647058823987791 ) ;
#1895 = EDGE_LOOP ( 'NONE', ( #343, #3591, #3326, #2660 ) ) ;
#1896 = FILL_AREA_STYLE ('',( #771 ) ) ;
#1897 = SURFACE_STYLE_USAGE ( .BOTH. , #225 ) ;
#1898 = UNCERTAINTY_MEASURE_WITH_UNIT (LENGTH_MEASURE( 1.000000000000000082E-05 ), #1302, 'distance_accuracy_value', 'NONE');
#1899 = CARTESIAN_POINT ( 'NONE',  ( -0.3223529411764873842, -0.8000000000000022649, 46.70000000000000284 ) ) ;
#1900 = CLOSED_SHELL ( 'NONE', ( #3382, #3384, #83, #973, #245, #1975, #2831, #3553, #2741, #1748, #1800, #3436, #3659, #2730, #127, #3161, #3153, #2078, #2440, #1036, #3055, #477 ) ) ;
#1901 = MECHANICAL_DESIGN_GEOMETRIC_PRESENTATION_REPRESENTATION (  '', ( #319 ), #3586 ) ;
#1902 = LINE ( 'NONE', #1924, #3364 ) ;
#1903 = ORIENTED_EDGE ( 'NONE', *, *, #3129, .T. ) ;
#1904 = ORIENTED_EDGE ( 'NONE', *, *, #908, .T. ) ;
#1905 = CARTESIAN_POINT ( 'NONE',  ( -8.750000000000001776, -13.12695526217004449, 13.90000000000000568 ) ) ;
#1906 = DIRECTION ( 'NONE',  ( 0.000000000000000000, 0.000000000000000000, 1.000000000000000000 ) ) ;
#1907 =( NAMED_UNIT ( * ) SI_UNIT ( $, .STERADIAN. ) SOLID_ANGLE_UNIT ( ) );
#1908 = PRESENTATION_STYLE_ASSIGNMENT (( #3554 ) ) ;
#1909 = FACE_BOUND ( 'NONE', #2651, .T. ) ;
#1910 = EDGE_LOOP ( 'NONE', ( #76, #1461 ) ) ;
#1911 = FILL_AREA_STYLE ('',( #2169 ) ) ;
#1912 = CARTESIAN_POINT ( 'NONE',  ( 2.008420750601659349E-15, 19.54999999999999716, -7.599999999999992539 ) ) ;
#1913 = COLOUR_RGB ( '',1.000000000000000000, 1.000000000000000000, 0.000000000000000000 ) ;
#1914 = ORIENTED_EDGE ( 'NONE', *, *, #1779, .T. ) ;
#1915 = DIRECTION ( 'NONE',  ( -0.000000000000000000, -0.000000000000000000, 1.000000000000000000 ) ) ;
#1916 = CYLINDRICAL_SURFACE ( 'NONE', #7, 10.92764705882351173 ) ;
#1917 = SURFACE_STYLE_USAGE ( .BOTH. , #795 ) ;
#1918 = PRESENTATION_LAYER_ASSIGNMENT (  '', '', ( #2661 ) ) ;
#1919 =( NAMED_UNIT ( * ) PLANE_ANGLE_UNIT ( ) SI_UNIT ( $, .RADIAN. ) );
#1920 = VERTEX_POINT ( 'NONE', #705 ) ;
#1921 = EDGE_CURVE ( 'NONE', #1607, #2921, #159, .T. ) ;
#1922 = PRESENTATION_LAYER_ASSIGNMENT (  '', '', ( #2032 ) ) ;
#1923 = CARTESIAN_POINT ( 'NONE',  ( -3.000000000000001332, 3.999999999999999112, 44.50000000000000711 ) ) ;
#1924 = CARTESIAN_POINT ( 'NONE',  ( -11.24999999999999822, 9.449999999999999289, 19.00000000000000711 ) ) ;
#1925 = EDGE_CURVE ( 'NONE', #2872, #3686, #1825, .T. ) ;
#1926 = SURFACE_SIDE_STYLE ('',( #3101 ) ) ;
#1927 = DIRECTION ( 'NONE',  ( -0.000000000000000000, -0.000000000000000000, 1.000000000000000000 ) ) ;
#1928 = FILL_AREA_STYLE ('',( #3102 ) ) ;
#1929 = CARTESIAN_POINT ( 'NONE',  ( -5.000000000000000000, 6.123233995736766282E-16, 46.20000000000000284 ) ) ;
#1930 = UNCERTAINTY_MEASURE_WITH_UNIT (LENGTH_MEASURE( 1.000000000000000082E-05 ), #3031, 'distance_accuracy_value', 'NONE');
#1931 = EDGE_CURVE ( 'NONE', #3179, #2473, #3511, .T. ) ;
#1932 = FACE_OUTER_BOUND ( 'NONE', #2565, .T. ) ;
#1933 = EDGE_CURVE ( 'NONE', #78, #1847, #2966, .T. ) ;
#1934 = FILL_AREA_STYLE ('',( #3683 ) ) ;
#1935 = SURFACE_STYLE_USAGE ( .BOTH. , #1892 ) ;
#1936 = VERTEX_POINT ( 'NONE', #660 ) ;
#1937 =( LENGTH_UNIT ( ) NAMED_UNIT ( * ) SI_UNIT ( .MILLI., .METRE. ) );
#1938 = COLOUR_RGB ( '',1.000000000000000000, 1.000000000000000000, 1.000000000000000000 ) ;
#1939 = VERTEX_POINT ( 'NONE', #1786 ) ;
#1940 = PLANE ( 'NONE',  #2642 ) ;
#1941 = PLANE ( 'NONE',  #3571 ) ;
#1942 = UNCERTAINTY_MEASURE_WITH_UNIT (LENGTH_MEASURE( 1.000000000000000082E-05 ), #3120, 'distance_accuracy_value', 'NONE');
#1943 = EDGE_CURVE ( 'NONE', #1551, #3471, #2413, .T. ) ;
#1944 = CIRCLE ( 'NONE', #2742, 0.5000000000000004441 ) ;
#1945 =( GEOMETRIC_REPRESENTATION_CONTEXT ( 3 ) GLOBAL_UNCERTAINTY_ASSIGNED_CONTEXT ( ( #1965 ) ) GLOBAL_UNIT_ASSIGNED_CONTEXT ( ( #3042, #210, #2522 ) ) REPRESENTATION_CONTEXT ( 'NONE', 'WORKASPACE' ) );
#1946 = DIRECTION ( 'NONE',  ( 1.000000000000000000, 0.000000000000000000, 0.000000000000000000 ) ) ;
#1947 = PRESENTATION_LAYER_ASSIGNMENT (  '', '', ( #2114 ) ) ;
#1948 = EDGE_CURVE ( 'NONE', #1610, #1277, #1259, .T. ) ;
#1949 = DIRECTION ( 'NONE',  ( -0.000000000000000000, -0.000000000000000000, -1.000000000000000000 ) ) ;
#1950 = SURFACE_SIDE_STYLE ('',( #2582 ) ) ;
#1951 = ORIENTED_EDGE ( 'NONE', *, *, #1539, .T. ) ;
#1952 = CARTESIAN_POINT ( 'NONE',  ( 11.25000000000000355, 9.449999999999999289, 19.00000000000000711 ) ) ;
#1953 = VECTOR ( 'NONE', #3654, 1000.000000000000000 ) ;
#1954 = EDGE_LOOP ( 'NONE', ( #2731, #3470 ) ) ;
#1955 =( GEOMETRIC_REPRESENTATION_CONTEXT ( 3 ) GLOBAL_UNCERTAINTY_ASSIGNED_CONTEXT ( ( #1672 ) ) GLOBAL_UNIT_ASSIGNED_CONTEXT ( ( #2234, #2184, #804 ) ) REPRESENTATION_CONTEXT ( 'NONE', 'WORKASPACE' ) );
#1956 = DIRECTION ( 'NONE',  ( -0.000000000000000000, 0.000000000000000000, 1.000000000000000000 ) ) ;
#1957 = SURFACE_STYLE_FILL_AREA ( #3416 ) ;
#1958 = FACE_OUTER_BOUND ( 'NONE', #3250, .T. ) ;
#1959 = STYLED_ITEM ( 'NONE', ( #1976 ), #1800 ) ;
#1960 = DIRECTION ( 'NONE',  ( -0.000000000000000000, -0.000000000000000000, -1.000000000000000000 ) ) ;
#1961 = DIRECTION ( 'NONE',  ( 1.000000000000000000, 0.000000000000000000, 0.000000000000000000 ) ) ;
#1962 = VERTEX_POINT ( 'NONE', #87 ) ;
#1963 = AXIS2_PLACEMENT_3D ( 'NONE', #3639, #1061, #1034 ) ;
#1964 = PRESENTATION_STYLE_ASSIGNMENT (( #2268 ) ) ;
#1965 = UNCERTAINTY_MEASURE_WITH_UNIT (LENGTH_MEASURE( 1.000000000000000082E-05 ), #3042, 'distance_accuracy_value', 'NONE');
#1966 = LINE ( 'NONE', #1695, #523 ) ;
#1967 = PRODUCT_RELATED_PRODUCT_CATEGORY ( 'part', '', ( #2878 ) ) ;
#1968 = CARTESIAN_POINT ( 'NONE',  ( 2.008420750601659349E-15, 9.950000000000001066, -7.599999999999992539 ) ) ;
#1969 = PRODUCT_CONTEXT ( 'NONE', #2751, 'mechanical' ) ;
#1970 = ORIENTED_EDGE ( 'NONE', *, *, #1107, .T. ) ;
#1971 = CARTESIAN_POINT ( 'NONE',  ( 11.24999999999999645, 9.449999999999999289, -18.99999999999999289 ) ) ;
#1972 = PRESENTATION_LAYER_ASSIGNMENT (  '', '', ( #1505 ) ) ;
#1973 =( NAMED_UNIT ( * ) SI_UNIT ( $, .STERADIAN. ) SOLID_ANGLE_UNIT ( ) );
#1974 = UNCERTAINTY_MEASURE_WITH_UNIT (LENGTH_MEASURE( 1.000000000000000082E-05 ), #1534, 'distance_accuracy_value', 'NONE');
#1975 = ADVANCED_FACE ( 'NONE', ( #3210 ), #1479, .T. ) ;
#1976 = PRESENTATION_STYLE_ASSIGNMENT (( #1674 ) ) ;
#1977 = CIRCLE ( 'NONE', #1392, 10.92764705882351883 ) ;
#1978 =( NAMED_UNIT ( * ) SI_UNIT ( $, .STERADIAN. ) SOLID_ANGLE_UNIT ( ) );
#1979 = CARTESIAN_POINT ( 'NONE',  ( -11.24999999999999822, 9.449999999999999289, 19.00000000000000711 ) ) ;
#1980 = CYLINDRICAL_SURFACE ( 'NONE', #769, 3.750000000000000000 ) ;
#1981 = COLOUR_RGB ( '',1.000000000000000000, 1.000000000000000000, 0.000000000000000000 ) ;
#1982 = EDGE_CURVE ( 'NONE', #1936, #162, #1513, .T. ) ;
#1983 = DIRECTION ( 'NONE',  ( 0.000000000000000000, -0.000000000000000000, 1.000000000000000000 ) ) ;
#1984 = SURFACE_STYLE_FILL_AREA ( #854 ) ;
#1985 = VERTEX_POINT ( 'NONE', #3246 ) ;
#1986 = DIRECTION ( 'NONE',  ( -1.000000000000000000, 0.000000000000000000, 0.000000000000000000 ) ) ;
#1987 = ORIENTED_EDGE ( 'NONE', *, *, #2382, .F. ) ;
#1988 = ORIENTED_EDGE ( 'NONE', *, *, #3323, .F. ) ;
#1989 = DIRECTION ( 'NONE',  ( -0.000000000000000000, -1.000000000000000000, -0.000000000000000000 ) ) ;
#1990 = CARTESIAN_POINT ( 'NONE',  ( -0.3223529411764873842, -0.8000000000000022649, 19.00000000000000711 ) ) ;
#1991 = STYLED_ITEM ( 'NONE', ( #2326 ), #1281 ) ;
#1992 = DIRECTION ( 'NONE',  ( -0.000000000000000000, -0.000000000000000000, -1.000000000000000000 ) ) ;
#1993 = DIRECTION ( 'NONE',  ( -0.000000000000000000, -0.000000000000000000, 1.000000000000000000 ) ) ;
#1994 = ORIENTED_EDGE ( 'NONE', *, *, #644, .T. ) ;
#1995 = AXIS2_PLACEMENT_3D ( 'NONE', #729, #3288, #2415 ) ;
#1996 = AXIS2_PLACEMENT_3D ( 'NONE', #1122, #260, #2168 ) ;
#1997 = STYLED_ITEM ( 'NONE', ( #3507 ), #402 ) ;
#1998 = DIRECTION ( 'NONE',  ( 1.369518533665900558E-16, 0.000000000000000000, 1.000000000000000000 ) ) ;
#1999 = CARTESIAN_POINT ( 'NONE',  ( -2.100000000000000977, 19.54999999999999716, -9.256992757980540887 ) ) ;
#2000 = DIRECTION ( 'NONE',  ( 0.000000000000000000, 1.000000000000000000, 0.000000000000000000 ) ) ;
#2001 = VECTOR ( 'NONE', #2537, 1000.000000000000000 ) ;
#2002 = UNCERTAINTY_MEASURE_WITH_UNIT (LENGTH_MEASURE( 1.000000000000000082E-05 ), #1260, 'distance_accuracy_value', 'NONE');
#2003 = MECHANICAL_DESIGN_GEOMETRIC_PRESENTATION_REPRESENTATION (  '', ( #1068 ), #2304 ) ;
#2004 = COLOUR_RGB ( '',1.000000000000000000, 1.000000000000000000, 0.000000000000000000 ) ;
#2005 = STYLED_ITEM ( 'NONE', ( #3202 ), #2386 ) ;
#2006 = FILL_AREA_STYLE ('',( #3479 ) ) ;
#2007 = DIRECTION ( 'NONE',  ( -1.000000000000000000, 0.000000000000000000, 3.083952846180990774E-16 ) ) ;
#2008 = DIRECTION ( 'NONE',  ( -0.000000000000000000, -0.000000000000000000, 1.000000000000000000 ) ) ;
#2009 =( NAMED_UNIT ( * ) PLANE_ANGLE_UNIT ( ) SI_UNIT ( $, .RADIAN. ) );
#2010 = VECTOR ( 'NONE', #460, 1000.000000000000000 ) ;
#2011 = PRESENTATION_LAYER_ASSIGNMENT (  '', '', ( #551 ) ) ;
#2012 = AXIS2_PLACEMENT_3D ( 'NONE', #2706, #151, #2664 ) ;
#2013 =( NAMED_UNIT ( * ) PLANE_ANGLE_UNIT ( ) SI_UNIT ( $, .RADIAN. ) );
#2014 = LINE ( 'NONE', #1142, #2842 ) ;
#2015 = DIRECTION ( 'NONE',  ( 1.000000000000000000, 0.000000000000000000, 0.000000000000000000 ) ) ;
#2016 = MECHANICAL_DESIGN_GEOMETRIC_PRESENTATION_REPRESENTATION (  '', ( #3652 ), #2827 ) ;
#2017 = CARTESIAN_POINT ( 'NONE',  ( 0.3223529411764958219, -0.8000000000000012657, 19.00000000000000711 ) ) ;
#2018 = CARTESIAN_POINT ( 'NONE',  ( -6.649728078196305958, 6.849999999999999645, 46.70000000000000284 ) ) ;
#2019 = VERTEX_POINT ( 'NONE', #2377 ) ;
#2020 = ORIENTED_EDGE ( 'NONE', *, *, #3166, .F. ) ;
#2021 = FILL_AREA_STYLE ('',( #2654 ) ) ;
#2022 = DIRECTION ( 'NONE',  ( 0.000000000000000000, 0.000000000000000000, 1.000000000000000000 ) ) ;
#2023 = EDGE_CURVE ( 'NONE', #3347, #1222, #2263, .T. ) ;
#2024 = PRESENTATION_STYLE_ASSIGNMENT (( #2715 ) ) ;
#2025 = MECHANICAL_DESIGN_GEOMETRIC_PRESENTATION_REPRESENTATION (  '', ( #449 ), #2468 ) ;
#2026 =( NAMED_UNIT ( * ) SI_UNIT ( $, .STERADIAN. ) SOLID_ANGLE_UNIT ( ) );
#2027 = EDGE_CURVE ( 'NONE', #91, #162, #1255, .T. ) ;
#2028 = EDGE_LOOP ( 'NONE', ( #2345, #577, #145, #3224 ) ) ;
#2029 = AXIS2_PLACEMENT_3D ( 'NONE', #56, #297, #2022 ) ;
#2030 = DIRECTION ( 'NONE',  ( -0.000000000000000000, -0.000000000000000000, 1.000000000000000000 ) ) ;
#2031 =( NAMED_UNIT ( * ) SI_UNIT ( $, .STERADIAN. ) SOLID_ANGLE_UNIT ( ) );
#2032 = STYLED_ITEM ( 'NONE', ( #2563 ), #3025 ) ;
#2033 = EDGE_CURVE ( 'NONE', #1920, #1310, #2637, .T. ) ;
#2034 = CARTESIAN_POINT ( 'NONE',  ( 8.750000000000001776, -9.449999999999999289, 13.90000000000000568 ) ) ;
#2035 = FILL_AREA_STYLE ('',( #2581 ) ) ;
#2036 = AXIS2_PLACEMENT_3D ( 'NONE', #3274, #492, #1886 ) ;
#2037 = CARTESIAN_POINT ( 'NONE',  ( 6.749999999999995559, 9.449999999999999289, -18.99999999999999289 ) ) ;
#2038 = EDGE_CURVE ( 'NONE', #730, #987, #1228, .T. ) ;
#2039 = CARTESIAN_POINT ( 'NONE',  ( -6.391876381304449239, -8.450000000000002842, 43.31539597119526519 ) ) ;
#2040 = FILL_AREA_STYLE ('',( #3536 ) ) ;
#2041 = ORIENTED_EDGE ( 'NONE', *, *, #2720, .F. ) ;
#2042 = VERTEX_POINT ( 'NONE', #1878 ) ;
#2043 = FACE_OUTER_BOUND ( 'NONE', #331, .T. ) ;
#2044 = FILL_AREA_STYLE_COLOUR ( '', #3404 ) ;
#2045 = SURFACE_SIDE_STYLE ('',( #2949 ) ) ;
#2046 = UNCERTAINTY_MEASURE_WITH_UNIT (LENGTH_MEASURE( 1.000000000000000082E-05 ), #325, 'distance_accuracy_value', 'NONE');
#2047 = CARTESIAN_POINT ( 'NONE',  ( -2.100000000000000977, 10.54999999999999893, -9.256992757980540887 ) ) ;
#2048 = ORIENTED_EDGE ( 'NONE', *, *, #2743, .F. ) ;
#2049 = TOROIDAL_SURFACE ( 'NONE', #2972, 0.8000000000000000444, 0.2000000000000000111 ) ;
#2050 = ADVANCED_FACE ( 'NONE', ( #1314 ), #1916, .T. ) ;
#2051 = DIRECTION ( 'NONE',  ( -0.000000000000000000, -1.000000000000000000, -0.000000000000000000 ) ) ;
#2052 = DIRECTION ( 'NONE',  ( -1.000000000000000000, 1.224646799147353947E-16, 0.000000000000000000 ) ) ;
#2053 = PRESENTATION_LAYER_ASSIGNMENT (  '', '', ( #2859 ) ) ;
#2054 =( LENGTH_UNIT ( ) NAMED_UNIT ( * ) SI_UNIT ( .MILLI., .METRE. ) );
#2055 = SURFACE_STYLE_USAGE ( .BOTH. , #1489 ) ;
#2056 = CARTESIAN_POINT ( 'NONE',  ( -6.649728078196305958, -8.450000000000002842, 19.00000000000000711 ) ) ;
#2057 = CARTESIAN_POINT ( 'NONE',  ( -0.3223529411764873842, -0.8000000000000022649, 44.50000000000000711 ) ) ;
#2058 = MECHANICAL_DESIGN_GEOMETRIC_PRESENTATION_REPRESENTATION (  '', ( #3216 ), #1692 ) ;
#2059 = CARTESIAN_POINT ( 'NONE',  ( 2.008420750601659349E-15, 19.54999999999999716, -10.27499999999999325 ) ) ;
#2060 = VERTEX_POINT ( 'NONE', #186 ) ;
#2061 =( NAMED_UNIT ( * ) PLANE_ANGLE_UNIT ( ) SI_UNIT ( $, .RADIAN. ) );
#2062 = DIRECTION ( 'NONE',  ( 0.000000000000000000, -1.000000000000000000, 0.000000000000000000 ) ) ;
#2063 = FACE_BOUND ( 'NONE', #582, .T. ) ;
#2064 = ORIENTED_EDGE ( 'NONE', *, *, #1576, .F. ) ;
#2065 = SURFACE_STYLE_FILL_AREA ( #432 ) ;
#2066 = PRESENTATION_STYLE_ASSIGNMENT (( #2414 ) ) ;
#2067 = SURFACE_STYLE_USAGE ( .BOTH. , #2717 ) ;
#2068 = MECHANICAL_DESIGN_GEOMETRIC_PRESENTATION_REPRESENTATION (  '', ( #1482 ), #3045 ) ;
#2069 = ORIENTED_EDGE ( 'NONE', *, *, #1059, .T. ) ;
#2070 = TOROIDAL_SURFACE ( 'NONE', #1832, 4.500000000000000888, 0.5000000000000000000 ) ;
#2071 =( LENGTH_UNIT ( ) NAMED_UNIT ( * ) SI_UNIT ( .MILLI., .METRE. ) );
#2072 =( NAMED_UNIT ( * ) PLANE_ANGLE_UNIT ( ) SI_UNIT ( $, .RADIAN. ) );
#2073 = STYLED_ITEM ( 'NONE', ( #1548 ), #3382 ) ;
#2074 = DIRECTION ( 'NONE',  ( 0.000000000000000000, 0.000000000000000000, 1.000000000000000000 ) ) ;
#2075 = FILL_AREA_STYLE_COLOUR ( '', #2596 ) ;
#2076 = FILL_AREA_STYLE_COLOUR ( '', #1293 ) ;
#2077 = DIRECTION ( 'NONE',  ( 0.000000000000000000, -0.000000000000000000, 1.000000000000000000 ) ) ;
#2078 = ADVANCED_FACE ( 'NONE', ( #3020 ), #2070, .T. ) ;
#2079 = ORIENTED_EDGE ( 'NONE', *, *, #3496, .F. ) ;
#2080 = CIRCLE ( 'NONE', #2012, 1.000000000000000000 ) ;
#2081 = FACE_BOUND ( 'NONE', #1910, .T. ) ;
#2082 = EDGE_CURVE ( 'NONE', #1962, #1380, #1494, .T. ) ;
#2083 = LINE ( 'NONE', #3543, #2940 ) ;
#2084 =( NAMED_UNIT ( * ) SI_UNIT ( $, .STERADIAN. ) SOLID_ANGLE_UNIT ( ) );
#2085 = CYLINDRICAL_SURFACE ( 'NONE', #3431, 1.250000000000001110 ) ;
#2086 = ORIENTED_EDGE ( 'NONE', *, *, #628, .F. ) ;
#2087 = EDGE_CURVE ( 'NONE', #612, #857, #990, .T. ) ;
#2088 = PRESENTATION_STYLE_ASSIGNMENT (( #948 ) ) ;
#2089 = CYLINDRICAL_SURFACE ( 'NONE', #1155, 9.927647058823977133 ) ;
#2090 = PRESENTATION_LAYER_ASSIGNMENT (  '', '', ( #2659 ) ) ;
#2091 = CARTESIAN_POINT ( 'NONE',  ( 11.24999999999999645, -9.449999999999999289, -14.49999999999999112 ) ) ;
#2092 = SURFACE_STYLE_FILL_AREA ( #968 ) ;
#2093 = ADVANCED_FACE ( 'NONE', ( #3345 ), #3632, .T. ) ;
#2094 = STYLED_ITEM ( 'NONE', ( #385 ), #2831 ) ;
#2095 = CARTESIAN_POINT ( 'NONE',  ( 2.467663300281916549E-15, 9.950000000000001066, -3.849999999999992539 ) ) ;
#2096 = ORIENTED_EDGE ( 'NONE', *, *, #2611, .T. ) ;
#2097 = SURFACE_SIDE_STYLE ('',( #2408 ) ) ;
#2098 = CARTESIAN_POINT ( 'NONE',  ( 4.116572006085738700, 6.849999999999998757, 44.41518690370956080 ) ) ;
#2099 = ORIENTED_EDGE ( 'NONE', *, *, #3396, .T. ) ;
#2100 = DIRECTION ( 'NONE',  ( 1.000000000000000000, 0.000000000000000000, 0.000000000000000000 ) ) ;
#2101 = DIRECTION ( 'NONE',  ( -0.000000000000000000, -0.000000000000000000, -1.000000000000000000 ) ) ;
#2102 = SURFACE_STYLE_FILL_AREA ( #977 ) ;
#2103 = PLANE ( 'NONE',  #530 ) ;
#2104 = ORIENTED_EDGE ( 'NONE', *, *, #2743, .T. ) ;
#2105 = DIRECTION ( 'NONE',  ( 0.000000000000000000, 0.000000000000000000, 1.000000000000000000 ) ) ;
#2106 = VECTOR ( 'NONE', #2188, 1000.000000000000000 ) ;
#2107 = DIRECTION ( 'NONE',  ( 0.000000000000000000, 0.000000000000000000, 1.000000000000000000 ) ) ;
#2108 = SURFACE_SIDE_STYLE ('',( #714 ) ) ;
#2109 =( GEOMETRIC_REPRESENTATION_CONTEXT ( 3 ) GLOBAL_UNCERTAINTY_ASSIGNED_CONTEXT ( ( #2508 ) ) GLOBAL_UNIT_ASSIGNED_CONTEXT ( ( #153, #3317, #2424 ) ) REPRESENTATION_CONTEXT ( 'NONE', 'WORKASPACE' ) );
#2110 = SURFACE_STYLE_USAGE ( .BOTH. , #3298 ) ;
#2111 = PLANE ( 'NONE',  #893 ) ;
#2112 = COLOUR_RGB ( '',1.000000000000000000, 1.000000000000000000, 1.000000000000000000 ) ;
#2113 = VERTEX_POINT ( 'NONE', #1721 ) ;
#2114 = STYLED_ITEM ( 'NONE', ( #332 ), #569 ) ;
#2115 = UNCERTAINTY_MEASURE_WITH_UNIT (LENGTH_MEASURE( 1.000000000000000082E-05 ), #152, 'distance_accuracy_value', 'NONE');
#2116 = AXIS2_PLACEMENT_3D ( 'NONE', #2964, #2374, #428 ) ;
#2117 = ORIENTED_EDGE ( 'NONE', *, *, #2315, .F. ) ;
#2118 =( LENGTH_UNIT ( ) NAMED_UNIT ( * ) SI_UNIT ( .MILLI., .METRE. ) );
#2119 = PRESENTATION_STYLE_ASSIGNMENT (( #1621 ) ) ;
#2120 = CARTESIAN_POINT ( 'NONE',  ( 0.3223529411764958219, -0.8000000000000012657, -6.580070367378558771 ) ) ;
#2121 = DIRECTION ( 'NONE',  ( 1.000000000000000000, 0.000000000000000000, 0.000000000000000000 ) ) ;
#2122 = ORIENTED_EDGE ( 'NONE', *, *, #2375, .F. ) ;
#2123 = PRODUCT_DEFINITION ( 'General', '', #1133, #1090 ) ;
#2124 = SURFACE_SIDE_STYLE ('',( #2418 ) ) ;
#2125 = STYLED_ITEM ( 'NONE', ( #21 ), #3588 ) ;
#2126 = SURFACE_SIDE_STYLE ('',( #1809 ) ) ;
#2127 = MECHANICAL_DESIGN_GEOMETRIC_PRESENTATION_REPRESENTATION (  '', ( #374 ), #2932 ) ;
#2128 = CIRCLE ( 'NONE', #719, 10.92764705882351883 ) ;
#2129 =( GEOMETRIC_REPRESENTATION_CONTEXT ( 3 ) GLOBAL_UNCERTAINTY_ASSIGNED_CONTEXT ( ( #1593 ) ) GLOBAL_UNIT_ASSIGNED_CONTEXT ( ( #785, #2527, #1907 ) ) REPRESENTATION_CONTEXT ( 'NONE', 'WORKASPACE' ) );
#2130 = CARTESIAN_POINT ( 'NONE',  ( 6.635741329011042744, -8.450000000000001066, 42.71639595837341119 ) ) ;
#2131 =( NAMED_UNIT ( * ) PLANE_ANGLE_UNIT ( ) SI_UNIT ( $, .RADIAN. ) );
#2132 = DIRECTION ( 'NONE',  ( -1.000000000000000000, 1.780129300205722030E-15, 0.000000000000000000 ) ) ;
#2133 = VECTOR ( 'NONE', #170, 1000.000000000000000 ) ;
#2134 = AXIS2_PLACEMENT_3D ( 'NONE', #3631, #185, #1109 ) ;
#2135 =( NAMED_UNIT ( * ) PLANE_ANGLE_UNIT ( ) SI_UNIT ( $, .RADIAN. ) );
#2136 = STYLED_ITEM ( 'NONE', ( #466 ), #2078 ) ;
#2137 = DIRECTION ( 'NONE',  ( 0.000000000000000000, 1.000000000000000000, 0.000000000000000000 ) ) ;
#2138 = PRESENTATION_LAYER_ASSIGNMENT (  '', '', ( #319 ) ) ;
#2139 = ORIENTED_EDGE ( 'NONE', *, *, #2667, .F. ) ;
#2140 = CARTESIAN_POINT ( 'NONE',  ( 0.000000000000000000, 0.000000000000000000, 46.70000000000000284 ) ) ;
#2141 = EDGE_CURVE ( 'NONE', #1607, #426, #846, .T. ) ;
#2142 = AXIS2_PLACEMENT_3D ( 'NONE', #3362, #3328, #1626 ) ;
#2143 = FILL_AREA_STYLE ('',( #1503 ) ) ;
#2144 = ORIENTED_EDGE ( 'NONE', *, *, #180, .T. ) ;
#2145 = CARTESIAN_POINT ( 'NONE',  ( -6.649728078196305958, 6.849999999999999645, 38.90000000000000568 ) ) ;
#2146 = EDGE_CURVE ( 'NONE', #32, #3686, #3378, .T. ) ;
#2147 = ORIENTED_EDGE ( 'NONE', *, *, #405, .T. ) ;
#2148 = CARTESIAN_POINT ( 'NONE',  ( -0.3223529411764873842, -0.8000000000000022649, 30.50000000000000711 ) ) ;
#2149 = PRESENTATION_STYLE_ASSIGNMENT (( #2110 ) ) ;
#2150 = AXIS2_PLACEMENT_3D ( 'NONE', #1099, #544, #1653 ) ;
#2151 = AXIS2_PLACEMENT_3D ( 'NONE', #2477, #208, #2436 ) ;
#2152 =( LENGTH_UNIT ( ) NAMED_UNIT ( * ) SI_UNIT ( .MILLI., .METRE. ) );
#2153 = PRESENTATION_STYLE_ASSIGNMENT (( #3650 ) ) ;
#2154 =( GEOMETRIC_REPRESENTATION_CONTEXT ( 3 ) GLOBAL_UNCERTAINTY_ASSIGNED_CONTEXT ( ( #203 ) ) GLOBAL_UNIT_ASSIGNED_CONTEXT ( ( #349, #1466, #2366 ) ) REPRESENTATION_CONTEXT ( 'NONE', 'WORKASPACE' ) );
#2155 = ORIENTED_EDGE ( 'NONE', *, *, #1376, .T. ) ;
#2156 = TOROIDAL_SURFACE ( 'NONE', #1733, 0.8000000000000000444, 0.2000000000000000111 ) ;
#2157 =( NAMED_UNIT ( * ) SI_UNIT ( $, .STERADIAN. ) SOLID_ANGLE_UNIT ( ) );
#2158 = VERTEX_POINT ( 'NONE', #1670 ) ;
#2159 =( NAMED_UNIT ( * ) PLANE_ANGLE_UNIT ( ) SI_UNIT ( $, .RADIAN. ) );
#2160 =( GEOMETRIC_REPRESENTATION_CONTEXT ( 3 ) GLOBAL_UNCERTAINTY_ASSIGNED_CONTEXT ( ( #3032 ) ) GLOBAL_UNIT_ASSIGNED_CONTEXT ( ( #2286, #3167, #3407 ) ) REPRESENTATION_CONTEXT ( 'NONE', 'WORKASPACE' ) );
#2161 = DIRECTION ( 'NONE',  ( 0.000000000000000000, -1.000000000000000000, 0.000000000000000000 ) ) ;
#2162 = CARTESIAN_POINT ( 'NONE',  ( 6.649728078196296188, -8.450000000000002842, 42.50000000000000000 ) ) ;
#2163 = DIRECTION ( 'NONE',  ( 0.000000000000000000, 0.000000000000000000, -1.000000000000000000 ) ) ;
#2164 = AXIS2_PLACEMENT_3D ( 'NONE', #3435, #2858, #1170 ) ;
#2165 = LINE ( 'NONE', #3334, #939 ) ;
#2166 = SURFACE_SIDE_STYLE ('',( #1103 ) ) ;
#2167 = COLOUR_RGB ( '',1.000000000000000000, 0.9490196078431372140, 0.9098039215686274384 ) ;
#2168 = DIRECTION ( 'NONE',  ( 0.000000000000000000, 0.000000000000000000, 1.000000000000000000 ) ) ;
#2169 = FILL_AREA_STYLE_COLOUR ( '', #1888 ) ;
#2170 = LINE ( 'NONE', #1874, #1241 ) ;
#2171 = AXIS2_PLACEMENT_3D ( 'NONE', #2775, #219, #1063 ) ;
#2172 = EDGE_LOOP ( 'NONE', ( #2913, #278, #1495, #2331, #3349, #2410, #3282, #2274, #3019, #2361 ) ) ;
#2173 = VECTOR ( 'NONE', #2980, 1000.000000000000000 ) ;
#2174 =( GEOMETRIC_REPRESENTATION_CONTEXT ( 3 ) GLOBAL_UNCERTAINTY_ASSIGNED_CONTEXT ( ( #3405 ) ) GLOBAL_UNIT_ASSIGNED_CONTEXT ( ( #3647, #1325, #2470 ) ) REPRESENTATION_CONTEXT ( 'NONE', 'WORKASPACE' ) );
#2175 = PRESENTATION_STYLE_ASSIGNMENT (( #1028 ) ) ;
#2176 = FILL_AREA_STYLE_COLOUR ( '', #3549 ) ;
#2177 = PRESENTATION_STYLE_ASSIGNMENT (( #2825 ) ) ;
#2178 = STYLED_ITEM ( 'NONE', ( #3370 ), #362 ) ;
#2179 = EDGE_LOOP ( 'NONE', ( #2281, #1345, #934, #1594, #3325 ) ) ;
#2180 = ORIENTED_EDGE ( 'NONE', *, *, #363, .F. ) ;
#2181 = PRESENTATION_STYLE_ASSIGNMENT (( #250 ) ) ;
#2182 = LINE ( 'NONE', #818, #2392 ) ;
#2183 = CARTESIAN_POINT ( 'NONE',  ( 5.926590908657880519, -8.450000000000001066, 43.76998221474799067 ) ) ;
#2184 =( NAMED_UNIT ( * ) PLANE_ANGLE_UNIT ( ) SI_UNIT ( $, .RADIAN. ) );
#2185 = AXIS2_PLACEMENT_3D ( 'NONE', #1780, #393, #2132 ) ;
#2186 = CARTESIAN_POINT ( 'NONE',  ( 8.250000000000472511, -0.8000000000000012657, 44.50000000000000711 ) ) ;
#2187 = UNCERTAINTY_MEASURE_WITH_UNIT (LENGTH_MEASURE( 1.000000000000000082E-05 ), #1569, 'distance_accuracy_value', 'NONE');
#2188 = DIRECTION ( 'NONE',  ( -1.000000000000000000, 6.521783505948035684E-17, -0.000000000000000000 ) ) ;
#2189 = CIRCLE ( 'NONE', #139, 1.250000000000000000 ) ;
#2190 = DIRECTION ( 'NONE',  ( 1.000000000000000000, 0.000000000000000000, -0.000000000000000000 ) ) ;
#2191 = ORIENTED_EDGE ( 'NONE', *, *, #2994, .T. ) ;
#2192 = DIRECTION ( 'NONE',  ( -0.000000000000000000, -0.000000000000000000, -1.000000000000000000 ) ) ;
#2193 = EDGE_CURVE ( 'NONE', #2220, #1939, #281, .T. ) ;
#2194 = ORIENTED_EDGE ( 'NONE', *, *, #3548, .F. ) ;
#2195 = VECTOR ( 'NONE', #2210, 1000.000000000000000 ) ;
#2196 = ORIENTED_EDGE ( 'NONE', *, *, #1049, .T. ) ;
#2197 =( GEOMETRIC_REPRESENTATION_CONTEXT ( 3 ) GLOBAL_UNCERTAINTY_ASSIGNED_CONTEXT ( ( #57 ) ) GLOBAL_UNIT_ASSIGNED_CONTEXT ( ( #483, #224, #2495 ) ) REPRESENTATION_CONTEXT ( 'NONE', 'WORKASPACE' ) );
#2198 = CARTESIAN_POINT ( 'NONE',  ( 6.649728078196296188, -8.450000000000002842, -6.580070367378558771 ) ) ;
#2199 = PRESENTATION_STYLE_ASSIGNMENT (( #2767 ) ) ;
#2200 = FILL_AREA_STYLE ('',( #2176 ) ) ;
#2201 = UNCERTAINTY_MEASURE_WITH_UNIT (LENGTH_MEASURE( 1.000000000000000082E-05 ), #2965, 'distance_accuracy_value', 'NONE');
#2202 = EDGE_CURVE ( 'NONE', #2060, #379, #2442, .T. ) ;
#2203 = ORIENTED_EDGE ( 'NONE', *, *, #1271, .F. ) ;
#2204 = MECHANICAL_DESIGN_GEOMETRIC_PRESENTATION_REPRESENTATION (  '', ( #496 ), #1021 ) ;
#2205 = DIRECTION ( 'NONE',  ( -0.000000000000000000, 0.000000000000000000, 1.000000000000000000 ) ) ;
#2206 = ADVANCED_FACE ( 'NONE', ( #2 ), #579, .F. ) ;
#2207 = ORIENTED_EDGE ( 'NONE', *, *, #3558, .T. ) ;
#2208 = VECTOR ( 'NONE', #632, 1000.000000000000000 ) ;
#2209 = PLANE ( 'NONE',  #1086 ) ;
#2210 = DIRECTION ( 'NONE',  ( -0.000000000000000000, -0.000000000000000000, -1.000000000000000000 ) ) ;
#2211 = SURFACE_STYLE_USAGE ( .BOTH. , #1084 ) ;
#2212 = SURFACE_STYLE_USAGE ( .BOTH. , #1087 ) ;
#2213 = ORIENTED_EDGE ( 'NONE', *, *, #3374, .T. ) ;
#2214 = EDGE_CURVE ( 'NONE', #1718, #720, #718, .T. ) ;
#2215 = CYLINDRICAL_SURFACE ( 'NONE', #878, 1.000000000000000000 ) ;
#2216 = CARTESIAN_POINT ( 'NONE',  ( 0.000000000000000000, 0.000000000000000000, 44.50000000000000711 ) ) ;
#2217 = MECHANICAL_DESIGN_GEOMETRIC_PRESENTATION_REPRESENTATION (  '', ( #3194 ), #2341 ) ;
#2218 = EDGE_LOOP ( 'NONE', ( #2804, #474, #1383, #333, #446 ) ) ;
#2219 = SURFACE_STYLE_USAGE ( .BOTH. , #1434 ) ;
#2220 = VERTEX_POINT ( 'NONE', #3119 ) ;
#2221 = AXIS2_PLACEMENT_3D ( 'NONE', #1622, #3079, #1074 ) ;
#2222 = VERTEX_POINT ( 'NONE', #1438 ) ;
#2223 = ADVANCED_FACE ( 'NONE', ( #337 ), #1941, .T. ) ;
#2224 = SURFACE_STYLE_USAGE ( .BOTH. , #1092 ) ;
#2225 = AXIS2_PLACEMENT_3D ( 'NONE', #3152, #615, #1722 ) ;
#2226 = DIRECTION ( 'NONE',  ( -0.000000000000000000, -0.000000000000000000, 1.000000000000000000 ) ) ;
#2227 = EDGE_LOOP ( 'NONE', ( #314, #367 ) ) ;
#2228 = PRESENTATION_LAYER_ASSIGNMENT (  '', '', ( #3674 ) ) ;
#2229 = CARTESIAN_POINT ( 'NONE',  ( 2.000000000000001332, -1.250000000000000000, -23.99999999999999289 ) ) ;
#2230 =( NAMED_UNIT ( * ) PLANE_ANGLE_UNIT ( ) SI_UNIT ( $, .RADIAN. ) );
#2231 = ORIENTED_EDGE ( 'NONE', *, *, #1442, .T. ) ;
#2232 = DIRECTION ( 'NONE',  ( 1.000000000000000000, 0.000000000000000000, 0.000000000000000000 ) ) ;
#2233 =( NAMED_UNIT ( * ) SI_UNIT ( $, .STERADIAN. ) SOLID_ANGLE_UNIT ( ) );
#2234 =( LENGTH_UNIT ( ) NAMED_UNIT ( * ) SI_UNIT ( .MILLI., .METRE. ) );
#2235 = SURFACE_STYLE_USAGE ( .BOTH. , #2166 ) ;
#2236 = PLANE ( 'NONE',  #1043 ) ;
#2237 = DIRECTION ( 'NONE',  ( 1.000000000000000000, -0.000000000000000000, -0.000000000000000000 ) ) ;
#2238 = VERTEX_POINT ( 'NONE', #3225 ) ;
#2239 =( NAMED_UNIT ( * ) SI_UNIT ( $, .STERADIAN. ) SOLID_ANGLE_UNIT ( ) );
#2240 = AXIS2_PLACEMENT_3D ( 'NONE', #830, #863, #1457 ) ;
#2241 = EDGE_LOOP ( 'NONE', ( #1257, #2985, #1129, #3037 ) ) ;
#2242 = FACE_OUTER_BOUND ( 'NONE', #2179, .T. ) ;
#2243 =( LENGTH_UNIT ( ) NAMED_UNIT ( * ) SI_UNIT ( .MILLI., .METRE. ) );
#2244 = PRESENTATION_STYLE_ASSIGNMENT (( #1386 ) ) ;
#2245 = UNCERTAINTY_MEASURE_WITH_UNIT (LENGTH_MEASURE( 1.000000000000000082E-05 ), #2587, 'distance_accuracy_value', 'NONE');
#2246 = FACE_BOUND ( 'NONE', #1186, .T. ) ;
#2247 = PRESENTATION_LAYER_ASSIGNMENT (  '', '', ( #3088 ) ) ;
#2248 = CIRCLE ( 'NONE', #656, 10.92764705882351883 ) ;
#2249 =( NAMED_UNIT ( * ) SI_UNIT ( $, .STERADIAN. ) SOLID_ANGLE_UNIT ( ) );
#2250 = CARTESIAN_POINT ( 'NONE',  ( 0.000000000000000000, 0.000000000000000000, 46.70000000000000284 ) ) ;
#2251 = EDGE_CURVE ( 'NONE', #2289, #3686, #2257, .T. ) ;
#2252 = FACE_BOUND ( 'NONE', #3090, .T. ) ;
#2253 = DIRECTION ( 'NONE',  ( 0.000000000000000000, 1.000000000000000000, 0.000000000000000000 ) ) ;
#2254 = VERTEX_POINT ( 'NONE', #2632 ) ;
#2255 = MECHANICAL_DESIGN_GEOMETRIC_PRESENTATION_REPRESENTATION (  '', ( #1247 ), #3283 ) ;
#2256 = SURFACE_STYLE_FILL_AREA ( #810 ) ;
#2257 = CIRCLE ( 'NONE', #1640, 2.675000000000000266 ) ;
#2258 = ADVANCED_FACE ( 'NONE', ( #1004 ), #3474, .F. ) ;
#2259 = COLOUR_RGB ( '',1.000000000000000000, 1.000000000000000000, 0.000000000000000000 ) ;
#2260 = SURFACE_SIDE_STYLE ('',( #2278 ) ) ;
#2261 = PLANE ( 'NONE',  #2225 ) ;
#2262 = CARTESIAN_POINT ( 'NONE',  ( 2.500000000000001332, 1.250000000000000000, 0.000000000000000000 ) ) ;
#2263 = CIRCLE ( 'NONE', #2318, 3.750000000000000000 ) ;
#2264 = EDGE_CURVE ( 'NONE', #1013, #1761, #3297, .T. ) ;
#2265 = CARTESIAN_POINT ( 'NONE',  ( 7.000000000000000888, -9.449999999999995737, 19.00000000000000711 ) ) ;
#2266 = PRESENTATION_LAYER_ASSIGNMENT (  '', '', ( #24 ) ) ;
#2267 = STYLED_ITEM ( 'NONE', ( #898 ), #127 ) ;
#2268 = SURFACE_STYLE_USAGE ( .BOTH. , #1137 ) ;
#2269 = UNCERTAINTY_MEASURE_WITH_UNIT (LENGTH_MEASURE( 1.000000000000000082E-05 ), #2054, 'distance_accuracy_value', 'NONE');
#2270 = AXIS2_PLACEMENT_3D ( 'NONE', #2956, #1285, #2643 ) ;
#2271 = CARTESIAN_POINT ( 'NONE',  ( -10.25000000000047606, -0.8000000000000022649, 42.50000000000000000 ) ) ;
#2272 = CYLINDRICAL_SURFACE ( 'NONE', #119, 0.5000000000000004441 ) ;
#2273 = CARTESIAN_POINT ( 'NONE',  ( 6.649728078196297965, 6.849999999999997868, 30.50000000000000711 ) ) ;
#2274 = ORIENTED_EDGE ( 'NONE', *, *, #19, .F. ) ;
#2275 = DIRECTION ( 'NONE',  ( -1.000000000000000000, 0.000000000000000000, -0.000000000000000000 ) ) ;
#2276 = ORIENTED_EDGE ( 'NONE', *, *, #2611, .F. ) ;
#2277 = FILL_AREA_STYLE_COLOUR ( '', #1006 ) ;
#2278 = SURFACE_STYLE_FILL_AREA ( #2822 ) ;
#2279 = SURFACE_SIDE_STYLE ('',( #3678 ) ) ;
#2280 = VECTOR ( 'NONE', #1675, 1000.000000000000000 ) ;
#2281 = ORIENTED_EDGE ( 'NONE', *, *, #1178, .F. ) ;
#2282 = SURFACE_STYLE_FILL_AREA ( #3098 ) ;
#2283 = COLOUR_RGB ( '',1.000000000000000000, 1.000000000000000000, 0.000000000000000000 ) ;
#2284 = FACE_OUTER_BOUND ( 'NONE', #1683, .T. ) ;
#2285 = FILL_AREA_STYLE_COLOUR ( '', #2259 ) ;
#2286 =( LENGTH_UNIT ( ) NAMED_UNIT ( * ) SI_UNIT ( .MILLI., .METRE. ) );
#2287 =( NAMED_UNIT ( * ) SI_UNIT ( $, .STERADIAN. ) SOLID_ANGLE_UNIT ( ) );
#2288 = CARTESIAN_POINT ( 'NONE',  ( -4.116572006085755575, -8.450000000000004619, 44.41518690370956080 ) ) ;
#2289 = VERTEX_POINT ( 'NONE', #1837 ) ;
#2290 = CYLINDRICAL_SURFACE ( 'NONE', #1420, 1.300000000000000711 ) ;
#2291 = DIRECTION ( 'NONE',  ( 0.000000000000000000, 0.000000000000000000, 1.000000000000000000 ) ) ;
#2292 = CIRCLE ( 'NONE', #3264, 4.499999999999999112 ) ;
#2293 = COLOUR_RGB ( '',0.7921568627450980005, 0.8196078431372548767, 0.9333333333333333481 ) ;
#2294 = PRESENTATION_STYLE_ASSIGNMENT (( #339 ) ) ;
#2295 = CARTESIAN_POINT ( 'NONE',  ( -8.750000000000001776, -13.12695526217004449, 15.20000000000000639 ) ) ;
#2296 = CIRCLE ( 'NONE', #2423, 0.5000000000000004441 ) ;
#2297 = SURFACE_SIDE_STYLE ('',( #2343 ) ) ;
#2298 = VERTEX_POINT ( 'NONE', #1476 ) ;
#2299 = AXIS2_PLACEMENT_3D ( 'NONE', #3629, #2192, #1859 ) ;
#2300 = CARTESIAN_POINT ( 'NONE',  ( -3.899139469603767783, 6.850000000000001421, 44.43455484006727119 ) ) ;
#2301 = DIRECTION ( 'NONE',  ( -0.000000000000000000, -1.000000000000000000, -0.000000000000000000 ) ) ;
#2302 = STYLED_ITEM ( 'NONE', ( #2887 ), #1235 ) ;
#2303 = DIRECTION ( 'NONE',  ( -0.000000000000000000, 1.000000000000000000, -0.000000000000000000 ) ) ;
#2304 =( GEOMETRIC_REPRESENTATION_CONTEXT ( 3 ) GLOBAL_UNCERTAINTY_ASSIGNED_CONTEXT ( ( #3106 ) ) GLOBAL_UNIT_ASSIGNED_CONTEXT ( ( #3645, #220, #3587 ) ) REPRESENTATION_CONTEXT ( 'NONE', 'WORKASPACE' ) );
#2305 = SURFACE_STYLE_FILL_AREA ( #2889 ) ;
#2306 = CARTESIAN_POINT ( 'NONE',  ( -10.25000000000047606, -0.8000000000000022649, 38.90000000000000568 ) ) ;
#2307 = EDGE_LOOP ( 'NONE', ( #3350, #1589 ) ) ;
#2308 = ORIENTED_EDGE ( 'NONE', *, *, #2311, .T. ) ;
#2309 = CARTESIAN_POINT ( 'NONE',  ( -8.750000000000001776, -13.12695526217004449, 13.90000000000000568 ) ) ;
#2310 = DIRECTION ( 'NONE',  ( 0.000000000000000000, 0.000000000000000000, 1.000000000000000000 ) ) ;
#2311 = EDGE_CURVE ( 'NONE', #864, #90, #1770, .T. ) ;
#2312 = PRESENTATION_LAYER_ASSIGNMENT (  '', '', ( #1844 ) ) ;
#2313 = PRESENTATION_LAYER_ASSIGNMENT (  '', '', ( #1247 ) ) ;
#2314 = FILL_AREA_STYLE ('',( #2917 ) ) ;
#2315 = EDGE_CURVE ( 'NONE', #2042, #663, #2448, .T. ) ;
#2316 = FILL_AREA_STYLE ('',( #2880 ) ) ;
#2317 = AXIS2_PLACEMENT_3D ( 'NONE', #2645, #935, #2685 ) ;
#2318 = AXIS2_PLACEMENT_3D ( 'NONE', #3526, #384, #2936 ) ;
#2319 = VERTEX_POINT ( 'NONE', #443 ) ;
#2320 = VERTEX_POINT ( 'NONE', #2355 ) ;
#2321 = ADVANCED_FACE ( 'NONE', ( #55 ), #1556, .T. ) ;
#2322 = CARTESIAN_POINT ( 'NONE',  ( -4.111414449428431261, 6.850000000000000533, 44.40845267978865252 ) ) ;
#2323 = DIRECTION ( 'NONE',  ( -1.826024711554533913E-16, -0.000000000000000000, -1.000000000000000000 ) ) ;
#2324 = ADVANCED_FACE ( 'NONE', ( #218 ), #2830, .F. ) ;
#2325 = PRESENTATION_LAYER_ASSIGNMENT (  '', '', ( #1715 ) ) ;
#2326 = PRESENTATION_STYLE_ASSIGNMENT (( #71 ) ) ;
#2327 = DIRECTION ( 'NONE',  ( 0.000000000000000000, -1.000000000000000000, 0.000000000000000000 ) ) ;
#2328 = AXIS2_PLACEMENT_3D ( 'NONE', #403, #1518, #2974 ) ;
#2329 = ORIENTED_EDGE ( 'NONE', *, *, #1435, .F. ) ;
#2330 = LINE ( 'NONE', #3468, #2173 ) ;
#2331 = ORIENTED_EDGE ( 'NONE', *, *, #1576, .T. ) ;
#2332 = EDGE_CURVE ( 'NONE', #2585, #3213, #2381, .T. ) ;
#2333 = ORIENTED_EDGE ( 'NONE', *, *, #503, .F. ) ;
#2334 = CARTESIAN_POINT ( 'NONE',  ( 2.000000000000001332, 1.250000000000000000, -23.99999999999999289 ) ) ;
#2335 = CARTESIAN_POINT ( 'NONE',  ( 4.545532569335298589, 6.849999999999998757, 44.34797668171509599 ) ) ;
#2336 = ORIENTED_EDGE ( 'NONE', *, *, #239, .T. ) ;
#2337 = ADVANCED_FACE ( 'NONE', ( #2505 ), #3603, .T. ) ;
#2338 = CARTESIAN_POINT ( 'NONE',  ( 2.831563106088442527, -8.450000000000002842, 44.50000000000001421 ) ) ;
#2339 = DIRECTION ( 'NONE',  ( -0.000000000000000000, -1.000000000000000000, -0.000000000000000000 ) ) ;
#2340 = DIRECTION ( 'NONE',  ( 1.000000000000000000, 0.000000000000000000, 0.000000000000000000 ) ) ;
#2341 =( GEOMETRIC_REPRESENTATION_CONTEXT ( 3 ) GLOBAL_UNCERTAINTY_ASSIGNED_CONTEXT ( ( #1094 ) ) GLOBAL_UNIT_ASSIGNED_CONTEXT ( ( #1422, #1459, #3438 ) ) REPRESENTATION_CONTEXT ( 'NONE', 'WORKASPACE' ) );
#2342 = B_SPLINE_CURVE_WITH_KNOTS ( 'NONE', 3,
 ( #1754, #115, #2350, #3205, #982, #2910 ),
 .UNSPECIFIED., .F., .F.,
 ( 4, 2, 4 ),
 ( 0.000000000000000000, 0.0004019049838560728033, 0.0008038099677121456066 ),
 .UNSPECIFIED. ) ;
#2343 = SURFACE_STYLE_FILL_AREA ( #889 ) ;
#2344 = ORIENTED_EDGE ( 'NONE', *, *, #3496, .T. ) ;
#2345 = ORIENTED_EDGE ( 'NONE', *, *, #3329, .F. ) ;
#2346 = MECHANICAL_DESIGN_GEOMETRIC_PRESENTATION_REPRESENTATION (  '', ( #216 ), #2838 ) ;
#2347 = VECTOR ( 'NONE', #1714, 1000.000000000000000 ) ;
#2348 = CARTESIAN_POINT ( 'NONE',  ( -0.8000000000000000444, 9.797174393178826150E-17, 46.50000000000000711 ) ) ;
#2349 =( GEOMETRIC_REPRESENTATION_CONTEXT ( 3 ) GLOBAL_UNCERTAINTY_ASSIGNED_CONTEXT ( ( #3228 ) ) GLOBAL_UNIT_ASSIGNED_CONTEXT ( ( #1657, #3456, #620 ) ) REPRESENTATION_CONTEXT ( 'NONE', 'WORKASPACE' ) );
#2350 = CARTESIAN_POINT ( 'NONE',  ( 2.980759898925173346, 3.941963038082506365, 46.46766736712911694 ) ) ;
#2351 = CARTESIAN_POINT ( 'NONE',  ( -11.25000000000000355, -9.449999999999999289, -18.99999999999998579 ) ) ;
#2352 =( LENGTH_UNIT ( ) NAMED_UNIT ( * ) SI_UNIT ( .MILLI., .METRE. ) );
#2353 = ORIENTED_EDGE ( 'NONE', *, *, #3400, .F. ) ;
#2354 = EDGE_LOOP ( 'NONE', ( #270, #3358, #16, #183 ) ) ;
#2355 = CARTESIAN_POINT ( 'NONE',  ( -1.250000000000000000, 1.530808498934191571E-16, 46.70000000000000284 ) ) ;
#2356 = DIRECTION ( 'NONE',  ( 0.000000000000000000, 0.000000000000000000, 1.000000000000000000 ) ) ;
#2357 = ORIENTED_EDGE ( 'NONE', *, *, #3041, .T. ) ;
#2358 = CARTESIAN_POINT ( 'NONE',  ( -2.499999999999998224, 1.250000000000000000, -18.99999999999999289 ) ) ;
#2359 = FILL_AREA_STYLE ('',( #2952 ) ) ;
#2360 =( NAMED_UNIT ( * ) PLANE_ANGLE_UNIT ( ) SI_UNIT ( $, .RADIAN. ) );
#2361 = ORIENTED_EDGE ( 'NONE', *, *, #2038, .F. ) ;
#2362 =( GEOMETRIC_REPRESENTATION_CONTEXT ( 3 ) GLOBAL_UNCERTAINTY_ASSIGNED_CONTEXT ( ( #1410 ) ) GLOBAL_UNIT_ASSIGNED_CONTEXT ( ( #33, #2013, #309 ) ) REPRESENTATION_CONTEXT ( 'NONE', 'WORKASPACE' ) );
#2363 = CARTESIAN_POINT ( 'NONE',  ( -0.3223529411764873842, 3.499999999999999556, 46.70000000000000284 ) ) ;
#2364 = MECHANICAL_DESIGN_GEOMETRIC_PRESENTATION_REPRESENTATION (  '', ( #3211 ), #2109 ) ;
#2365 = DIRECTION ( 'NONE',  ( 1.000000000000000000, 0.000000000000000000, 0.000000000000000000 ) ) ;
#2366 =( NAMED_UNIT ( * ) SI_UNIT ( $, .STERADIAN. ) SOLID_ANGLE_UNIT ( ) );
#2367 = EDGE_CURVE ( 'NONE', #3260, #394, #589, .T. ) ;
#2368 = CARTESIAN_POINT ( 'NONE',  ( 2.008420750601659349E-15, 19.54999999999999716, -7.599999999999992539 ) ) ;
#2369 =( GEOMETRIC_REPRESENTATION_CONTEXT ( 3 ) GLOBAL_UNCERTAINTY_ASSIGNED_CONTEXT ( ( #1580 ) ) GLOBAL_UNIT_ASSIGNED_CONTEXT ( ( #1401, #17, #3412 ) ) REPRESENTATION_CONTEXT ( 'NONE', 'WORKASPACE' ) );
#2370 = SURFACE_SIDE_STYLE ('',( #1541 ) ) ;
#2371 = VERTEX_POINT ( 'NONE', #870 ) ;
#2372 = ORIENTED_EDGE ( 'NONE', *, *, #2720, .T. ) ;
#2373 = SURFACE_STYLE_USAGE ( .BOTH. , #2429 ) ;
#2374 = DIRECTION ( 'NONE',  ( -0.000000000000000000, -0.000000000000000000, -1.000000000000000000 ) ) ;
#2375 = EDGE_CURVE ( 'NONE', #3260, #3520, #1751, .T. ) ;
#2376 = CARTESIAN_POINT ( 'NONE',  ( -8.750000000000001776, -9.449999999999999289, 13.90000000000000568 ) ) ;
#2377 = CARTESIAN_POINT ( 'NONE',  ( 7.000000000000001776, -9.449999999999995737, 30.50000000000000711 ) ) ;
#2378 = FACE_OUTER_BOUND ( 'NONE', #625, .T. ) ;
#2379 = CYLINDRICAL_SURFACE ( 'NONE', #1467, 0.5000000000000004441 ) ;
#2380 = ORIENTED_EDGE ( 'NONE', *, *, #1866, .F. ) ;
#2381 = CIRCLE ( 'NONE', #2811, 2.675000000000000266 ) ;
#2382 = EDGE_CURVE ( 'NONE', #2914, #3397, #6, .T. ) ;
#2383 = FILL_AREA_STYLE ('',( #1246 ) ) ;
#2384 = VECTOR ( 'NONE', #440, 1000.000000000000000 ) ;
#2385 = CIRCLE ( 'NONE', #3581, 9.927647058823977133 ) ;
#2386 = MANIFOLD_SOLID_BREP ( 'Split1[2]', #3312 ) ;
#2387 = DIRECTION ( 'NONE',  ( 0.000000000000000000, 0.000000000000000000, 1.000000000000000000 ) ) ;
#2388 = LINE ( 'NONE', #2037, #2538 ) ;
#2389 = CARTESIAN_POINT ( 'NONE',  ( 2.008420750601659349E-15, 19.54999999999999716, -6.599999999999992539 ) ) ;
#2390 = CARTESIAN_POINT ( 'NONE',  ( -8.750000000000001776, -9.449999999999999289, 12.60000000000000497 ) ) ;
#2391 = ORIENTED_EDGE ( 'NONE', *, *, #1376, .F. ) ;
#2392 = VECTOR ( 'NONE', #2161, 1000.000000000000000 ) ;
#2393 = SURFACE_STYLE_FILL_AREA ( #1291 ) ;
#2394 = CARTESIAN_POINT ( 'NONE',  ( 0.000000000000000000, 1.250000000000000000, 0.000000000000000000 ) ) ;
#2395 = ORIENTED_EDGE ( 'NONE', *, *, #1684, .T. ) ;
#2396 = FACE_OUTER_BOUND ( 'NONE', #3258, .T. ) ;
#2397 = SURFACE_SIDE_STYLE ('',( #3564 ) ) ;
#2398 = ORIENTED_EDGE ( 'NONE', *, *, #1324, .F. ) ;
#2399 = CARTESIAN_POINT ( 'NONE',  ( 3.000000000000001332, 3.999999999999999112, 46.20000000000000284 ) ) ;
#2400 = VECTOR ( 'NONE', #1627, 1000.000000000000000 ) ;
#2401 = CARTESIAN_POINT ( 'NONE',  ( 0.3223529411764958219, -0.8000000000000012657, -6.580070367378558771 ) ) ;
#2402 = VECTOR ( 'NONE', #1993, 1000.000000000000000 ) ;
#2403 = DIRECTION ( 'NONE',  ( 0.000000000000000000, 1.000000000000000000, 0.000000000000000000 ) ) ;
#2404 = PRESENTATION_STYLE_ASSIGNMENT (( #421 ) ) ;
#2405 = DIRECTION ( 'NONE',  ( -0.000000000000000000, -0.000000000000000000, -1.000000000000000000 ) ) ;
#2406 = MECHANICAL_DESIGN_GEOMETRIC_PRESENTATION_REPRESENTATION (  '', ( #1608 ), #276 ) ;
#2407 = ORIENTED_EDGE ( 'NONE', *, *, #2311, .F. ) ;
#2408 = SURFACE_STYLE_FILL_AREA ( #136 ) ;
#2409 = CARTESIAN_POINT ( 'NONE',  ( 4.500000000000000888, 0.000000000000000000, 46.70000000000000284 ) ) ;
#2410 = ORIENTED_EDGE ( 'NONE', *, *, #3047, .F. ) ;
#2411 = ORIENTED_EDGE ( 'NONE', *, *, #1921, .F. ) ;
#2412 =( NAMED_UNIT ( * ) PLANE_ANGLE_UNIT ( ) SI_UNIT ( $, .RADIAN. ) );
#2413 = LINE ( 'NONE', #2987, #255 ) ;
#2414 = SURFACE_STYLE_USAGE ( .BOTH. , #1787 ) ;
#2415 = DIRECTION ( 'NONE',  ( 1.000000000000000000, 0.000000000000000000, 0.000000000000000000 ) ) ;
#2416 = ORIENTED_EDGE ( 'NONE', *, *, #3432, .F. ) ;
#2417 = EDGE_LOOP ( 'NONE', ( #1719, #2628, #2454 ) ) ;
#2418 = SURFACE_STYLE_FILL_AREA ( #438 ) ;
#2419 = DIRECTION ( 'NONE',  ( -1.000000000000000000, -0.000000000000000000, 0.000000000000000000 ) ) ;
#2420 = AXIS2_PLACEMENT_3D ( 'NONE', #226, #796, #1344 ) ;
#2421 = FILL_AREA_STYLE ('',( #1287 ) ) ;
#2422 = SURFACE_STYLE_USAGE ( .BOTH. , #1288 ) ;
#2423 = AXIS2_PLACEMENT_3D ( 'NONE', #3482, #918, #2528 ) ;
#2424 =( NAMED_UNIT ( * ) SI_UNIT ( $, .STERADIAN. ) SOLID_ANGLE_UNIT ( ) );
#2425 = LINE ( 'NONE', #3568, #3293 ) ;
#2426 = EDGE_CURVE ( 'NONE', #3520, #1171, #30, .T. ) ;
#2427 = CIRCLE ( 'NONE', #59, 9.927647058823987791 ) ;
#2428 = AXIS2_PLACEMENT_3D ( 'NONE', #1952, #858, #2275 ) ;
#2429 = SURFACE_SIDE_STYLE ('',( #2393 ) ) ;
#2430 = CARTESIAN_POINT ( 'NONE',  ( -8.750000000000001776, 9.449999999999999289, 12.60000000000000497 ) ) ;
#2431 = AXIS2_PLACEMENT_3D ( 'NONE', #1240, #2356, #1764 ) ;
#2432 = ORIENTED_EDGE ( 'NONE', *, *, #1688, .T. ) ;
#2433 = ADVANCED_FACE ( 'NONE', ( #95 ), #1980, .T. ) ;
#2434 = CARTESIAN_POINT ( 'NONE',  ( -7.000000000000000888, 7.849999999999997868, 30.50000000000000711 ) ) ;
#2435 = DIRECTION ( 'NONE',  ( -1.000000000000000000, 0.000000000000000000, 0.000000000000000000 ) ) ;
#2436 = DIRECTION ( 'NONE',  ( 0.000000000000000000, 0.000000000000000000, 1.000000000000000000 ) ) ;
#2437 =( LENGTH_UNIT ( ) NAMED_UNIT ( * ) SI_UNIT ( .MILLI., .METRE. ) );
#2438 = VERTEX_POINT ( 'NONE', #3424 ) ;
#2439 = ORIENTED_EDGE ( 'NONE', *, *, #502, .T. ) ;
#2440 = ADVANCED_FACE ( 'NONE', ( #1678 ), #1136, .T. ) ;
#2441 = DIRECTION ( 'NONE',  ( -0.000000000000000000, -0.000000000000000000, 1.000000000000000000 ) ) ;
#2442 = CIRCLE ( 'NONE', #481, 0.5000000000000004441 ) ;
#2443 = ORIENTED_EDGE ( 'NONE', *, *, #888, .T. ) ;
#2444 = EDGE_CURVE ( 'NONE', #1524, #78, #2847, .T. ) ;
#2445 = MECHANICAL_DESIGN_GEOMETRIC_PRESENTATION_REPRESENTATION (  '', ( #2005 ), #2636 ) ;
#2446 =( NAMED_UNIT ( * ) PLANE_ANGLE_UNIT ( ) SI_UNIT ( $, .RADIAN. ) );
#2447 = CARTESIAN_POINT ( 'NONE',  ( -0.3223529411764873842, -0.8000000000000022649, 46.70000000000000284 ) ) ;
#2448 = LINE ( 'NONE', #3315, #3227 ) ;
#2449 = DIRECTION ( 'NONE',  ( -1.304356701189607630E-16, 1.000000000000000000, 0.000000000000000000 ) ) ;
#2450 = COLOUR_RGB ( '',0.1019607843137254888, 0.1019607843137254888, 0.1019607843137254888 ) ;
#2451 = FILL_AREA_STYLE ('',( #515 ) ) ;
#2452 = PLANE ( 'NONE',  #2620 ) ;
#2453 = AXIS2_PLACEMENT_3D ( 'NONE', #1463, #1750, #1677 ) ;
#2454 = ORIENTED_EDGE ( 'NONE', *, *, #2426, .F. ) ;
#2455 = FILL_AREA_STYLE_COLOUR ( '', #2705 ) ;
#2456 = FILL_AREA_STYLE ('',( #1315 ) ) ;
#2457 = AXIS2_PLACEMENT_3D ( 'NONE', #2803, #3082, #2480 ) ;
#2458 = FILL_AREA_STYLE ('',( #1648 ) ) ;
#2459 = EDGE_CURVE ( 'NONE', #2635, #2921, #1831, .T. ) ;
#2460 = ORIENTED_EDGE ( 'NONE', *, *, #1700, .T. ) ;
#2461 = DIRECTION ( 'NONE',  ( -0.000000000000000000, -0.000000000000000000, 1.000000000000000000 ) ) ;
#2462 = DIRECTION ( 'NONE',  ( 1.000000000000000000, 0.000000000000000000, 0.000000000000000000 ) ) ;
#2463 = MECHANICAL_DESIGN_GEOMETRIC_PRESENTATION_REPRESENTATION (  '', ( #1505 ), #2160 ) ;
#2464 = CARTESIAN_POINT ( 'NONE',  ( -6.635741329011057843, 6.849999999999999645, 42.71639595837341119 ) ) ;
#2465 =( NAMED_UNIT ( * ) PLANE_ANGLE_UNIT ( ) SI_UNIT ( $, .RADIAN. ) );
#2466 = CARTESIAN_POINT ( 'NONE',  ( -2.100000000000000977, 10.54999999999999893, -9.256992757980540887 ) ) ;
#2467 = FACE_OUTER_BOUND ( 'NONE', #1954, .T. ) ;
#2468 =( GEOMETRIC_REPRESENTATION_CONTEXT ( 3 ) GLOBAL_UNCERTAINTY_ASSIGNED_CONTEXT ( ( #2588 ) ) GLOBAL_UNIT_ASSIGNED_CONTEXT ( ( #3363, #2159, #1609 ) ) REPRESENTATION_CONTEXT ( 'NONE', 'WORKASPACE' ) );
#2469 = LINE ( 'NONE', #1662, #1193 ) ;
#2470 =( NAMED_UNIT ( * ) SI_UNIT ( $, .STERADIAN. ) SOLID_ANGLE_UNIT ( ) );
#2471 = LINE ( 'NONE', #3341, #1528 ) ;
#2472 = UNCERTAINTY_MEASURE_WITH_UNIT (LENGTH_MEASURE( 1.000000000000000082E-05 ), #1496, 'distance_accuracy_value', 'NONE');
#2473 = VERTEX_POINT ( 'NONE', #3532 ) ;
#2474 = LINE ( 'NONE', #3592, #2995 ) ;
#2475 = CARTESIAN_POINT ( 'NONE',  ( 0.000000000000000000, -1.250000000000000000, -21.49999999999999289 ) ) ;
#2476 = PRESENTATION_LAYER_ASSIGNMENT (  '', '', ( #1566 ) ) ;
#2477 = CARTESIAN_POINT ( 'NONE',  ( 2.008420750601659349E-15, 10.54999999999999893, -7.599999999999992539 ) ) ;
#2478 = UNCERTAINTY_MEASURE_WITH_UNIT (LENGTH_MEASURE( 1.000000000000000082E-05 ), #1123, 'distance_accuracy_value', 'NONE');
#2479 = ORIENTED_EDGE ( 'NONE', *, *, #2485, .T. ) ;
#2480 = DIRECTION ( 'NONE',  ( 0.000000000000000000, 0.000000000000000000, 1.000000000000000000 ) ) ;
#2481 =( NAMED_UNIT ( * ) SI_UNIT ( $, .STERADIAN. ) SOLID_ANGLE_UNIT ( ) );
#2482 = ORIENTED_EDGE ( 'NONE', *, *, #378, .F. ) ;
#2483 = SURFACE_STYLE_FILL_AREA ( #491 ) ;
#2484 = DIRECTION ( 'NONE',  ( 0.000000000000000000, 0.000000000000000000, 1.000000000000000000 ) ) ;
#2485 = EDGE_CURVE ( 'NONE', #3618, #2635, #681, .T. ) ;
#2486 = MECHANICAL_DESIGN_GEOMETRIC_PRESENTATION_REPRESENTATION (  '', ( #2681 ), #2916 ) ;
#2487 = EDGE_LOOP ( 'NONE', ( #1737, #3242, #140, #485, #2559, #294, #3146, #1806 ) ) ;
#2488 = ADVANCED_FACE ( 'NONE', ( #1772 ), #1554, .F. ) ;
#2489 = AXIS2_PLACEMENT_3D ( 'NONE', #1599, #715, #179 ) ;
#2490 = FACE_OUTER_BOUND ( 'NONE', #3611, .T. ) ;
#2491 = ORIENTED_EDGE ( 'NONE', *, *, #1931, .T. ) ;
#2492 = PRESENTATION_LAYER_ASSIGNMENT (  '', '', ( #3340 ) ) ;
#2493 = VECTOR ( 'NONE', #1151, 1000.000000000000000 ) ;
#2494 = FILL_AREA_STYLE_COLOUR ( '', #2450 ) ;
#2495 =( NAMED_UNIT ( * ) SI_UNIT ( $, .STERADIAN. ) SOLID_ANGLE_UNIT ( ) );
#2496 = ADVANCED_FACE ( 'NONE', ( #713 ), #2089, .F. ) ;
#2497 = CARTESIAN_POINT ( 'NONE',  ( -2.100000000000000977, 10.54999999999999893, -9.256992757980540887 ) ) ;
#2498 = CIRCLE ( 'NONE', #2625, 2.675000000000000266 ) ;
#2499 = ORIENTED_EDGE ( 'NONE', *, *, #1688, .F. ) ;
#2500 = DIRECTION ( 'NONE',  ( -0.000000000000000000, -0.000000000000000000, -1.000000000000000000 ) ) ;
#2501 = ORIENTED_EDGE ( 'NONE', *, *, #636, .T. ) ;
#2502 = APPLICATION_CONTEXT ( 'automotive_design' ) ;
#2503 =( NAMED_UNIT ( * ) SI_UNIT ( $, .STERADIAN. ) SOLID_ANGLE_UNIT ( ) );
#2504 = CARTESIAN_POINT ( 'NONE',  ( 6.649728078196296188, -8.450000000000002842, 38.90000000000000568 ) ) ;
#2505 = FACE_OUTER_BOUND ( 'NONE', #574, .T. ) ;
#2506 = PRESENTATION_LAYER_ASSIGNMENT (  '', '', ( #2136 ) ) ;
#2507 = CIRCLE ( 'NONE', #2185, 9.927647058823977133 ) ;
#2508 = UNCERTAINTY_MEASURE_WITH_UNIT (LENGTH_MEASURE( 1.000000000000000082E-05 ), #153, 'distance_accuracy_value', 'NONE');
#2509 = SURFACE_STYLE_FILL_AREA ( #1357 ) ;
#2510 = PRESENTATION_LAYER_ASSIGNMENT (  '', '', ( #545 ) ) ;
#2511 = SURFACE_SIDE_STYLE ('',( #1635 ) ) ;
#2512 = CARTESIAN_POINT ( 'NONE',  ( -0.3223529411764873842, -0.8000000000000022649, 44.50000000000000711 ) ) ;
#2513 = ORIENTED_EDGE ( 'NONE', *, *, #2885, .T. ) ;
#2514 = AXIS2_PLACEMENT_3D ( 'NONE', #2348, #3500, #2052 ) ;
#2515 = SURFACE_SIDE_STYLE ('',( #1025 ) ) ;
#2516 = AXIS2_PLACEMENT_3D ( 'NONE', #3658, #1098, #1946 ) ;
#2517 = AXIS2_PLACEMENT_3D ( 'NONE', #2536, #561, #3676 ) ;
#2518 = AXIS2_PLACEMENT_3D ( 'NONE', #2856, #3677, #2552 ) ;
#2519 = FACE_OUTER_BOUND ( 'NONE', #2649, .T. ) ;
#2520 = DIRECTION ( 'NONE',  ( 0.000000000000000000, 1.000000000000000000, -0.000000000000000000 ) ) ;
#2521 = UNCERTAINTY_MEASURE_WITH_UNIT (LENGTH_MEASURE( 1.000000000000000082E-05 ), #3253, 'distance_accuracy_value', 'NONE');
#2522 =( NAMED_UNIT ( * ) SI_UNIT ( $, .STERADIAN. ) SOLID_ANGLE_UNIT ( ) );
#2523 = EDGE_LOOP ( 'NONE', ( #1152, #1433, #546, #1904 ) ) ;
#2524 = CARTESIAN_POINT ( 'NONE',  ( 0.000000000000000000, -1.250000000000000000, -23.99999999999999289 ) ) ;
#2525 = DIRECTION ( 'NONE',  ( -1.000000000000000000, 0.000000000000000000, 0.000000000000000000 ) ) ;
#2526 = EDGE_LOOP ( 'NONE', ( #320, #264, #768, #2147 ) ) ;
#2527 =( NAMED_UNIT ( * ) PLANE_ANGLE_UNIT ( ) SI_UNIT ( $, .RADIAN. ) );
#2528 = DIRECTION ( 'NONE',  ( 0.000000000000000000, 0.000000000000000000, 1.000000000000000000 ) ) ;
#2529 = DIRECTION ( 'NONE',  ( 1.000000000000000000, 0.000000000000000000, 0.000000000000000000 ) ) ;
#2530 = CARTESIAN_POINT ( 'NONE',  ( -3.000000000000001332, 3.999999999999999112, 44.50000000000000711 ) ) ;
#2531 = LINE ( 'NONE', #535, #691 ) ;
#2532 = VECTOR ( 'NONE', #1575, 1000.000000000000000 ) ;
#2533 = ORIENTED_EDGE ( 'NONE', *, *, #3478, .T. ) ;
#2534 = MECHANICAL_DESIGN_GEOMETRIC_PRESENTATION_REPRESENTATION (  '', ( #797 ), #2955 ) ;
#2535 = EDGE_LOOP ( 'NONE', ( #1272, #699 ) ) ;
#2536 = CARTESIAN_POINT ( 'NONE',  ( 0.3223529411764958219, -0.8000000000000012657, 38.90000000000000568 ) ) ;
#2537 = DIRECTION ( 'NONE',  ( -0.000000000000000000, -0.000000000000000000, -1.000000000000000000 ) ) ;
#2538 = VECTOR ( 'NONE', #2327, 1000.000000000000000 ) ;
#2539 = SURFACE_STYLE_FILL_AREA ( #1366 ) ;
#2540 = VECTOR ( 'NONE', #2484, 1000.000000000000000 ) ;
#2541 = DIRECTION ( 'NONE',  ( 1.000000000000000000, 0.000000000000000000, 0.000000000000000000 ) ) ;
#2542 = VERTEX_POINT ( 'NONE', #1231 ) ;
#2543 = DIRECTION ( 'NONE',  ( -1.000000000000000000, 0.000000000000000000, 0.000000000000000000 ) ) ;
#2544 = UNCERTAINTY_MEASURE_WITH_UNIT (LENGTH_MEASURE( 1.000000000000000082E-05 ), #1937, 'distance_accuracy_value', 'NONE');
#2545 = DIRECTION ( 'NONE',  ( 1.000000000000000000, 0.000000000000000000, -0.000000000000000000 ) ) ;
#2546 =( LENGTH_UNIT ( ) NAMED_UNIT ( * ) SI_UNIT ( .MILLI., .METRE. ) );
#2547 = ORIENTED_EDGE ( 'NONE', *, *, #636, .F. ) ;
#2548 = DIRECTION ( 'NONE',  ( 3.083952846180990774E-16, -0.000000000000000000, 1.000000000000000000 ) ) ;
#2549 = ADVANCED_FACE ( 'NONE', ( #949 ), #696, .F. ) ;
#2550 = STYLED_ITEM ( 'NONE', ( #3255 ), #1298 ) ;
#2551 =( NAMED_UNIT ( * ) PLANE_ANGLE_UNIT ( ) SI_UNIT ( $, .RADIAN. ) );
#2552 = DIRECTION ( 'NONE',  ( 0.000000000000000000, 0.000000000000000000, -1.000000000000000000 ) ) ;
#2553 =( NAMED_UNIT ( * ) SI_UNIT ( $, .STERADIAN. ) SOLID_ANGLE_UNIT ( ) );
#2554 = UNCERTAINTY_MEASURE_WITH_UNIT (LENGTH_MEASURE( 1.000000000000000082E-05 ), #1082, 'distance_accuracy_value', 'NONE');
#2555 = AXIS2_PLACEMENT_3D ( 'NONE', #3000, #2449, #3354 ) ;
#2556 = ORIENTED_EDGE ( 'NONE', *, *, #1059, .F. ) ;
#2557 = CARTESIAN_POINT ( 'NONE',  ( 6.649728078196297965, 6.849999999999998757, 46.70000000000000284 ) ) ;
#2558 = COLOUR_RGB ( '',1.000000000000000000, 1.000000000000000000, 0.000000000000000000 ) ;
#2559 = ORIENTED_EDGE ( 'NONE', *, *, #1925, .T. ) ;
#2560 = LINE ( 'NONE', #3423, #1373 ) ;
#2561 = SURFACE_STYLE_FILL_AREA ( #370 ) ;
#2562 = SURFACE_STYLE_FILL_AREA ( #3128 ) ;
#2563 = PRESENTATION_STYLE_ASSIGNMENT (( #3410 ) ) ;
#2564 = PRESENTATION_STYLE_ASSIGNMENT (( #1468 ) ) ;
#2565 = EDGE_LOOP ( 'NONE', ( #105, #169, #2079, #507 ) ) ;
#2566 = AXIS2_PLACEMENT_3D ( 'NONE', #427, #1798, #1526 ) ;
#2567 = AXIS2_PLACEMENT_3D ( 'NONE', #2684, #3011, #664 ) ;
#2568 = MECHANICAL_DESIGN_GEOMETRIC_PRESENTATION_REPRESENTATION (  '', ( #1708 ), #2701 ) ;
#2569 = DIRECTION ( 'NONE',  ( 1.000000000000000000, 0.000000000000000000, 0.000000000000000000 ) ) ;
#2570 = CARTESIAN_POINT ( 'NONE',  ( 1.000000000000000000, 1.224646799147353207E-16, 49.52842712474620157 ) ) ;
#2571 = PRESENTATION_STYLE_ASSIGNMENT (( #1128 ) ) ;
#2572 =( GEOMETRIC_REPRESENTATION_CONTEXT ( 3 ) GLOBAL_UNCERTAINTY_ASSIGNED_CONTEXT ( ( #3036 ) ) GLOBAL_UNIT_ASSIGNED_CONTEXT ( ( #2118, #3007, #3245 ) ) REPRESENTATION_CONTEXT ( 'NONE', 'WORKASPACE' ) );
#2573 = VERTEX_POINT ( 'NONE', #525 ) ;
#2574 = VECTOR ( 'NONE', #2007, 1000.000000000000000 ) ;
#2575 = CARTESIAN_POINT ( 'NONE',  ( 2.100000000000000977, 19.54999999999999716, -5.943007242019441527 ) ) ;
#2576 = CARTESIAN_POINT ( 'NONE',  ( 0.000000000000000000, 0.000000000000000000, 44.50000000000000711 ) ) ;
#2577 = CLOSED_SHELL ( 'NONE', ( #1281, #3281, #463, #1135, #1003, #3261 ) ) ;
#2578 = VERTEX_POINT ( 'NONE', #229 ) ;
#2579 = VECTOR ( 'NONE', #3065, 1000.000000000000000 ) ;
#2580 = SURFACE_SIDE_STYLE ('',( #2884 ) ) ;
#2581 = FILL_AREA_STYLE_COLOUR ( '', #2293 ) ;
#2582 = SURFACE_STYLE_FILL_AREA ( #329 ) ;
#2583 = ORIENTED_EDGE ( 'NONE', *, *, #3275, .F. ) ;
#2584 = ORIENTED_EDGE ( 'NONE', *, *, #2382, .T. ) ;
#2585 = VERTEX_POINT ( 'NONE', #1394 ) ;
#2586 = FILL_AREA_STYLE ('',( #578 ) ) ;
#2587 =( LENGTH_UNIT ( ) NAMED_UNIT ( * ) SI_UNIT ( .MILLI., .METRE. ) );
#2588 = UNCERTAINTY_MEASURE_WITH_UNIT (LENGTH_MEASURE( 1.000000000000000082E-05 ), #3363, 'distance_accuracy_value', 'NONE');
#2589 =( NAMED_UNIT ( * ) SI_UNIT ( $, .STERADIAN. ) SOLID_ANGLE_UNIT ( ) );
#2590 = AXIS2_PLACEMENT_3D ( 'NONE', #1320, #1371, #3617 ) ;
#2591 = LINE ( 'NONE', #2295, #1487 ) ;
#2592 = CIRCLE ( 'NONE', #3072, 1.300000000000000711 ) ;
#2593 = CARTESIAN_POINT ( 'NONE',  ( -6.649728078196305070, -8.450000000000004619, 42.50000000000000000 ) ) ;
#2594 = ORIENTED_EDGE ( 'NONE', *, *, #3172, .T. ) ;
#2595 = EDGE_LOOP ( 'NONE', ( #3074, #890, #747 ) ) ;
#2596 = COLOUR_RGB ( '',0.1019607843137254888, 0.1019607843137254888, 0.1019607843137254888 ) ;
#2597 = CARTESIAN_POINT ( 'NONE',  ( 11.25000000000000355, 9.449999999999999289, 19.00000000000000711 ) ) ;
#2598 = PLANE ( 'NONE',  #2317 ) ;
#2599 = EDGE_CURVE ( 'NONE', #892, #776, #1026, .T. ) ;
#2600 =( NAMED_UNIT ( * ) SI_UNIT ( $, .STERADIAN. ) SOLID_ANGLE_UNIT ( ) );
#2601 = DIRECTION ( 'NONE',  ( 0.000000000000000000, 0.000000000000000000, 1.000000000000000000 ) ) ;
#2602 = CARTESIAN_POINT ( 'NONE',  ( -5.926939574710502256, -8.450000000000006395, 43.76996379435746576 ) ) ;
#2603 = LINE ( 'NONE', #50, #994 ) ;
#2604 = EDGE_CURVE ( 'NONE', #2619, #1269, #3383, .T. ) ;
#2605 = ADVANCED_FACE ( 'NONE', ( #489 ), #506, .T. ) ;
#2606 = ORIENTED_EDGE ( 'NONE', *, *, #378, .T. ) ;
#2607 =( NAMED_UNIT ( * ) PLANE_ANGLE_UNIT ( ) SI_UNIT ( $, .RADIAN. ) );
#2608 = CARTESIAN_POINT ( 'NONE',  ( 7.000000000000000888, 7.849999999999997868, 30.50000000000000711 ) ) ;
#2609 = CARTESIAN_POINT ( 'NONE',  ( 11.24999999999999645, 9.449999999999999289, -14.49999999999999112 ) ) ;
#2610 = CIRCLE ( 'NONE', #1462, 10.92764705882351173 ) ;
#2611 = EDGE_CURVE ( 'NONE', #90, #2852, #1096, .T. ) ;
#2612 = ORIENTED_EDGE ( 'NONE', *, *, #1289, .T. ) ;
#2613 = EDGE_CURVE ( 'NONE', #155, #3347, #3311, .T. ) ;
#2614 =( LENGTH_UNIT ( ) NAMED_UNIT ( * ) SI_UNIT ( .MILLI., .METRE. ) );
#2615 =( LENGTH_UNIT ( ) NAMED_UNIT ( * ) SI_UNIT ( .MILLI., .METRE. ) );
#2616 = MECHANICAL_DESIGN_GEOMETRIC_PRESENTATION_REPRESENTATION (  '', ( #1752 ), #2686 ) ;
#2617 = SURFACE_STYLE_FILL_AREA ( #28 ) ;
#2618 = VERTEX_POINT ( 'NONE', #3637 ) ;
#2619 = VERTEX_POINT ( 'NONE', #1033 ) ;
#2620 = AXIS2_PLACEMENT_3D ( 'NONE', #1971, #2548, #3687 ) ;
#2621 = CARTESIAN_POINT ( 'NONE',  ( -5.358345730671470797, 6.850000000000000533, 44.08392823311945818 ) ) ;
#2622 = CARTESIAN_POINT ( 'NONE',  ( 2.008420750601659349E-15, 9.950000000000001066, -7.599999999999992539 ) ) ;
#2623 = EDGE_CURVE ( 'NONE', #3471, #730, #1902, .T. ) ;
#2624 = SURFACE_STYLE_USAGE ( .BOTH. , #1464 ) ;
#2625 = AXIS2_PLACEMENT_3D ( 'NONE', #1600, #1064, #3356 ) ;
#2626 = FACE_OUTER_BOUND ( 'NONE', #1895, .T. ) ;
#2627 =( NAMED_UNIT ( * ) SI_UNIT ( $, .STERADIAN. ) SOLID_ANGLE_UNIT ( ) );
#2628 = ORIENTED_EDGE ( 'NONE', *, *, #3047, .T. ) ;
#2629 = EDGE_CURVE ( 'NONE', #685, #1560, #920, .T. ) ;
#2630 = VERTEX_POINT ( 'NONE', #800 ) ;
#2631 = CYLINDRICAL_SURFACE ( 'NONE', #2566, 4.499999999999999112 ) ;
#2632 = CARTESIAN_POINT ( 'NONE',  ( -6.649728078196305070, -8.450000000000004619, 38.90000000000000568 ) ) ;
#2633 = CARTESIAN_POINT ( 'NONE',  ( 6.649728078196297965, 6.849999999999998757, 42.50000000000000000 ) ) ;
#2634 = MECHANICAL_DESIGN_GEOMETRIC_PRESENTATION_REPRESENTATION (  '', ( #1584 ), #1360 ) ;
#2635 = VERTEX_POINT ( 'NONE', #3660 ) ;
#2636 =( GEOMETRIC_REPRESENTATION_CONTEXT ( 3 ) GLOBAL_UNCERTAINTY_ASSIGNED_CONTEXT ( ( #1387 ) ) GLOBAL_UNIT_ASSIGNED_CONTEXT ( ( #1446, #3187, #1428 ) ) REPRESENTATION_CONTEXT ( 'NONE', 'WORKASPACE' ) );
#2637 = LINE ( 'NONE', #142, #2759 ) ;
#2638 = CARTESIAN_POINT ( 'NONE',  ( 2.008420750601659349E-15, 19.54999999999999716, -7.599999999999992539 ) ) ;
#2639 = DIRECTION ( 'NONE',  ( 0.000000000000000000, 0.000000000000000000, 1.000000000000000000 ) ) ;
#2640 = VECTOR ( 'NONE', #2679, 1000.000000000000000 ) ;
#2641 = ORIENTED_EDGE ( 'NONE', *, *, #2929, .F. ) ;
#2642 = AXIS2_PLACEMENT_3D ( 'NONE', #3058, #1620, #206 ) ;
#2643 = DIRECTION ( 'NONE',  ( 0.000000000000000000, 0.000000000000000000, -1.000000000000000000 ) ) ;
#2644 =( GEOMETRIC_REPRESENTATION_CONTEXT ( 3 ) GLOBAL_UNCERTAINTY_ASSIGNED_CONTEXT ( ( #3417 ) ) GLOBAL_UNIT_ASSIGNED_CONTEXT ( ( #3491, #2607, #81 ) ) REPRESENTATION_CONTEXT ( 'NONE', 'WORKASPACE' ) );
#2645 = CARTESIAN_POINT ( 'NONE',  ( 11.25000000000000355, 9.449999999999999289, 19.00000000000000711 ) ) ;
#2646 = COLOUR_RGB ( '',1.000000000000000000, 1.000000000000000000, 0.000000000000000000 ) ;
#2647 = DIRECTION ( 'NONE',  ( 1.000000000000000000, 0.000000000000000000, 0.000000000000000000 ) ) ;
#2648 = MECHANICAL_DESIGN_GEOMETRIC_PRESENTATION_REPRESENTATION (  '', ( #1661 ), #2879 ) ;
#2649 = EDGE_LOOP ( 'NONE', ( #2641, #2846, #1970, #3284, #3381, #3505 ) ) ;
#2650 = DIRECTION ( 'NONE',  ( 0.000000000000000000, 0.000000000000000000, 1.000000000000000000 ) ) ;
#2651 = EDGE_LOOP ( 'NONE', ( #526, #1511 ) ) ;
#2652 = EDGE_LOOP ( 'NONE', ( #1362, #2868, #242, #1174, #204 ) ) ;
#2653 = FACE_BOUND ( 'NONE', #2671, .T. ) ;
#2654 = FILL_AREA_STYLE_COLOUR ( '', #486 ) ;
#2655 = CARTESIAN_POINT ( 'NONE',  ( 6.542318820335165874, 6.849999999999996980, 43.02753831472870161 ) ) ;
#2656 = VECTOR ( 'NONE', #1998, 1000.000000000000000 ) ;
#2657 = DIRECTION ( 'NONE',  ( 1.000000000000000000, 0.000000000000000000, 0.000000000000000000 ) ) ;
#2658 = CARTESIAN_POINT ( 'NONE',  ( -2.828427124746617949, 3.499999999999999556, 46.70000000000000284 ) ) ;
#2659 = STYLED_ITEM ( 'NONE', ( #1299 ), #2549 ) ;
#2660 = ORIENTED_EDGE ( 'NONE', *, *, #2444, .F. ) ;
#2661 = STYLED_ITEM ( 'NONE', ( #520 ), #2901 ) ;
#2662 = SURFACE_STYLE_FILL_AREA ( #2942 ) ;
#2663 = COLOUR_RGB ( '',0.1019607843137254888, 0.1019607843137254888, 0.1019607843137254888 ) ;
#2664 = DIRECTION ( 'NONE',  ( 1.000000000000000000, 0.000000000000000000, 0.000000000000000000 ) ) ;
#2665 = CIRCLE ( 'NONE', #750, 1.250000000000001110 ) ;
#2666 = DIRECTION ( 'NONE',  ( 1.000000000000000000, 0.000000000000000000, 0.000000000000000000 ) ) ;
#2667 = EDGE_CURVE ( 'NONE', #783, #3192, #687, .T. ) ;
#2668 = DIRECTION ( 'NONE',  ( 0.000000000000000000, 0.000000000000000000, -1.000000000000000000 ) ) ;
#2669 = SURFACE_SIDE_STYLE ('',( #955 ) ) ;
#2670 = ORIENTED_EDGE ( 'NONE', *, *, #131, .F. ) ;
#2671 = EDGE_LOOP ( 'NONE', ( #1603, #2391, #2863, #2139 ) ) ;
#2672 = ORIENTED_EDGE ( 'NONE', *, *, #2907, .T. ) ;
#2673 =( NAMED_UNIT ( * ) PLANE_ANGLE_UNIT ( ) SI_UNIT ( $, .RADIAN. ) );
#2674 = CARTESIAN_POINT ( 'NONE',  ( 6.391876381304436805, 6.849999999999998757, 43.31539597119527230 ) ) ;
#2675 = UNCERTAINTY_MEASURE_WITH_UNIT (LENGTH_MEASURE( 1.000000000000000082E-05 ), #201, 'distance_accuracy_value', 'NONE');
#2676 = EDGE_CURVE ( 'NONE', #1861, #1615, #2828, .T. ) ;
#2677 = ORIENTED_EDGE ( 'NONE', *, *, #1921, .T. ) ;
#2678 = CARTESIAN_POINT ( 'NONE',  ( -6.649728078196305070, 6.849999999999997868, 19.00000000000000711 ) ) ;
#2679 = DIRECTION ( 'NONE',  ( -0.000000000000000000, -0.000000000000000000, -1.000000000000000000 ) ) ;
#2680 = AXIS2_PLACEMENT_3D ( 'NONE', #2034, #607, #1447 ) ;
#2681 = STYLED_ITEM ( 'NONE', ( #2571 ), #1038 ) ;
#2682 =( GEOMETRIC_REPRESENTATION_CONTEXT ( 3 ) GLOBAL_UNCERTAINTY_ASSIGNED_CONTEXT ( ( #2848 ) ) GLOBAL_UNIT_ASSIGNED_CONTEXT ( ( #3131, #348, #2287 ) ) REPRESENTATION_CONTEXT ( 'NONE', 'WORKASPACE' ) );
#2683 = FACE_OUTER_BOUND ( 'NONE', #1441, .T. ) ;
#2684 = CARTESIAN_POINT ( 'NONE',  ( -0.3223529411764873842, -0.8000000000000022649, 42.50000000000000000 ) ) ;
#2685 = DIRECTION ( 'NONE',  ( -1.000000000000000000, 0.000000000000000000, -0.000000000000000000 ) ) ;
#2686 =( GEOMETRIC_REPRESENTATION_CONTEXT ( 3 ) GLOBAL_UNCERTAINTY_ASSIGNED_CONTEXT ( ( #3068 ) ) GLOBAL_UNIT_ASSIGNED_CONTEXT ( ( #3663, #2009, #2026 ) ) REPRESENTATION_CONTEXT ( 'NONE', 'WORKASPACE' ) );
#2687 = VECTOR ( 'NONE', #791, 1000.000000000000000 ) ;
#2688 = FACE_OUTER_BOUND ( 'NONE', #453, .T. ) ;
#2689 = PLANE ( 'NONE',  #456 ) ;
#2690 =( NAMED_UNIT ( * ) SI_UNIT ( $, .STERADIAN. ) SOLID_ANGLE_UNIT ( ) );
#2691 = AXIS2_PLACEMENT_3D ( 'NONE', #3302, #221, #1338 ) ;
#2692 = EDGE_LOOP ( 'NONE', ( #635, #2099, #2753, #2583 ) ) ;
#2693 = PRESENTATION_STYLE_ASSIGNMENT (( #1562 ) ) ;
#2694 =( NAMED_UNIT ( * ) SI_UNIT ( $, .STERADIAN. ) SOLID_ANGLE_UNIT ( ) );
#2695 = VERTEX_POINT ( 'NONE', #2265 ) ;
#2696 = ORIENTED_EDGE ( 'NONE', *, *, #2264, .T. ) ;
#2697 =( GEOMETRIC_REPRESENTATION_CONTEXT ( 3 ) GLOBAL_UNCERTAINTY_ASSIGNED_CONTEXT ( ( #495 ) ) GLOBAL_UNIT_ASSIGNED_CONTEXT ( ( #1794, #2962, #698 ) ) REPRESENTATION_CONTEXT ( 'NONE', 'WORKASPACE' ) );
#2698 = CARTESIAN_POINT ( 'NONE',  ( -2.100000000000000977, 10.54999999999999893, -9.256992757980540887 ) ) ;
#2699 = CARTESIAN_POINT ( 'NONE',  ( -1.999999999999998668, 1.250000000000000000, -23.49999999999999289 ) ) ;
#2700 = EDGE_LOOP ( 'NONE', ( #3577, #2696, #1214, #2443 ) ) ;
#2701 =( GEOMETRIC_REPRESENTATION_CONTEXT ( 3 ) GLOBAL_UNCERTAINTY_ASSIGNED_CONTEXT ( ( #2521 ) ) GLOBAL_UNIT_ASSIGNED_CONTEXT ( ( #3253, #2703, #1853 ) ) REPRESENTATION_CONTEXT ( 'NONE', 'WORKASPACE' ) );
#2702 = DIRECTION ( 'NONE',  ( 0.000000000000000000, -1.000000000000000000, 0.000000000000000000 ) ) ;
#2703 =( NAMED_UNIT ( * ) PLANE_ANGLE_UNIT ( ) SI_UNIT ( $, .RADIAN. ) );
#2704 = VECTOR ( 'NONE', #3038, 1000.000000000000000 ) ;
#2705 = COLOUR_RGB ( '',0.1019607843137254888, 0.1019607843137254888, 0.1019607843137254888 ) ;
#2706 = CARTESIAN_POINT ( 'NONE',  ( 0.000000000000000000, 0.000000000000000000, 46.50000000000000711 ) ) ;
#2707 = EDGE_LOOP ( 'NONE', ( #1472, #2207, #3234, #3184, #355 ) ) ;
#2708 = AXIS2_PLACEMENT_3D ( 'NONE', #981, #2107, #2365 ) ;
#2709 =( LENGTH_UNIT ( ) NAMED_UNIT ( * ) SI_UNIT ( .MILLI., .METRE. ) );
#2710 = SURFACE_STYLE_USAGE ( .BOTH. , #2045 ) ;
#2711 = UNCERTAINTY_MEASURE_WITH_UNIT (LENGTH_MEASURE( 1.000000000000000082E-05 ), #2614, 'distance_accuracy_value', 'NONE');
#2712 = B_SPLINE_CURVE_WITH_KNOTS ( 'NONE', 3,
 ( #1867, #1577, #2464, #3601, #510, #1353, #869, #2908, #3461, #2621, #5, #3439, #646, #2322, #2300, #588, #67, #345 ),
 .UNSPECIFIED., .F., .F.,
 ( 4, 2, 2, 2, 2, 2, 2, 2, 4 ),
 ( 0.000000000000000000, 0.0003227021703642208466, 0.0006454043407284416932, 0.001290808681456866256, 0.001936213022185290927, 0.002581617362913715599, 0.003227021703642139836, 0.003872426044370564507, 0.005163234725827416452 ),
 .UNSPECIFIED. ) ;
#2713 = ORIENTED_EDGE ( 'NONE', *, *, #2907, .F. ) ;
#2714 = FILL_AREA_STYLE_COLOUR ( '', #1843 ) ;
#2715 = SURFACE_STYLE_USAGE ( .BOTH. , #3562 ) ;
#2716 =( LENGTH_UNIT ( ) NAMED_UNIT ( * ) SI_UNIT ( .MILLI., .METRE. ) );
#2717 = SURFACE_SIDE_STYLE ('',( #2734 ) ) ;
#2718 = ORIENTED_EDGE ( 'NONE', *, *, #1943, .F. ) ;
#2719 = EDGE_LOOP ( 'NONE', ( #643, #60, #2372, #222 ) ) ;
#2720 = EDGE_CURVE ( 'NONE', #933, #2578, #1191, .T. ) ;
#2721 = MECHANICAL_DESIGN_GEOMETRIC_PRESENTATION_REPRESENTATION (  '', ( #3251 ), #1792 ) ;
#2722 = CARTESIAN_POINT ( 'NONE',  ( -8.750000000000001776, -9.449999999999999289, 15.20000000000000639 ) ) ;
#2723 = SURFACE_STYLE_FILL_AREA ( #2021 ) ;
#2724 = CIRCLE ( 'NONE', #855, 5.000000000000000000 ) ;
#2725 = DIRECTION ( 'NONE',  ( -0.000000000000000000, -0.000000000000000000, -1.000000000000000000 ) ) ;
#2726 = EDGE_CURVE ( 'NONE', #2819, #2289, #1558, .T. ) ;
#2727 =( GEOMETRIC_REPRESENTATION_CONTEXT ( 3 ) GLOBAL_UNCERTAINTY_ASSIGNED_CONTEXT ( ( #2711 ) ) GLOBAL_UNIT_ASSIGNED_CONTEXT ( ( #2614, #1375, #2233 ) ) REPRESENTATION_CONTEXT ( 'NONE', 'WORKASPACE' ) );
#2728 = CYLINDRICAL_SURFACE ( 'NONE', #2930, 1.000000000000000000 ) ;
#2729 = FILL_AREA_STYLE_COLOUR ( '', #3395 ) ;
#2730 = ADVANCED_FACE ( 'NONE', ( #63 ), #366, .T. ) ;
#2731 = ORIENTED_EDGE ( 'NONE', *, *, #1158, .T. ) ;
#2732 = DIRECTION ( 'NONE',  ( 0.000000000000000000, 0.000000000000000000, 1.000000000000000000 ) ) ;
#2733 = EDGE_CURVE ( 'NONE', #1171, #1297, #1480, .T. ) ;
#2734 = SURFACE_STYLE_FILL_AREA ( #2143 ) ;
#2735 = ORIENTED_EDGE ( 'NONE', *, *, #259, .F. ) ;
#2736 = LINE ( 'NONE', #1020, #3484 ) ;
#2737 =( NAMED_UNIT ( * ) SI_UNIT ( $, .STERADIAN. ) SOLID_ANGLE_UNIT ( ) );
#2738 = AXIS2_PLACEMENT_3D ( 'NONE', #165, #2387, #3566 ) ;
#2739 = CARTESIAN_POINT ( 'NONE',  ( -2.402037506027752567, -8.450000000000004619, 44.50000000000000711 ) ) ;
#2740 = DIRECTION ( 'NONE',  ( 0.000000000000000000, 0.000000000000000000, 1.000000000000000000 ) ) ;
#2741 = ADVANCED_FACE ( 'NONE', ( #602 ), #1710, .T. ) ;
#2742 = AXIS2_PLACEMENT_3D ( 'NONE', #2699, #1768, #172 ) ;
#2743 = EDGE_CURVE ( 'NONE', #3539, #379, #1791, .T. ) ;
#2744 = SURFACE_STYLE_FILL_AREA ( #1067 ) ;
#2745 = ORIENTED_EDGE ( 'NONE', *, *, #356, .T. ) ;
#2746 = FACE_OUTER_BOUND ( 'NONE', #966, .T. ) ;
#2747 = DIRECTION ( 'NONE',  ( -0.000000000000000000, -0.000000000000000000, -1.000000000000000000 ) ) ;
#2748 = PRESENTATION_STYLE_ASSIGNMENT (( #1864 ) ) ;
#2749 = ORIENTED_EDGE ( 'NONE', *, *, #2087, .F. ) ;
#2750 = ORIENTED_EDGE ( 'NONE', *, *, #3390, .T. ) ;
#2751 = APPLICATION_CONTEXT ( 'automotive_design' ) ;
#2752 = SURFACE_SIDE_STYLE ('',( #1348 ) ) ;
#2753 = ORIENTED_EDGE ( 'NONE', *, *, #2599, .F. ) ;
#2754 = VECTOR ( 'NONE', #2323, 1000.000000000000000 ) ;
#2755 = CARTESIAN_POINT ( 'NONE',  ( 6.542074102311288719, -8.450000000000004619, 43.02807868893616217 ) ) ;
#2756 = DIRECTION ( 'NONE',  ( -0.000000000000000000, -1.000000000000000000, -0.000000000000000000 ) ) ;
#2757 = CARTESIAN_POINT ( 'NONE',  ( -11.24999999999999822, -9.449999999999999289, 19.00000000000000711 ) ) ;
#2758 = DIRECTION ( 'NONE',  ( 1.000000000000000000, 3.913070103568821410E-16, 0.000000000000000000 ) ) ;
#2759 = VECTOR ( 'NONE', #2101, 1000.000000000000000 ) ;
#2760 = DIRECTION ( 'NONE',  ( -1.000000000000000000, -0.000000000000000000, -0.000000000000000000 ) ) ;
#2761 = SURFACE_STYLE_FILL_AREA ( #2451 ) ;
#2762 = CARTESIAN_POINT ( 'NONE',  ( 0.000000000000000000, 9.449999999999999289, 0.000000000000000000 ) ) ;
#2763 = ORIENTED_EDGE ( 'NONE', *, *, #3425, .F. ) ;
#2764 = PRESENTATION_LAYER_ASSIGNMENT (  '', '', ( #618 ) ) ;
#2765 = ORIENTED_EDGE ( 'NONE', *, *, #180, .F. ) ;
#2766 = CARTESIAN_POINT ( 'NONE',  ( -6.649728078196305070, -8.450000000000004619, 46.70000000000000284 ) ) ;
#2767 = SURFACE_STYLE_USAGE ( .BOTH. , #1342 ) ;
#2768 =( NAMED_UNIT ( * ) PLANE_ANGLE_UNIT ( ) SI_UNIT ( $, .RADIAN. ) );
#2769 = AXIS2_PLACEMENT_3D ( 'NONE', #163, #1506, #3516 ) ;
#2770 = EDGE_CURVE ( 'NONE', #3192, #909, #3125, .T. ) ;
#2771 = EDGE_CURVE ( 'NONE', #2542, #3343, #34, .T. ) ;
#2772 = ORIENTED_EDGE ( 'NONE', *, *, #147, .F. ) ;
#2773 = EDGE_CURVE ( 'NONE', #3150, #2872, #3266, .T. ) ;
#2774 =( LENGTH_UNIT ( ) NAMED_UNIT ( * ) SI_UNIT ( .MILLI., .METRE. ) );
#2775 = CARTESIAN_POINT ( 'NONE',  ( 0.000000000000000000, 0.000000000000000000, 46.70000000000000284 ) ) ;
#2776 = AXIS2_PLACEMENT_3D ( 'NONE', #2638, #3399, #2845 ) ;
#2777 = DIRECTION ( 'NONE',  ( -8.673617379884035472E-17, 0.000000000000000000, -1.000000000000000000 ) ) ;
#2778 = ADVANCED_FACE ( 'NONE', ( #2396 ), #2085, .F. ) ;
#2779 =( NAMED_UNIT ( * ) PLANE_ANGLE_UNIT ( ) SI_UNIT ( $, .RADIAN. ) );
#2780 = DIRECTION ( 'NONE',  ( -0.000000000000000000, 1.000000000000000000, -0.000000000000000000 ) ) ;
#2781 = CARTESIAN_POINT ( 'NONE',  ( -0.3223529411764873842, -0.8000000000000022649, 44.50000000000000711 ) ) ;
#2782 = EDGE_LOOP ( 'NONE', ( #480, #3290 ) ) ;
#2783 = LINE ( 'NONE', #1313, #2704 ) ;
#2784 = CARTESIAN_POINT ( 'NONE',  ( 0.000000000000000000, 0.000000000000000000, 46.20000000000000284 ) ) ;
#2785 = ADVANCED_FACE ( 'NONE', ( #2378 ), #1212, .F. ) ;
#2786 = PRESENTATION_STYLE_ASSIGNMENT (( #1897 ) ) ;
#2787 = PRESENTATION_STYLE_ASSIGNMENT (( #540 ) ) ;
#2788 = ORIENTED_EDGE ( 'NONE', *, *, #1753, .F. ) ;
#2789 = CARTESIAN_POINT ( 'NONE',  ( -0.3223529411764873842, -0.8000000000000022649, 42.50000000000000000 ) ) ;
#2790 = EDGE_LOOP ( 'NONE', ( #2380, #2096, #36, #3076 ) ) ;
#2791 = CARTESIAN_POINT ( 'NONE',  ( 4.533909738618018714, -8.450000000000002842, 44.33469079750079089 ) ) ;
#2792 = AXIS2_PLACEMENT_3D ( 'NONE', #1990, #1440, #3071 ) ;
#2793 = CARTESIAN_POINT ( 'NONE',  ( 1.250000000000000000, 0.000000000000000000, 44.50000000000000711 ) ) ;
#2794 = FILL_AREA_STYLE_COLOUR ( '', #240 ) ;
#2795 =( NAMED_UNIT ( * ) SI_UNIT ( $, .STERADIAN. ) SOLID_ANGLE_UNIT ( ) );
#2796 = CIRCLE ( 'NONE', #1054, 1.250000000000001110 ) ;
#2797 = CARTESIAN_POINT ( 'NONE',  ( -2.100000000000000977, 10.54999999999999893, -5.943007242019441527 ) ) ;
#2798 = ORIENTED_EDGE ( 'NONE', *, *, #1642, .F. ) ;
#2799 = LINE ( 'NONE', #3359, #2687 ) ;
#2800 = AXIS2_PLACEMENT_3D ( 'NONE', #3091, #2836, #1381 ) ;
#2801 = DIRECTION ( 'NONE',  ( -0.000000000000000000, -0.000000000000000000, -1.000000000000000000 ) ) ;
#2802 = VECTOR ( 'NONE', #3623, 1000.000000000000000 ) ;
#2803 = CARTESIAN_POINT ( 'NONE',  ( 2.000000000000001332, 1.250000000000000000, -23.49999999999999289 ) ) ;
#2804 = ORIENTED_EDGE ( 'NONE', *, *, #628, .T. ) ;
#2805 = STYLED_ITEM ( 'NONE', ( #1307 ), #3667 ) ;
#2806 = DIRECTION ( 'NONE',  ( 1.000000000000000000, 0.000000000000000000, 0.000000000000000000 ) ) ;
#2807 = DIRECTION ( 'NONE',  ( 1.000000000000000000, 0.000000000000000000, -0.000000000000000000 ) ) ;
#2808 = CIRCLE ( 'NONE', #3286, 1.000000000000000000 ) ;
#2809 = UNCERTAINTY_MEASURE_WITH_UNIT (LENGTH_MEASURE( 1.000000000000000082E-05 ), #847, 'distance_accuracy_value', 'NONE');
#2810 = LINE ( 'NONE', #3033, #249 ) ;
#2811 = AXIS2_PLACEMENT_3D ( 'NONE', #3353, #3366, #1355 ) ;
#2812 = FILL_AREA_STYLE_COLOUR ( '', #1161 ) ;
#2813 = PRESENTATION_STYLE_ASSIGNMENT (( #1935 ) ) ;
#2814 = ORIENTED_EDGE ( 'NONE', *, *, #2599, .T. ) ;
#2815 = CIRCLE ( 'NONE', #2514, 0.1999999999999999833 ) ;
#2816 = FILL_AREA_STYLE_COLOUR ( '', #657 ) ;
#2817 =( GEOMETRIC_REPRESENTATION_CONTEXT ( 3 ) GLOBAL_UNCERTAINTY_ASSIGNED_CONTEXT ( ( #829 ) ) GLOBAL_UNIT_ASSIGNED_CONTEXT ( ( #322, #271, #543 ) ) REPRESENTATION_CONTEXT ( 'NONE', 'WORKASPACE' ) );
#2818 = EDGE_LOOP ( 'NONE', ( #344, #2155, #244, #3043 ) ) ;
#2819 = VERTEX_POINT ( 'NONE', #1531 ) ;
#2820 = VECTOR ( 'NONE', #2062, 1000.000000000000000 ) ;
#2821 = FILL_AREA_STYLE ('',( #793 ) ) ;
#2822 = FILL_AREA_STYLE ('',( #3093 ) ) ;
#2823 = CARTESIAN_POINT ( 'NONE',  ( 0.000000000000000000, 1.250000000000000000, -22.74999999999999289 ) ) ;
#2824 = UNCERTAINTY_MEASURE_WITH_UNIT (LENGTH_MEASURE( 1.000000000000000082E-05 ), #2774, 'distance_accuracy_value', 'NONE');
#2825 = SURFACE_STYLE_USAGE ( .BOTH. , #812 ) ;
#2826 = EDGE_LOOP ( 'NONE', ( #1097, #1903, #1668, #2479 ) ) ;
#2827 =( GEOMETRIC_REPRESENTATION_CONTEXT ( 3 ) GLOBAL_UNCERTAINTY_ASSIGNED_CONTEXT ( ( #862 ) ) GLOBAL_UNIT_ASSIGNED_CONTEXT ( ( #1331, #814, #3597 ) ) REPRESENTATION_CONTEXT ( 'NONE', 'WORKASPACE' ) );
#2828 = LINE ( 'NONE', #585, #2834 ) ;
#2829 = SURFACE_STYLE_USAGE ( .BOTH. , #1926 ) ;
#2830 = PLANE ( 'NONE',  #3638 ) ;
#2831 = ADVANCED_FACE ( 'NONE', ( #992 ), #433, .T. ) ;
#2832 = CARTESIAN_POINT ( 'NONE',  ( 2.008420750601659349E-15, 19.54999999999999716, -7.599999999999992539 ) ) ;
#2833 = CARTESIAN_POINT ( 'NONE',  ( 2.008420750601659349E-15, 9.449999999999999289, -11.34999999999999254 ) ) ;
#2834 = VECTOR ( 'NONE', #2008, 1000.000000000000000 ) ;
#2835 = ORIENTED_EDGE ( 'NONE', *, *, #3314, .T. ) ;
#2836 = DIRECTION ( 'NONE',  ( -0.000000000000000000, 1.000000000000000000, -0.000000000000000000 ) ) ;
#2837 = ADVANCED_FACE ( 'NONE', ( #3094 ), #772, .F. ) ;
#2838 =( GEOMETRIC_REPRESENTATION_CONTEXT ( 3 ) GLOBAL_UNCERTAINTY_ASSIGNED_CONTEXT ( ( #580 ) ) GLOBAL_UNIT_ASSIGNED_CONTEXT ( ( #1029, #2768, #2157 ) ) REPRESENTATION_CONTEXT ( 'NONE', 'WORKASPACE' ) );
#2839 = ORIENTED_EDGE ( 'NONE', *, *, #1765, .T. ) ;
#2840 =( NAMED_UNIT ( * ) SI_UNIT ( $, .STERADIAN. ) SOLID_ANGLE_UNIT ( ) );
#2841 = DIRECTION ( 'NONE',  ( 1.000000000000000000, 1.304356701189607630E-16, 0.000000000000000000 ) ) ;
#2842 = VECTOR ( 'NONE', #573, 1000.000000000000000 ) ;
#2843 = CARTESIAN_POINT ( 'NONE',  ( -6.649728078196305070, -8.450000000000004619, 46.70000000000000284 ) ) ;
#2844 = COLOUR_RGB ( '',0.7764705882352941346, 0.7568627450980391913, 0.7372549019607843590 ) ;
#2845 = DIRECTION ( 'NONE',  ( 0.000000000000000000, 0.000000000000000000, 1.000000000000000000 ) ) ;
#2846 = ORIENTED_EDGE ( 'NONE', *, *, #51, .T. ) ;
#2847 = LINE ( 'NONE', #2363, #1071 ) ;
#2848 = UNCERTAINTY_MEASURE_WITH_UNIT (LENGTH_MEASURE( 1.000000000000000082E-05 ), #3131, 'distance_accuracy_value', 'NONE');
#2849 = SURFACE_SIDE_STYLE ('',( #2305 ) ) ;
#2850 = DIRECTION ( 'NONE',  ( 0.000000000000000000, 0.000000000000000000, -1.000000000000000000 ) ) ;
#2851 = PRESENTATION_LAYER_ASSIGNMENT (  '', '', ( #2302 ) ) ;
#2852 = VERTEX_POINT ( 'NONE', #1343 ) ;
#2853 = FACE_OUTER_BOUND ( 'NONE', #2595, .T. ) ;
#2854 = EDGE_LOOP ( 'NONE', ( #2398, #1311, #1851, #970 ) ) ;
#2855 = CIRCLE ( 'NONE', #937, 1.000000000000000000 ) ;
#2856 = CARTESIAN_POINT ( 'NONE',  ( 2.008420750601659349E-15, 19.54999999999999716, -7.599999999999992539 ) ) ;
#2857 =( NAMED_UNIT ( * ) PLANE_ANGLE_UNIT ( ) SI_UNIT ( $, .RADIAN. ) );
#2858 = DIRECTION ( 'NONE',  ( 0.000000000000000000, 0.000000000000000000, 1.000000000000000000 ) ) ;
#2859 = STYLED_ITEM ( 'NONE', ( #1908 ), #727 ) ;
#2860 = DIRECTION ( 'NONE',  ( -0.000000000000000000, -0.000000000000000000, -1.000000000000000000 ) ) ;
#2861 = SURFACE_SIDE_STYLE ('',( #2617 ) ) ;
#2862 = PRESENTATION_LAYER_ASSIGNMENT (  '', '', ( #1573 ) ) ;
#2863 = ORIENTED_EDGE ( 'NONE', *, *, #3103, .F. ) ;
#2864 = SURFACE_STYLE_FILL_AREA ( #1693 ) ;
#2865 = SURFACE_STYLE_USAGE ( .BOTH. , #1139 ) ;
#2866 = FACE_OUTER_BOUND ( 'NONE', #2854, .T. ) ;
#2867 = FILL_AREA_STYLE_COLOUR ( '', #2283 ) ;
#2868 = ORIENTED_EDGE ( 'NONE', *, *, #1490, .F. ) ;
#2869 = CIRCLE ( 'NONE', #3521, 9.927647058823977133 ) ;
#2870 = PRESENTATION_LAYER_ASSIGNMENT (  '', '', ( #1834 ) ) ;
#2871 = EDGE_CURVE ( 'NONE', #2042, #3062, #2899, .T. ) ;
#2872 = VERTEX_POINT ( 'NONE', #2497 ) ;
#2873 = ORIENTED_EDGE ( 'NONE', *, *, #3013, .T. ) ;
#2874 = PRESENTATION_LAYER_ASSIGNMENT (  '', '', ( #1423 ) ) ;
#2875 =( NAMED_UNIT ( * ) SI_UNIT ( $, .STERADIAN. ) SOLID_ANGLE_UNIT ( ) );
#2876 =( GEOMETRIC_REPRESENTATION_CONTEXT ( 3 ) GLOBAL_UNCERTAINTY_ASSIGNED_CONTEXT ( ( #3259 ) ) GLOBAL_UNIT_ASSIGNED_CONTEXT ( ( #107, #2412, #141 ) ) REPRESENTATION_CONTEXT ( 'NONE', 'WORKASPACE' ) );
#2877 = ORIENTED_EDGE ( 'NONE', *, *, #947, .T. ) ;
#2878 = PRODUCT ( 'Gear Motor', 'Gear Motor', '', ( #1969 ) ) ;
#2879 =( GEOMETRIC_REPRESENTATION_CONTEXT ( 3 ) GLOBAL_UNCERTAINTY_ASSIGNED_CONTEXT ( ( #2933 ) ) GLOBAL_UNIT_ASSIGNED_CONTEXT ( ( #779, #3309, #1865 ) ) REPRESENTATION_CONTEXT ( 'NONE', 'WORKASPACE' ) );
#2880 = FILL_AREA_STYLE_COLOUR ( '', #1673 ) ;
#2881 = FILL_AREA_STYLE ('',( #3389 ) ) ;
#2882 = EDGE_CURVE ( 'NONE', #2438, #2573, #104, .T. ) ;
#2883 = AXIS2_PLACEMENT_3D ( 'NONE', #3252, #2702, #712 ) ;
#2884 = SURFACE_STYLE_FILL_AREA ( #3462 ) ;
#2885 = EDGE_CURVE ( 'NONE', #3321, #91, #3633, .T. ) ;
#2886 = PLANE ( 'NONE',  #2991 ) ;
#2887 = PRESENTATION_STYLE_ASSIGNMENT (( #1217 ) ) ;
#2888 = CARTESIAN_POINT ( 'NONE',  ( 0.3223529411764958219, -0.8000000000000012657, 19.00000000000000711 ) ) ;
#2889 = FILL_AREA_STYLE ('',( #1716 ) ) ;
#2890 = SURFACE_STYLE_FILL_AREA ( #558 ) ;
#2891 = VERTEX_POINT ( 'NONE', #3021 ) ;
#2892 = EDGE_CURVE ( 'NONE', #746, #450, #2592, .T. ) ;
#2893 = ORIENTED_EDGE ( 'NONE', *, *, #789, .T. ) ;
#2894 = AXIS2_PLACEMENT_3D ( 'NONE', #2789, #2500, #780 ) ;
#2895 = CARTESIAN_POINT ( 'NONE',  ( 0.3223529411764958219, -0.8000000000000012657, 42.50000000000000000 ) ) ;
#2896 = CARTESIAN_POINT ( 'NONE',  ( 4.500000000000000888, 0.000000000000000000, 46.20000000000000284 ) ) ;
#2897 = FILL_AREA_STYLE_COLOUR ( '', #398 ) ;
#2898 = DIRECTION ( 'NONE',  ( 0.000000000000000000, 0.000000000000000000, 1.000000000000000000 ) ) ;
#2899 = CIRCLE ( 'NONE', #2151, 1.000000000000000000 ) ;
#2900 = SURFACE_STYLE_FILL_AREA ( #2006 ) ;
#2901 = ADVANCED_FACE ( 'NONE', ( #1050, #468 ), #3614, .T. ) ;
#2902 = FILL_AREA_STYLE ('',( #43 ) ) ;
#2903 = PRESENTATION_LAYER_ASSIGNMENT (  '', '', ( #3251 ) ) ;
#2904 = DIRECTION ( 'NONE',  ( 1.000000000000000000, 0.000000000000000000, 0.000000000000000000 ) ) ;
#2905 = ORIENTED_EDGE ( 'NONE', *, *, #1042, .T. ) ;
#2906 = AXIS2_PLACEMENT_3D ( 'NONE', #290, #2253, #823 ) ;
#2907 = EDGE_CURVE ( 'NONE', #1985, #1962, #1671, .T. ) ;
#2908 = CARTESIAN_POINT ( 'NONE',  ( -5.926590908657898282, 6.850000000000002309, 43.76998221474800488 ) ) ;
#2909 = SURFACE_STYLE_FILL_AREA ( #1731 ) ;
#2910 = CARTESIAN_POINT ( 'NONE',  ( 2.828427124746617949, 3.499999999999999556, 46.70000000000000284 ) ) ;
#2911 = ORIENTED_EDGE ( 'NONE', *, *, #9, .T. ) ;
#2912 = FACE_OUTER_BOUND ( 'NONE', #2417, .T. ) ;
#2913 = ORIENTED_EDGE ( 'NONE', *, *, #26, .F. ) ;
#2914 = VERTEX_POINT ( 'NONE', #2608 ) ;
#2915 = SURFACE_STYLE_USAGE ( .BOTH. , #1763 ) ;
#2916 =( GEOMETRIC_REPRESENTATION_CONTEXT ( 3 ) GLOBAL_UNCERTAINTY_ASSIGNED_CONTEXT ( ( #2809 ) ) GLOBAL_UNIT_ASSIGNED_CONTEXT ( ( #847, #3, #2589 ) ) REPRESENTATION_CONTEXT ( 'NONE', 'WORKASPACE' ) );
#2917 = FILL_AREA_STYLE_COLOUR ( '', #1981 ) ;
#2918 = COLOUR_RGB ( '',1.000000000000000000, 1.000000000000000000, 1.000000000000000000 ) ;
#2919 = SURFACE_STYLE_USAGE ( .BOTH. , #2861 ) ;
#2920 = CARTESIAN_POINT ( 'NONE',  ( 2.008420750601659349E-15, 9.950000000000001066, -7.599999999999992539 ) ) ;
#2921 = VERTEX_POINT ( 'NONE', #1405 ) ;
#2922 = STYLED_ITEM ( 'NONE', ( #2787 ), #1003 ) ;
#2923 = AXIS2_PLACEMENT_3D ( 'NONE', #2057, #1184, #3257 ) ;
#2924 = CARTESIAN_POINT ( 'NONE',  ( -4.500000000000000888, 5.510910596163089556E-16, 46.20000000000000284 ) ) ;
#2925 = SURFACE_STYLE_FILL_AREA ( #289 ) ;
#2926 = SURFACE_STYLE_FILL_AREA ( #697 ) ;
#2927 = LINE ( 'NONE', #2056, #3130 ) ;
#2928 = DIRECTION ( 'NONE',  ( 0.000000000000000000, 0.000000000000000000, 1.000000000000000000 ) ) ;
#2929 = EDGE_CURVE ( 'NONE', #1305, #892, #1168, .T. ) ;
#2930 = AXIS2_PLACEMENT_3D ( 'NONE', #407, #1819, #447 ) ;
#2931 = FACE_OUTER_BOUND ( 'NONE', #1759, .T. ) ;
#2932 =( GEOMETRIC_REPRESENTATION_CONTEXT ( 3 ) GLOBAL_UNCERTAINTY_ASSIGNED_CONTEXT ( ( #1898 ) ) GLOBAL_UNIT_ASSIGNED_CONTEXT ( ( #1302, #2131, #3016 ) ) REPRESENTATION_CONTEXT ( 'NONE', 'WORKASPACE' ) );
#2933 = UNCERTAINTY_MEASURE_WITH_UNIT (LENGTH_MEASURE( 1.000000000000000082E-05 ), #779, 'distance_accuracy_value', 'NONE');
#2934 = MECHANICAL_DESIGN_GEOMETRIC_PRESENTATION_REPRESENTATION (  '', ( #3108 ), #896 ) ;
#2935 = DIRECTION ( 'NONE',  ( -0.000000000000000000, 1.000000000000000000, -0.000000000000000000 ) ) ;
#2936 = DIRECTION ( 'NONE',  ( 0.000000000000000000, 0.000000000000000000, -1.000000000000000000 ) ) ;
#2937 = SURFACE_STYLE_USAGE ( .BOTH. , #3287 ) ;
#2938 = ORIENTED_EDGE ( 'NONE', *, *, #327, .T. ) ;
#2939 = EDGE_CURVE ( 'NONE', #134, #1985, #3665, .T. ) ;
#2940 = VECTOR ( 'NONE', #1785, 1000.000000000000000 ) ;
#2941 =( NAMED_UNIT ( * ) PLANE_ANGLE_UNIT ( ) SI_UNIT ( $, .RADIAN. ) );
#2942 = FILL_AREA_STYLE ('',( #164 ) ) ;
#2943 = CYLINDRICAL_SURFACE ( 'NONE', #556, 9.927647058823977133 ) ;
#2944 = EDGE_CURVE ( 'NONE', #1571, #155, #273, .T. ) ;
#2945 = CARTESIAN_POINT ( 'NONE',  ( -6.252311992735124058, -8.450000000000004619, 43.48252799725823792 ) ) ;
#2946 = FACE_OUTER_BOUND ( 'NONE', #801, .T. ) ;
#2947 = ORIENTED_EDGE ( 'NONE', *, *, #884, .T. ) ;
#2948 = SURFACE_STYLE_FILL_AREA ( #3522 ) ;
#2949 = SURFACE_STYLE_FILL_AREA ( #688 ) ;
#2950 = CARTESIAN_POINT ( 'NONE',  ( 6.749999999999997335, 9.449999999999999289, -18.99999999999999289 ) ) ;
#2951 = DIRECTION ( 'NONE',  ( -0.000000000000000000, 1.000000000000000000, -0.000000000000000000 ) ) ;
#2952 = FILL_AREA_STYLE_COLOUR ( '', #3546 ) ;
#2953 = AXIS2_PLACEMENT_3D ( 'NONE', #3024, #1079, #2525 ) ;
#2954 = EDGE_LOOP ( 'NONE', ( #2213, #2750, #1081, #2041 ) ) ;
#2955 =( GEOMETRIC_REPRESENTATION_CONTEXT ( 3 ) GLOBAL_UNCERTAINTY_ASSIGNED_CONTEXT ( ( #2002 ) ) GLOBAL_UNIT_ASSIGNED_CONTEXT ( ( #1260, #3513, #3247 ) ) REPRESENTATION_CONTEXT ( 'NONE', 'WORKASPACE' ) );
#2956 = CARTESIAN_POINT ( 'NONE',  ( 0.8000000000000000444, 0.000000000000000000, 46.50000000000000711 ) ) ;
#2957 = AXIS2_PLACEMENT_3D ( 'NONE', #3238, #953, #2979 ) ;
#2958 = FACE_OUTER_BOUND ( 'NONE', #1252, .T. ) ;
#2959 = MECHANICAL_DESIGN_GEOMETRIC_PRESENTATION_REPRESENTATION (  '', ( #1225 ), #2727 ) ;
#2960 = FACE_BOUND ( 'NONE', #2227, .T. ) ;
#2961 = SURFACE_STYLE_FILL_AREA ( #3240 ) ;
#2962 =( NAMED_UNIT ( * ) PLANE_ANGLE_UNIT ( ) SI_UNIT ( $, .RADIAN. ) );
#2963 = EDGE_LOOP ( 'NONE', ( #1473, #3141, #2482, #2798 ) ) ;
#2964 = CARTESIAN_POINT ( 'NONE',  ( 0.000000000000000000, 0.000000000000000000, 46.20000000000000284 ) ) ;
#2965 =( LENGTH_UNIT ( ) NAMED_UNIT ( * ) SI_UNIT ( .MILLI., .METRE. ) );
#2966 = B_SPLINE_CURVE_WITH_KNOTS ( 'NONE', 3,
 ( #2658, #3544, #1279, #1211, #675, #1549 ),
 .UNSPECIFIED., .F., .F.,
 ( 4, 2, 4 ),
 ( -5.640975595017662709E-06, 0.0003984217327107228640, 0.0008024844410164633755 ),
 .UNSPECIFIED. ) ;
#2967 = PRESENTATION_LAYER_ASSIGNMENT (  '', '', ( #3625 ) ) ;
#2968 = SURFACE_STYLE_FILL_AREA ( #2359 ) ;
#2969 = DIRECTION ( 'NONE',  ( -0.000000000000000000, 0.000000000000000000, 1.000000000000000000 ) ) ;
#2970 = EDGE_LOOP ( 'NONE', ( #265, #1882, #1022, #2677 ) ) ;
#2971 = ORIENTED_EDGE ( 'NONE', *, *, #1931, .F. ) ;
#2972 = AXIS2_PLACEMENT_3D ( 'NONE', #873, #1488, #2647 ) ;
#2973 =( GEOMETRIC_REPRESENTATION_CONTEXT ( 3 ) GLOBAL_UNCERTAINTY_ASSIGNED_CONTEXT ( ( #1612 ) ) GLOBAL_UNIT_ASSIGNED_CONTEXT ( ( #531, #1633, #993 ) ) REPRESENTATION_CONTEXT ( 'NONE', 'WORKASPACE' ) );
#2974 = DIRECTION ( 'NONE',  ( 1.000000000000000000, -1.776356839400250465E-15, 0.000000000000000000 ) ) ;
#2975 = PRESENTATION_LAYER_ASSIGNMENT (  '', '', ( #2922 ) ) ;
#2976 = CIRCLE ( 'NONE', #1349, 2.675000000000000266 ) ;
#2977 = PRESENTATION_LAYER_ASSIGNMENT (  '', '', ( #228 ) ) ;
#2978 =( NAMED_UNIT ( * ) SI_UNIT ( $, .STERADIAN. ) SOLID_ANGLE_UNIT ( ) );
#2979 = DIRECTION ( 'NONE',  ( 0.000000000000000000, 0.000000000000000000, 1.000000000000000000 ) ) ;
#2980 = DIRECTION ( 'NONE',  ( -1.000000000000000000, 6.521783505948035684E-17, -0.000000000000000000 ) ) ;
#2981 = FILL_AREA_STYLE ('',( #1568 ) ) ;
#2982 = ORIENTED_EDGE ( 'NONE', *, *, #683, .T. ) ;
#2983 = DIRECTION ( 'NONE',  ( 0.000000000000000000, 1.000000000000000000, -0.000000000000000000 ) ) ;
#2984 = ORIENTED_EDGE ( 'NONE', *, *, #2944, .T. ) ;
#2985 = ORIENTED_EDGE ( 'NONE', *, *, #1402, .T. ) ;
#2986 = PRESENTATION_LAYER_ASSIGNMENT (  '', '', ( #1584 ) ) ;
#2987 = CARTESIAN_POINT ( 'NONE',  ( -11.24999999999999822, 9.449999999999999289, 19.00000000000000711 ) ) ;
#2988 = CARTESIAN_POINT ( 'NONE',  ( 6.649728078196297965, 6.849999999999998757, 46.70000000000000284 ) ) ;
#2989 = MECHANICAL_DESIGN_GEOMETRIC_PRESENTATION_REPRESENTATION (  '', ( #373 ), #605 ) ;
#2990 = FILL_AREA_STYLE_COLOUR ( '', #733 ) ;
#2991 = AXIS2_PLACEMENT_3D ( 'NONE', #853, #629, #1983 ) ;
#2992 = CARTESIAN_POINT ( 'NONE',  ( -0.3223529411764873842, -0.8000000000000022649, 19.00000000000000711 ) ) ;
#2993 = MECHANICAL_DESIGN_GEOMETRIC_PRESENTATION_REPRESENTATION (  '', ( #18 ), #191 ) ;
#2994 = EDGE_CURVE ( 'NONE', #3397, #703, #1977, .T. ) ;
#2995 = VECTOR ( 'NONE', #2801, 1000.000000000000000 ) ;
#2996 =( GEOMETRIC_REPRESENTATION_CONTEXT ( 3 ) GLOBAL_UNCERTAINTY_ASSIGNED_CONTEXT ( ( #1169 ) ) GLOBAL_UNIT_ASSIGNED_CONTEXT ( ( #2243, #1455, #3137 ) ) REPRESENTATION_CONTEXT ( 'NONE', 'WORKASPACE' ) );
#2997 = SURFACE_STYLE_USAGE ( .BOTH. , #2108 ) ;
#2998 = DIRECTION ( 'NONE',  ( 1.000000000000000000, 1.780129300205720058E-15, 0.000000000000000000 ) ) ;
#2999 = ADVANCED_FACE ( 'NONE', ( #1703 ), #2261, .F. ) ;
#3000 = CARTESIAN_POINT ( 'NONE',  ( -6.649728078196305070, -8.450000000000004619, 46.70000000000000284 ) ) ;
#3001 = VECTOR ( 'NONE', #2543, 1000.000000000000000 ) ;
#3002 = ORIENTED_EDGE ( 'NONE', *, *, #1646, .T. ) ;
#3003 = AXIS2_PLACEMENT_3D ( 'NONE', #998, #418, #680 ) ;
#3004 = PRESENTATION_STYLE_ASSIGNMENT (( #2373 ) ) ;
#3005 = ADVANCED_FACE ( 'NONE', ( #1418 ), #1450, .T. ) ;
#3006 = ORIENTED_EDGE ( 'NONE', *, *, #1011, .F. ) ;
#3007 =( NAMED_UNIT ( * ) PLANE_ANGLE_UNIT ( ) SI_UNIT ( $, .RADIAN. ) );
#3008 = FACE_OUTER_BOUND ( 'NONE', #809, .T. ) ;
#3009 = EDGE_CURVE ( 'NONE', #379, #1524, #1395, .T. ) ;
#3010 =( GEOMETRIC_REPRESENTATION_CONTEXT ( 3 ) GLOBAL_UNCERTAINTY_ASSIGNED_CONTEXT ( ( #3346 ) ) GLOBAL_UNIT_ASSIGNED_CONTEXT ( ( #419, #2230, #2481 ) ) REPRESENTATION_CONTEXT ( 'NONE', 'WORKASPACE' ) );
#3011 = DIRECTION ( 'NONE',  ( 0.000000000000000000, 0.000000000000000000, 1.000000000000000000 ) ) ;
#3012 = AXIS2_PLACEMENT_3D ( 'NONE', #269, #2000, #3196 ) ;
#3013 = EDGE_CURVE ( 'NONE', #1727, #205, #1275, .T. ) ;
#3014 = EDGE_CURVE ( 'NONE', #2573, #1106, #874, .T. ) ;
#3015 = CARTESIAN_POINT ( 'NONE',  ( 1.530808498934191078E-16, -1.250000000000000000, -20.24999999999998934 ) ) ;
#3016 =( NAMED_UNIT ( * ) SI_UNIT ( $, .STERADIAN. ) SOLID_ANGLE_UNIT ( ) );
#3017 = MECHANICAL_DESIGN_GEOMETRIC_PRESENTATION_REPRESENTATION (  '', ( #1566 ), #2349 ) ;
#3018 = CARTESIAN_POINT ( 'NONE',  ( -2.499999999999998668, 1.250000000000000000, -23.49999999999999289 ) ) ;
#3019 = ORIENTED_EDGE ( 'NONE', *, *, #752, .T. ) ;
#3020 = FACE_OUTER_BOUND ( 'NONE', #3497, .T. ) ;
#3021 = CARTESIAN_POINT ( 'NONE',  ( 6.649728078196296188, -8.450000000000002842, 38.90000000000000568 ) ) ;
#3022 = DIRECTION ( 'NONE',  ( -1.000000000000000000, 0.000000000000000000, 0.000000000000000000 ) ) ;
#3023 = LINE ( 'NONE', #2524, #837 ) ;
#3024 = CARTESIAN_POINT ( 'NONE',  ( -0.3223529411764873842, -0.8000000000000022649, 30.50000000000000711 ) ) ;
#3025 = ADVANCED_FACE ( 'NONE', ( #3684 ), #3464, .F. ) ;
#3026 = STYLED_ITEM ( 'NONE', ( #936 ), #1284 ) ;
#3027 = EDGE_LOOP ( 'NONE', ( #161, #1027 ) ) ;
#3028 = PRESENTATION_STYLE_ASSIGNMENT (( #2829 ) ) ;
#3029 = DIRECTION ( 'NONE',  ( -1.000000000000000000, 0.000000000000000000, 0.000000000000000000 ) ) ;
#3030 = VECTOR ( 'NONE', #494, 1000.000000000000000 ) ;
#3031 =( LENGTH_UNIT ( ) NAMED_UNIT ( * ) SI_UNIT ( .MILLI., .METRE. ) );
#3032 = UNCERTAINTY_MEASURE_WITH_UNIT (LENGTH_MEASURE( 1.000000000000000082E-05 ), #2286, 'distance_accuracy_value', 'NONE');
#3033 = CARTESIAN_POINT ( 'NONE',  ( -2.499999999999996447, -1.250000000000000000, 2.168404344971005910E-16 ) ) ;
#3034 = FACE_OUTER_BOUND ( 'NONE', #2782, .T. ) ;
#3035 = CIRCLE ( 'NONE', #2800, 4.499999999999999112 ) ;
#3036 = UNCERTAINTY_MEASURE_WITH_UNIT (LENGTH_MEASURE( 1.000000000000000082E-05 ), #2118, 'distance_accuracy_value', 'NONE');
#3037 = ORIENTED_EDGE ( 'NONE', *, *, #1270, .T. ) ;
#3038 = DIRECTION ( 'NONE',  ( 1.000000000000000000, 1.304356701189607630E-16, 0.000000000000000000 ) ) ;
#3039 =( NAMED_UNIT ( * ) PLANE_ANGLE_UNIT ( ) SI_UNIT ( $, .RADIAN. ) );
#3040 = UNCERTAINTY_MEASURE_WITH_UNIT (LENGTH_MEASURE( 1.000000000000000082E-05 ), #2071, 'distance_accuracy_value', 'NONE');
#3041 = EDGE_CURVE ( 'NONE', #1847, #1615, #2014, .T. ) ;
#3042 =( LENGTH_UNIT ( ) NAMED_UNIT ( * ) SI_UNIT ( .MILLI., .METRE. ) );
#3043 = ORIENTED_EDGE ( 'NONE', *, *, #371, .T. ) ;
#3044 = CARTESIAN_POINT ( 'NONE',  ( 0.3223529411764958219, -0.8000000000000012657, 46.70000000000000284 ) ) ;
#3045 =( GEOMETRIC_REPRESENTATION_CONTEXT ( 3 ) GLOBAL_UNCERTAINTY_ASSIGNED_CONTEXT ( ( #3342 ) ) GLOBAL_UNIT_ASSIGNED_CONTEXT ( ( #3628, #3589, #790 ) ) REPRESENTATION_CONTEXT ( 'NONE', 'WORKASPACE' ) );
#3046 = CARTESIAN_POINT ( 'NONE',  ( 0.3223529411764958219, -0.8000000000000012657, 44.50000000000000711 ) ) ;
#3047 = EDGE_CURVE ( 'NONE', #2695, #1171, #2531, .T. ) ;
#3048 = COLOUR_RGB ( '',1.000000000000000000, 1.000000000000000000, 0.000000000000000000 ) ;
#3049 =( NAMED_UNIT ( * ) PLANE_ANGLE_UNIT ( ) SI_UNIT ( $, .RADIAN. ) );
#3050 = SURFACE_SIDE_STYLE ('',( #1631 ) ) ;
#3051 = CARTESIAN_POINT ( 'NONE',  ( 2.500000000000001332, -1.250000000000000000, 0.000000000000000000 ) ) ;
#3052 = STYLED_ITEM ( 'NONE', ( #2175 ), #3493 ) ;
#3053 = CARTESIAN_POINT ( 'NONE',  ( 2.008420750601659349E-15, 9.950000000000001066, -11.34999999999999254 ) ) ;
#3054 = AXIS2_PLACEMENT_3D ( 'NONE', #833, #2860, #300 ) ;
#3055 = ADVANCED_FACE ( 'NONE', ( #856 ), #1636, .F. ) ;
#3056 = PRESENTATION_STYLE_ASSIGNMENT (( #1890 ) ) ;
#3057 = CIRCLE ( 'NONE', #2708, 5.000000000000000000 ) ;
#3058 = CARTESIAN_POINT ( 'NONE',  ( -10.25000000000047784, -8.460000000000006182, 38.90000000000000568 ) ) ;
#3059 = CARTESIAN_POINT ( 'NONE',  ( 8.750000000000001776, -13.12695526217004449, 12.60000000000000497 ) ) ;
#3060 = DIRECTION ( 'NONE',  ( -1.000000000000000000, 0.000000000000000000, 0.000000000000000000 ) ) ;
#3061 = ORIENTED_EDGE ( 'NONE', *, *, #3215, .T. ) ;
#3062 = VERTEX_POINT ( 'NONE', #98 ) ;
#3063 = CARTESIAN_POINT ( 'NONE',  ( -0.3223529411764873842, -0.8000000000000022649, 38.90000000000000568 ) ) ;
#3064 = ORIENTED_EDGE ( 'NONE', *, *, #2676, .F. ) ;
#3065 = DIRECTION ( 'NONE',  ( -0.000000000000000000, 1.000000000000000000, -0.000000000000000000 ) ) ;
#3066 = CARTESIAN_POINT ( 'NONE',  ( 5.358345730671447704, -8.450000000000001066, 44.08392823311945818 ) ) ;
#3067 =( NAMED_UNIT ( * ) PLANE_ANGLE_UNIT ( ) SI_UNIT ( $, .RADIAN. ) );
#3068 = UNCERTAINTY_MEASURE_WITH_UNIT (LENGTH_MEASURE( 1.000000000000000082E-05 ), #3663, 'distance_accuracy_value', 'NONE');
#3069 = AXIS2_PLACEMENT_3D ( 'NONE', #400, #692, #1243 ) ;
#3070 = FILL_AREA_STYLE ('',( #258 ) ) ;
#3071 = DIRECTION ( 'NONE',  ( 1.000000000000000000, 0.000000000000000000, 0.000000000000000000 ) ) ;
#3072 = AXIS2_PLACEMENT_3D ( 'NONE', #744, #1296, #1016 ) ;
#3073 = LINE ( 'NONE', #2797, #1709 ) ;
#3074 = ORIENTED_EDGE ( 'NONE', *, *, #1000, .F. ) ;
#3075 = CARTESIAN_POINT ( 'NONE',  ( -8.750000000000001776, 9.449999999999999289, 13.90000000000000568 ) ) ;
#3076 = ORIENTED_EDGE ( 'NONE', *, *, #1388, .T. ) ;
#3077 = CARTESIAN_POINT ( 'NONE',  ( 2.008420750601659349E-15, 9.950000000000001066, -7.599999999999992539 ) ) ;
#3078 = DIRECTION ( 'NONE',  ( -0.000000000000000000, 1.000000000000000000, -0.000000000000000000 ) ) ;
#3079 = DIRECTION ( 'NONE',  ( 0.000000000000000000, 0.000000000000000000, 1.000000000000000000 ) ) ;
#3080 = UNCERTAINTY_MEASURE_WITH_UNIT (LENGTH_MEASURE( 1.000000000000000082E-05 ), #1215, 'distance_accuracy_value', 'NONE');
#3081 = FILL_AREA_STYLE ('',( #745 ) ) ;
#3082 = DIRECTION ( 'NONE',  ( 0.000000000000000000, 1.000000000000000000, -0.000000000000000000 ) ) ;
#3083 = DIRECTION ( 'NONE',  ( 0.000000000000000000, 0.000000000000000000, 1.000000000000000000 ) ) ;
#3084 = CARTESIAN_POINT ( 'NONE',  ( 0.3223529411764958219, -0.8000000000000012657, 38.90000000000000568 ) ) ;
#3085 = FILL_AREA_STYLE_COLOUR ( '', #527 ) ;
#3086 = FACE_OUTER_BOUND ( 'NONE', #3599, .T. ) ;
#3087 = LINE ( 'NONE', #2530, #1175 ) ;
#3088 = STYLED_ITEM ( 'NONE', ( #1726 ), #944 ) ;
#3089 = DIRECTION ( 'NONE',  ( -0.000000000000000000, -0.000000000000000000, -1.000000000000000000 ) ) ;
#3090 = EDGE_LOOP ( 'NONE', ( #986, #516 ) ) ;
#3091 = CARTESIAN_POINT ( 'NONE',  ( 6.749999999999997335, 9.449999999999999289, -14.49999999999999112 ) ) ;
#3092 = COLOUR_RGB ( '',1.000000000000000000, 1.000000000000000000, 0.000000000000000000 ) ;
#3093 = FILL_AREA_STYLE_COLOUR ( '', #891 ) ;
#3094 = FACE_OUTER_BOUND ( 'NONE', #1300, .T. ) ;
#3095 = VECTOR ( 'NONE', #1613, 1000.000000000000000 ) ;
#3096 = VERTEX_POINT ( 'NONE', #3518 ) ;
#3097 = EDGE_CURVE ( 'NONE', #1189, #2891, #1266, .T. ) ;
#3098 = FILL_AREA_STYLE ('',( #583 ) ) ;
#3099 = DIRECTION ( 'NONE',  ( 1.000000000000000000, 0.000000000000000000, 0.000000000000000000 ) ) ;
#3100 = MECHANICAL_DESIGN_GEOMETRIC_PRESENTATION_REPRESENTATION (  '', ( #3402 ), #69 ) ;
#3101 = SURFACE_STYLE_FILL_AREA ( #254 ) ;
#3102 = FILL_AREA_STYLE_COLOUR ( '', #77 ) ;
#3103 = EDGE_CURVE ( 'NONE', #3192, #3420, #2724, .T. ) ;
#3104 = AXIS2_PLACEMENT_3D ( 'NONE', #315, #3151, #2291 ) ;
#3105 = CARTESIAN_POINT ( 'NONE',  ( 2.402037506027721481, -8.450000000000002842, 44.50000000000000711 ) ) ;
#3106 = UNCERTAINTY_MEASURE_WITH_UNIT (LENGTH_MEASURE( 1.000000000000000082E-05 ), #3645, 'distance_accuracy_value', 'NONE');
#3107 = DIRECTION ( 'NONE',  ( -0.000000000000000000, -1.000000000000000000, -0.000000000000000000 ) ) ;
#3108 = STYLED_ITEM ( 'NONE', ( #627 ), #2433 ) ;
#3109 = DIRECTION ( 'NONE',  ( -0.000000000000000000, 1.000000000000000000, -0.000000000000000000 ) ) ;
#3110 = DIRECTION ( 'NONE',  ( -0.000000000000000000, -0.000000000000000000, 1.000000000000000000 ) ) ;
#3111 = EDGE_CURVE ( 'NONE', #3375, #1936, #2388, .T. ) ;
#3112 = SURFACE_SIDE_STYLE ('',( #1414 ) ) ;
#3113 = ORIENTED_EDGE ( 'NONE', *, *, #563, .T. ) ;
#3114 =( GEOMETRIC_REPRESENTATION_CONTEXT ( 3 ) GLOBAL_UNCERTAINTY_ASSIGNED_CONTEXT ( ( #3335 ) ) GLOBAL_UNIT_ASSIGNED_CONTEXT ( ( #2352, #983, #3537 ) ) REPRESENTATION_CONTEXT ( 'NONE', 'WORKASPACE' ) );
#3115 = MECHANICAL_DESIGN_GEOMETRIC_PRESENTATION_REPRESENTATION (  '', ( #551 ), #2572 ) ;
#3116 = EDGE_CURVE ( 'NONE', #1615, #1524, #2342, .T. ) ;
#3117 = MECHANICAL_DESIGN_GEOMETRIC_PRESENTATION_REPRESENTATION (  '', ( #424 ), #2996 ) ;
#3118 = CARTESIAN_POINT ( 'NONE',  ( -4.500000000000000888, 5.817072295949928412E-16, 46.70000000000000284 ) ) ;
#3119 = CARTESIAN_POINT ( 'NONE',  ( 1.000000000000000000, 1.224646799147353207E-16, 46.50000000000000711 ) ) ;
#3120 =( LENGTH_UNIT ( ) NAMED_UNIT ( * ) SI_UNIT ( .MILLI., .METRE. ) );
#3121 = DIRECTION ( 'NONE',  ( -1.000000000000000000, 0.000000000000000000, 0.000000000000000000 ) ) ;
#3122 = AXIS2_PLACEMENT_3D ( 'NONE', #1854, #114, #1265 ) ;
#3123 = CARTESIAN_POINT ( 'NONE',  ( 11.24999999999999645, 9.449999999999999289, -18.99999999999999289 ) ) ;
#3124 = CIRCLE ( 'NONE', #1499, 7.927647058823976245 ) ;
#3125 = LINE ( 'NONE', #565, #2280 ) ;
#3126 = ORIENTED_EDGE ( 'NONE', *, *, #405, .F. ) ;
#3127 =( LENGTH_UNIT ( ) NAMED_UNIT ( * ) SI_UNIT ( .MILLI., .METRE. ) );
#3128 = FILL_AREA_STYLE ('',( #346 ) ) ;
#3129 = EDGE_CURVE ( 'NONE', #2222, #2319, #1233, .T. ) ;
#3130 = VECTOR ( 'NONE', #3220, 1000.000000000000000 ) ;
#3131 =( LENGTH_UNIT ( ) NAMED_UNIT ( * ) SI_UNIT ( .MILLI., .METRE. ) );
#3132 = COLOUR_RGB ( '',0.1019607843137254888, 0.1019607843137254888, 0.1019607843137254888 ) ;
#3133 = ORIENTED_EDGE ( 'NONE', *, *, #2929, .T. ) ;
#3134 =( GEOMETRIC_REPRESENTATION_CONTEXT ( 3 ) GLOBAL_UNCERTAINTY_ASSIGNED_CONTEXT ( ( #1498 ) ) GLOBAL_UNIT_ASSIGNED_CONTEXT ( ( #946, #3039, #3324 ) ) REPRESENTATION_CONTEXT ( 'NONE', 'WORKASPACE' ) );
#3135 = CIRCLE ( 'NONE', #3239, 9.927647058823977133 ) ;
#3136 = DIRECTION ( 'NONE',  ( -1.000000000000000000, -1.304356701189607630E-16, 0.000000000000000000 ) ) ;
#3137 =( NAMED_UNIT ( * ) SI_UNIT ( $, .STERADIAN. ) SOLID_ANGLE_UNIT ( ) );
#3138 = PRESENTATION_LAYER_ASSIGNMENT (  '', '', ( #1032 ) ) ;
#3139 = PLANE ( 'NONE',  #2240 ) ;
#3140 = AXIS2_PLACEMENT_3D ( 'NONE', #1190, #1724, #929 ) ;
#3141 = ORIENTED_EDGE ( 'NONE', *, *, #3558, .F. ) ;
#3142 = CYLINDRICAL_SURFACE ( 'NONE', #263, 1.250000000000001110 ) ;
#3143 = FILL_AREA_STYLE_COLOUR ( '', #3348 ) ;
#3144 = AXIS2_PLACEMENT_3D ( 'NONE', #274, #590, #306 ) ;
#3145 = DIRECTION ( 'NONE',  ( -0.000000000000000000, -1.000000000000000000, -0.000000000000000000 ) ) ;
#3146 = ORIENTED_EDGE ( 'NONE', *, *, #147, .T. ) ;
#3147 = FILL_AREA_STYLE_COLOUR ( '', #1758 ) ;
#3148 = ORIENTED_EDGE ( 'NONE', *, *, #371, .F. ) ;
#3149 =( GEOMETRIC_REPRESENTATION_CONTEXT ( 3 ) GLOBAL_UNCERTAINTY_ASSIGNED_CONTEXT ( ( #2269 ) ) GLOBAL_UNIT_ASSIGNED_CONTEXT ( ( #2054, #666, #1538 ) ) REPRESENTATION_CONTEXT ( 'NONE', 'WORKASPACE' ) );
#3150 = VERTEX_POINT ( 'NONE', #649 ) ;
#3151 = DIRECTION ( 'NONE',  ( -1.000000000000000000, 0.000000000000000000, 0.000000000000000000 ) ) ;
#3152 = CARTESIAN_POINT ( 'NONE',  ( 11.25000000000000355, 9.449999999999999289, 19.00000000000000711 ) ) ;
#3153 = ADVANCED_FACE ( 'NONE', ( #2626 ), #3501, .T. ) ;
#3154 = UNCERTAINTY_MEASURE_WITH_UNIT (LENGTH_MEASURE( 1.000000000000000082E-05 ), #794, 'distance_accuracy_value', 'NONE');
#3155 = CARTESIAN_POINT ( 'NONE',  ( -6.649728078196305958, -8.450000000000002842, 30.50000000000000711 ) ) ;
#3156 = COLOUR_RGB ( '',1.000000000000000000, 1.000000000000000000, 1.000000000000000000 ) ;
#3157 = VERTEX_POINT ( 'NONE', #1811 ) ;
#3158 = VECTOR ( 'NONE', #1540, 1000.000000000000000 ) ;
#3159 = AXIS2_PLACEMENT_3D ( 'NONE', #338, #2898, #3177 ) ;
#3160 = DIRECTION ( 'NONE',  ( 1.000000000000000000, -6.521783505948035684E-17, 0.000000000000000000 ) ) ;
#3161 = ADVANCED_FACE ( 'NONE', ( #2960, #1519 ), #2689, .T. ) ;
#3162 = CARTESIAN_POINT ( 'NONE',  ( 11.24999999999999645, -9.449999999999999289, -18.99999999999999289 ) ) ;
#3163 = AXIS2_PLACEMENT_3D ( 'NONE', #3075, #182, #448 ) ;
#3164 = ORIENTED_EDGE ( 'NONE', *, *, #73, .T. ) ;
#3165 = PRESENTATION_STYLE_ASSIGNMENT (( #1156 ) ) ;
#3166 = EDGE_CURVE ( 'NONE', #1380, #1962, #2665, .T. ) ;
#3167 =( NAMED_UNIT ( * ) PLANE_ANGLE_UNIT ( ) SI_UNIT ( $, .RADIAN. ) );
#3168 = DIRECTION ( 'NONE',  ( -0.000000000000000000, -0.000000000000000000, 1.000000000000000000 ) ) ;
#3169 = STYLED_ITEM ( 'NONE', ( #1237 ), #245 ) ;
#3170 = CARTESIAN_POINT ( 'NONE',  ( -6.649728078196305958, -8.450000000000004619, 42.60910230011232613 ) ) ;
#3171 =( GEOMETRIC_REPRESENTATION_CONTEXT ( 3 ) GLOBAL_UNCERTAINTY_ASSIGNED_CONTEXT ( ( #1783 ) ) GLOBAL_UNIT_ASSIGNED_CONTEXT ( ( #1167, #2551, #295 ) ) REPRESENTATION_CONTEXT ( 'NONE', 'WORKASPACE' ) );
#3172 = EDGE_CURVE ( 'NONE', #2819, #1841, #177, .T. ) ;
#3173 = ORIENTED_EDGE ( 'NONE', *, *, #1943, .T. ) ;
#3174 = COLOUR_RGB ( '',1.000000000000000000, 1.000000000000000000, 0.000000000000000000 ) ;
#3175 = SURFACE_STYLE_FILL_AREA ( #882 ) ;
#3176 = PRESENTATION_STYLE_ASSIGNMENT (( #316 ) ) ;
#3177 = DIRECTION ( 'NONE',  ( 1.000000000000000000, 0.000000000000000000, 0.000000000000000000 ) ) ;
#3178 =( GEOMETRIC_REPRESENTATION_CONTEXT ( 3 ) GLOBAL_UNCERTAINTY_ASSIGNED_CONTEXT ( ( #943 ) ) GLOBAL_UNIT_ASSIGNED_CONTEXT ( ( #828, #518, #1385 ) ) REPRESENTATION_CONTEXT ( 'NONE', 'WORKASPACE' ) );
#3179 = VERTEX_POINT ( 'NONE', #2504 ) ;
#3180 = PLANE ( 'NONE',  #900 ) ;
#3181 = PRESENTATION_STYLE_ASSIGNMENT (( #2919 ) ) ;
#3182 = CIRCLE ( 'NONE', #2883, 4.499999999999999112 ) ;
#3183 = CARTESIAN_POINT ( 'NONE',  ( -6.749999999999999112, 9.449999999999999289, -18.99999999999998579 ) ) ;
#3184 = ORIENTED_EDGE ( 'NONE', *, *, #3097, .T. ) ;
#3185 = COLOUR_RGB ( '',1.000000000000000000, 1.000000000000000000, 0.000000000000000000 ) ;
#3186 = CARTESIAN_POINT ( 'NONE',  ( 2.828427124746617949, 3.499999999999999556, 46.70000000000000284 ) ) ;
#3187 =( NAMED_UNIT ( * ) PLANE_ANGLE_UNIT ( ) SI_UNIT ( $, .RADIAN. ) );
#3188 = SHAPE_DEFINITION_REPRESENTATION ( #865, #1743 ) ;
#3189 = VERTEX_POINT ( 'NONE', #1868 ) ;
#3190 = SURFACE_SIDE_STYLE ('',( #969 ) ) ;
#3191 = ORIENTED_EDGE ( 'NONE', *, *, #2771, .T. ) ;
#3192 = VERTEX_POINT ( 'NONE', #442 ) ;
#3193 = ORIENTED_EDGE ( 'NONE', *, *, #2773, .T. ) ;
#3194 = STYLED_ITEM ( 'NONE', ( #3181 ), #2730 ) ;
#3195 = PRESENTATION_STYLE_ASSIGNMENT (( #2422 ) ) ;
#3196 = DIRECTION ( 'NONE',  ( 0.000000000000000000, 0.000000000000000000, 1.000000000000000000 ) ) ;
#3197 = AXIS2_PLACEMENT_3D ( 'NONE', #2120, #413, #2340 ) ;
#3198 =( NAMED_UNIT ( * ) PLANE_ANGLE_UNIT ( ) SI_UNIT ( $, .RADIAN. ) );
#3199 =( GEOMETRIC_REPRESENTATION_CONTEXT ( 3 ) GLOBAL_UNCERTAINTY_ASSIGNED_CONTEXT ( ( #209 ) ) GLOBAL_UNIT_ASSIGNED_CONTEXT ( ( #40, #1439, #2553 ) ) REPRESENTATION_CONTEXT ( 'NONE', 'WORKASPACE' ) );
#3200 = CARTESIAN_POINT ( 'NONE',  ( -0.3223529411764873842, -0.8000000000000022649, 46.70000000000000284 ) ) ;
#3201 = ORIENTED_EDGE ( 'NONE', *, *, #1107, .F. ) ;
#3202 = PRESENTATION_STYLE_ASSIGNMENT (( #919 ) ) ;
#3203 = SURFACE_SIDE_STYLE ('',( #2562 ) ) ;
#3204 = MECHANICAL_DESIGN_GEOMETRIC_PRESENTATION_REPRESENTATION (  '', ( #2267 ), #1368 ) ;
#3205 = CARTESIAN_POINT ( 'NONE',  ( 2.917403798149795335, 3.755120711292059266, 46.64932234434400016 ) ) ;
#3206 = ORIENTED_EDGE ( 'NONE', *, *, #683, .F. ) ;
#3207 = ORIENTED_EDGE ( 'NONE', *, *, #2027, .F. ) ;
#3208 = CARTESIAN_POINT ( 'NONE',  ( -2.499999999999996447, 1.250000000000000000, 2.168404344971005910E-16 ) ) ;
#3209 = PRESENTATION_LAYER_ASSIGNMENT (  '', '', ( #2550 ) ) ;
#3210 = FACE_OUTER_BOUND ( 'NONE', #2526, .T. ) ;
#3211 = STYLED_ITEM ( 'NONE', ( #2149 ), #737 ) ;
#3212 = PLANE ( 'NONE',  #230 ) ;
#3213 = VERTEX_POINT ( 'NONE', #166 ) ;
#3214 = ORIENTED_EDGE ( 'NONE', *, *, #3111, .T. ) ;
#3215 = EDGE_CURVE ( 'NONE', #1013, #2630, #3602, .T. ) ;
#3216 = STYLED_ITEM ( 'NONE', ( #2153 ), #509 ) ;
#3217 = CARTESIAN_POINT ( 'NONE',  ( 0.000000000000000000, -1.250000000000000000, -18.99999999999999289 ) ) ;
#3218 = FILL_AREA_STYLE ('',( #3517 ) ) ;
#3219 = PRESENTATION_STYLE_ASSIGNMENT (( #2055 ) ) ;
#3220 = DIRECTION ( 'NONE',  ( 1.000000000000000000, 3.913070103568821410E-16, 0.000000000000000000 ) ) ;
#3221 = DIRECTION ( 'NONE',  ( 0.000000000000000000, 1.000000000000000000, 0.000000000000000000 ) ) ;
#3222 = SURFACE_STYLE_USAGE ( .BOTH. , #2370 ) ;
#3223 = ORIENTED_EDGE ( 'NONE', *, *, #773, .T. ) ;
#3224 = ORIENTED_EDGE ( 'NONE', *, *, #1117, .T. ) ;
#3225 = CARTESIAN_POINT ( 'NONE',  ( -6.649728078196305958, -8.450000000000002842, 19.00000000000000711 ) ) ;
#3226 = FACE_OUTER_BOUND ( 'NONE', #1876, .T. ) ;
#3227 = VECTOR ( 'NONE', #475, 1000.000000000000000 ) ;
#3228 = UNCERTAINTY_MEASURE_WITH_UNIT (LENGTH_MEASURE( 1.000000000000000082E-05 ), #1657, 'distance_accuracy_value', 'NONE');
#3229 = LINE ( 'NONE', #2766, #3295 ) ;
#3230 = PRESENTATION_STYLE_ASSIGNMENT (( #1514 ) ) ;
#3231 =( GEOMETRIC_REPRESENTATION_CONTEXT ( 3 ) GLOBAL_UNCERTAINTY_ASSIGNED_CONTEXT ( ( #1339 ) ) GLOBAL_UNIT_ASSIGNED_CONTEXT ( ( #613, #280, #1973 ) ) REPRESENTATION_CONTEXT ( 'NONE', 'WORKASPACE' ) );
#3232 = PRESENTATION_STYLE_ASSIGNMENT (( #2067 ) ) ;
#3233 = MECHANICAL_DESIGN_GEOMETRIC_PRESENTATION_REPRESENTATION (  '', ( #1138 ), #2197 ) ;
#3234 = ORIENTED_EDGE ( 'NONE', *, *, #247, .T. ) ;
#3235 = CARTESIAN_POINT ( 'NONE',  ( 2.500000000000001332, 1.250000000000000000, -18.99999999999999289 ) ) ;
#3236 =( NAMED_UNIT ( * ) SI_UNIT ( $, .STERADIAN. ) SOLID_ANGLE_UNIT ( ) );
#3237 =( GEOMETRIC_REPRESENTATION_CONTEXT ( 3 ) GLOBAL_UNCERTAINTY_ASSIGNED_CONTEXT ( ( #2046 ) ) GLOBAL_UNIT_ASSIGNED_CONTEXT ( ( #325, #1176, #94 ) ) REPRESENTATION_CONTEXT ( 'NONE', 'WORKASPACE' ) );
#3238 = CARTESIAN_POINT ( 'NONE',  ( -0.3223529411764873842, 3.499999999999999556, 46.20000000000000284 ) ) ;
#3239 = AXIS2_PLACEMENT_3D ( 'NONE', #2017, #1203, #905 ) ;
#3240 = FILL_AREA_STYLE ('',( #2076 ) ) ;
#3241 = ORIENTED_EDGE ( 'NONE', *, *, #1178, .T. ) ;
#3242 = ORIENTED_EDGE ( 'NONE', *, *, #678, .F. ) ;
#3243 =( LENGTH_UNIT ( ) NAMED_UNIT ( * ) SI_UNIT ( .MILLI., .METRE. ) );
#3244 = FACE_BOUND ( 'NONE', #811, .T. ) ;
#3245 =( NAMED_UNIT ( * ) SI_UNIT ( $, .STERADIAN. ) SOLID_ANGLE_UNIT ( ) );
#3246 = CARTESIAN_POINT ( 'NONE',  ( 0.000000000000000000, 1.250000000000000000, -22.74999999999999289 ) ) ;
#3247 =( NAMED_UNIT ( * ) SI_UNIT ( $, .STERADIAN. ) SOLID_ANGLE_UNIT ( ) );
#3248 =( GEOMETRIC_REPRESENTATION_CONTEXT ( 3 ) GLOBAL_UNCERTAINTY_ASSIGNED_CONTEXT ( ( #3452 ) ) GLOBAL_UNIT_ASSIGNED_CONTEXT ( ( #3422, #917, #1978 ) ) REPRESENTATION_CONTEXT ( 'NONE', 'WORKASPACE' ) );
#3249 = DIRECTION ( 'NONE',  ( 0.000000000000000000, 0.000000000000000000, -1.000000000000000000 ) ) ;
#3250 = EDGE_LOOP ( 'NONE', ( #2984, #2947 ) ) ;
#3251 = STYLED_ITEM ( 'NONE', ( #2066 ), #2785 ) ;
#3252 = CARTESIAN_POINT ( 'NONE',  ( 6.749999999999997335, -9.449999999999999289, -14.49999999999999112 ) ) ;
#3253 =( LENGTH_UNIT ( ) NAMED_UNIT ( * ) SI_UNIT ( .MILLI., .METRE. ) );
#3254 = AXIS2_PLACEMENT_3D ( 'NONE', #390, #375, #2666 ) ;
#3255 = PRESENTATION_STYLE_ASSIGNMENT (( #3552 ) ) ;
#3256 = SURFACE_SIDE_STYLE ('',( #2092 ) ) ;
#3257 = DIRECTION ( 'NONE',  ( 1.000000000000000000, 0.000000000000000000, 0.000000000000000000 ) ) ;
#3258 = EDGE_LOOP ( 'NONE', ( #1146, #1327, #2672, #2020 ) ) ;
#3259 = UNCERTAINTY_MEASURE_WITH_UNIT (LENGTH_MEASURE( 1.000000000000000082E-05 ), #107, 'distance_accuracy_value', 'NONE');
#3260 = VERTEX_POINT ( 'NONE', #3584 ) ;
#3261 = ADVANCED_FACE ( 'NONE', ( #762 ), #2156, .T. ) ;
#3262 = FILL_AREA_STYLE ('',( #2714 ) ) ;
#3263 = CARTESIAN_POINT ( 'NONE',  ( 11.25000000000000355, -9.449999999999999289, 19.00000000000000711 ) ) ;
#3264 = AXIS2_PLACEMENT_3D ( 'NONE', #647, #2303, #49 ) ;
#3265 = PRESENTATION_LAYER_ASSIGNMENT (  '', '', ( #2681 ) ) ;
#3266 = LINE ( 'NONE', #2698, #1445 ) ;
#3267 = FACE_OUTER_BOUND ( 'NONE', #2218, .T. ) ;
#3268 = EDGE_CURVE ( 'NONE', #1269, #1939, #279, .T. ) ;
#3269 = AXIS2_PLACEMENT_3D ( 'NONE', #806, #1377, #3459 ) ;
#3270 = DIRECTION ( 'NONE',  ( 1.000000000000000000, 0.000000000000000000, 0.000000000000000000 ) ) ;
#3271 = SURFACE_STYLE_USAGE ( .BOTH. , #2126 ) ;
#3272 = PRESENTATION_LAYER_ASSIGNMENT (  '', '', ( #1471 ) ) ;
#3273 = SURFACE_STYLE_USAGE ( .BOTH. , #176 ) ;
#3274 = CARTESIAN_POINT ( 'NONE',  ( 0.000000000000000000, 0.000000000000000000, 44.50000000000000711 ) ) ;
#3275 = EDGE_CURVE ( 'NONE', #1189, #892, #3336, .T. ) ;
#3276 = LINE ( 'NONE', #3051, #3030 ) ;
#3277 = AXIS2_PLACEMENT_3D ( 'NONE', #2394, #2983, #1741 ) ;
#3278 = CYLINDRICAL_SURFACE ( 'NONE', #1361, 5.000000000000000000 ) ;
#3279 = ORIENTED_EDGE ( 'NONE', *, *, #1429, .T. ) ;
#3280 = DIRECTION ( 'NONE',  ( 1.000000000000000000, 0.000000000000000000, -0.000000000000000000 ) ) ;
#3281 = ADVANCED_FACE ( 'NONE', ( #549 ), #1443, .T. ) ;
#3282 = ORIENTED_EDGE ( 'NONE', *, *, #461, .F. ) ;
#3283 =( GEOMETRIC_REPRESENTATION_CONTEXT ( 3 ) GLOBAL_UNCERTAINTY_ASSIGNED_CONTEXT ( ( #3303 ) ) GLOBAL_UNIT_ASSIGNED_CONTEXT ( ( #861, #3473, #600 ) ) REPRESENTATION_CONTEXT ( 'NONE', 'WORKASPACE' ) );
#3284 = ORIENTED_EDGE ( 'NONE', *, *, #457, .T. ) ;
#3285 = DIRECTION ( 'NONE',  ( 0.000000000000000000, 0.000000000000000000, 1.000000000000000000 ) ) ;
#3286 = AXIS2_PLACEMENT_3D ( 'NONE', #2832, #1304, #497 ) ;
#3287 = SURFACE_SIDE_STYLE ('',( #2102 ) ) ;
#3288 = DIRECTION ( 'NONE',  ( 0.000000000000000000, 0.000000000000000000, 1.000000000000000000 ) ) ;
#3289 = ADVANCED_FACE ( 'NONE', ( #364 ), #639, .F. ) ;
#3290 = ORIENTED_EDGE ( 'NONE', *, *, #1042, .F. ) ;
#3291 =( GEOMETRIC_REPRESENTATION_CONTEXT ( 3 ) GLOBAL_UNCERTAINTY_ASSIGNED_CONTEXT ( ( #2675 ) ) GLOBAL_UNIT_ASSIGNED_CONTEXT ( ( #201, #536, #1066 ) ) REPRESENTATION_CONTEXT ( 'NONE', 'WORKASPACE' ) );
#3292 = SURFACE_STYLE_USAGE ( .BOTH. , #2124 ) ;
#3293 = VECTOR ( 'NONE', #2725, 1000.000000000000000 ) ;
#3294 = CIRCLE ( 'NONE', #2516, 1.250000000000000000 ) ;
#3295 = VECTOR ( 'NONE', #1644, 1000.000000000000000 ) ;
#3296 = COLOUR_RGB ( '',1.000000000000000000, 1.000000000000000000, 0.000000000000000000 ) ;
#3297 = LINE ( 'NONE', #2334, #2820 ) ;
#3298 = SURFACE_SIDE_STYLE ('',( #1335 ) ) ;
#3299 = UNCERTAINTY_MEASURE_WITH_UNIT (LENGTH_MEASURE( 1.000000000000000082E-05 ), #1273, 'distance_accuracy_value', 'NONE');
#3300 = COLOUR_RGB ( '',0.1019607843137254888, 0.1019607843137254888, 0.1019607843137254888 ) ;
#3301 = SURFACE_STYLE_USAGE ( .BOTH. , #241 ) ;
#3302 = CARTESIAN_POINT ( 'NONE',  ( 0.000000000000000000, 0.000000000000000000, 46.20000000000000284 ) ) ;
#3303 = UNCERTAINTY_MEASURE_WITH_UNIT (LENGTH_MEASURE( 1.000000000000000082E-05 ), #861, 'distance_accuracy_value', 'NONE');
#3304 = ORIENTED_EDGE ( 'NONE', *, *, #2629, .T. ) ;
#3305 = DIRECTION ( 'NONE',  ( 0.000000000000000000, 0.000000000000000000, 1.000000000000000000 ) ) ;
#3306 = FILL_AREA_STYLE ('',( #2455 ) ) ;
#3307 =( NAMED_UNIT ( * ) PLANE_ANGLE_UNIT ( ) SI_UNIT ( $, .RADIAN. ) );
#3308 = ORIENTED_EDGE ( 'NONE', *, *, #1000, .T. ) ;
#3309 =( NAMED_UNIT ( * ) PLANE_ANGLE_UNIT ( ) SI_UNIT ( $, .RADIAN. ) );
#3310 = VECTOR ( 'NONE', #341, 1000.000000000000000 ) ;
#3311 = LINE ( 'NONE', #749, #2532 ) ;
#3312 = CLOSED_SHELL ( 'NONE', ( #2321, #624, #727, #1298, #944, #2488, #988 ) ) ;
#3313 = DIRECTION ( 'NONE',  ( 0.000000000000000000, 0.000000000000000000, 1.000000000000000000 ) ) ;
#3314 = EDGE_CURVE ( 'NONE', #464, #603, #42, .T. ) ;
#3315 = CARTESIAN_POINT ( 'NONE',  ( 2.008420750601659349E-15, 7.721572875253808199, -6.599999999999992539 ) ) ;
#3316 = VECTOR ( 'NONE', #1775, 1000.000000000000000 ) ;
#3317 =( NAMED_UNIT ( * ) PLANE_ANGLE_UNIT ( ) SI_UNIT ( $, .RADIAN. ) );
#3318 = PRESENTATION_STYLE_ASSIGNMENT (( #2235 ) ) ;
#3319 =( NAMED_UNIT ( * ) SI_UNIT ( $, .STERADIAN. ) SOLID_ANGLE_UNIT ( ) );
#3320 = DIRECTION ( 'NONE',  ( 0.000000000000000000, -0.000000000000000000, -1.000000000000000000 ) ) ;
#3321 = VERTEX_POINT ( 'NONE', #1501 ) ;
#3322 =( NAMED_UNIT ( * ) PLANE_ANGLE_UNIT ( ) SI_UNIT ( $, .RADIAN. ) );
#3323 = EDGE_CURVE ( 'NONE', #3179, #1920, #2385, .T. ) ;
#3324 =( NAMED_UNIT ( * ) SI_UNIT ( $, .STERADIAN. ) SOLID_ANGLE_UNIT ( ) );
#3325 = ORIENTED_EDGE ( 'NONE', *, *, #1388, .F. ) ;
#3326 = ORIENTED_EDGE ( 'NONE', *, *, #1933, .F. ) ;
#3327 =( GEOMETRIC_REPRESENTATION_CONTEXT ( 3 ) GLOBAL_UNCERTAINTY_ASSIGNED_CONTEXT ( ( #1120 ) ) GLOBAL_UNIT_ASSIGNED_CONTEXT ( ( #469, #1919, #1111 ) ) REPRESENTATION_CONTEXT ( 'NONE', 'WORKASPACE' ) );
#3328 = DIRECTION ( 'NONE',  ( 0.000000000000000000, -1.000000000000000000, 0.000000000000000000 ) ) ;
#3329 = EDGE_CURVE ( 'NONE', #720, #755, #1083, .T. ) ;
#3330 = CIRCLE ( 'NONE', #1048, 1.300000000000000711 ) ;
#3331 = DIRECTION ( 'NONE',  ( 0.000000000000000000, 0.000000000000000000, 1.000000000000000000 ) ) ;
#3332 =( NAMED_UNIT ( * ) PLANE_ANGLE_UNIT ( ) SI_UNIT ( $, .RADIAN. ) );
#3333 = AXIS2_PLACEMENT_3D ( 'NONE', #324, #89, #1213 ) ;
#3334 = CARTESIAN_POINT ( 'NONE',  ( 11.25000000000000355, 9.449999999999999289, 19.00000000000000711 ) ) ;
#3335 = UNCERTAINTY_MEASURE_WITH_UNIT (LENGTH_MEASURE( 1.000000000000000082E-05 ), #2352, 'distance_accuracy_value', 'NONE');
#3336 = B_SPLINE_CURVE_WITH_KNOTS ( 'NONE', 3,
 ( #2162, #217, #2130, #1322, #2755, #1334, #1062, #2183, #3352, #3066, #511, #1611, #2791, #232, #1210, #1478, #2338, #3494 ),
 .UNSPECIFIED., .F., .F.,
 ( 4, 2, 2, 2, 2, 2, 2, 2, 4 ),
 ( 0.000000000000000000, 0.0003227021703642069146, 0.0006454043407284138292, 0.001290808681456847174, 0.001936213022185280519, 0.002581617362913713864, 0.003227021703642147209, 0.003872426044370580554, 0.005163234725827448544 ),
 .UNSPECIFIED. ) ;
#3337 = PLANE ( 'NONE',  #1823 ) ;
#3338 = EDGE_LOOP ( 'NONE', ( #2395, #2357, #3064, #842 ) ) ;
#3339 = FILL_AREA_STYLE_COLOUR ( '', #1938 ) ;
#3340 = STYLED_ITEM ( 'NONE', ( #312 ), #624 ) ;
#3341 = CARTESIAN_POINT ( 'NONE',  ( -6.649728078196305070, -8.450000000000004619, 38.90000000000000568 ) ) ;
#3342 = UNCERTAINTY_MEASURE_WITH_UNIT (LENGTH_MEASURE( 1.000000000000000082E-05 ), #3628, 'distance_accuracy_value', 'NONE');
#3343 = VERTEX_POINT ( 'NONE', #803 ) ;
#3344 = DIRECTION ( 'NONE',  ( -0.000000000000000000, 0.000000000000000000, 1.000000000000000000 ) ) ;
#3345 = FACE_OUTER_BOUND ( 'NONE', #2487, .T. ) ;
#3346 = UNCERTAINTY_MEASURE_WITH_UNIT (LENGTH_MEASURE( 1.000000000000000082E-05 ), #419, 'distance_accuracy_value', 'NONE');
#3347 = VERTEX_POINT ( 'NONE', #819 ) ;
#3348 = COLOUR_RGB ( '',0.1019607843137254888, 0.1019607843137254888, 0.1019607843137254888 ) ;
#3349 = ORIENTED_EDGE ( 'NONE', *, *, #2733, .F. ) ;
#3350 = ORIENTED_EDGE ( 'NONE', *, *, #1270, .F. ) ;
#3351 = STYLED_ITEM ( 'NONE', ( #2564 ), #1743 ) ;
#3352 = CARTESIAN_POINT ( 'NONE',  ( 5.742039436797927721, -8.450000000000002842, 43.88906387907423579 ) ) ;
#3353 = CARTESIAN_POINT ( 'NONE',  ( 2.008420750601659349E-15, 9.950000000000001066, -7.599999999999992539 ) ) ;
#3354 = DIRECTION ( 'NONE',  ( -1.000000000000000000, -1.304356701189607630E-16, 0.000000000000000000 ) ) ;
#3355 = COLOUR_RGB ( '',1.000000000000000000, 1.000000000000000000, 0.000000000000000000 ) ;
#3356 = DIRECTION ( 'NONE',  ( 0.000000000000000000, 0.000000000000000000, 1.000000000000000000 ) ) ;
#3357 = PRESENTATION_LAYER_ASSIGNMENT (  '', '', ( #1138 ) ) ;
#3358 = ORIENTED_EDGE ( 'NONE', *, *, #2613, .T. ) ;
#3359 = CARTESIAN_POINT ( 'NONE',  ( 1.530808498934192064E-16, 1.250000000000000000, -20.24999999999998934 ) ) ;
#3360 = SURFACE_STYLE_FILL_AREA ( #2200 ) ;
#3361 = ORIENTED_EDGE ( 'NONE', *, *, #2146, .F. ) ;
#3362 = CARTESIAN_POINT ( 'NONE',  ( -6.750000000000002665, 9.449999999999999289, -14.49999999999998757 ) ) ;
#3363 =( LENGTH_UNIT ( ) NAMED_UNIT ( * ) SI_UNIT ( .MILLI., .METRE. ) );
#3364 = VECTOR ( 'NONE', #214, 1000.000000000000000 ) ;
#3365 = CARTESIAN_POINT ( 'NONE',  ( 6.649728078196297965, 6.849999999999997868, -6.580070367378558771 ) ) ;
#3366 = DIRECTION ( 'NONE',  ( 0.000000000000000000, 1.000000000000000000, 0.000000000000000000 ) ) ;
#3367 = DIRECTION ( 'NONE',  ( 0.000000000000000000, 1.000000000000000000, 0.000000000000000000 ) ) ;
#3368 = UNCERTAINTY_MEASURE_WITH_UNIT (LENGTH_MEASURE( 1.000000000000000082E-05 ), #3492, 'distance_accuracy_value', 'NONE');
#3369 =( GEOMETRIC_REPRESENTATION_CONTEXT ( 3 ) GLOBAL_UNCERTAINTY_ASSIGNED_CONTEXT ( ( #1456 ) ) GLOBAL_UNIT_ASSIGNED_CONTEXT ( ( #3379, #883, #2875 ) ) REPRESENTATION_CONTEXT ( 'NONE', 'WORKASPACE' ) );
#3370 = PRESENTATION_STYLE_ASSIGNMENT (( #2212 ) ) ;
#3371 = DIRECTION ( 'NONE',  ( 0.000000000000000000, 0.000000000000000000, 1.000000000000000000 ) ) ;
#3372 = STYLED_ITEM ( 'NONE', ( #3670 ), #3055 ) ;
#3373 = ORIENTED_EDGE ( 'NONE', *, *, #1694, .T. ) ;
#3374 = EDGE_CURVE ( 'NONE', #933, #2371, #1544, .T. ) ;
#3375 = VERTEX_POINT ( 'NONE', #2950 ) ;
#3376 = EDGE_LOOP ( 'NONE', ( #1229, #1691, #2765, #2556, #1543 ) ) ;
#3377 = LINE ( 'NONE', #1341, #1425 ) ;
#3378 = LINE ( 'NONE', #1999, #2001 ) ;
#3379 =( LENGTH_UNIT ( ) NAMED_UNIT ( * ) SI_UNIT ( .MILLI., .METRE. ) );
#3380 = SURFACE_SIDE_STYLE ('',( #522 ) ) ;
#3381 = ORIENTED_EDGE ( 'NONE', *, *, #3097, .F. ) ;
#3382 = ADVANCED_FACE ( 'NONE', ( #674 ), #3525, .F. ) ;
#3383 = LINE ( 'NONE', #815, #2400 ) ;
#3384 = ADVANCED_FACE ( 'NONE', ( #412 ), #904, .T. ) ;
#3385 = SURFACE_SIDE_STYLE ('',( #2483 ) ) ;
#3386 = CARTESIAN_POINT ( 'NONE',  ( -10.25000000000047606, -0.8000000000000022649, 46.70000000000000284 ) ) ;
#3387 = CARTESIAN_POINT ( 'NONE',  ( 2.008420750601659349E-15, 19.54999999999999716, -7.599999999999992539 ) ) ;
#3388 = MECHANICAL_DESIGN_GEOMETRIC_PRESENTATION_REPRESENTATION (  '', ( #524 ), #3563 ) ;
#3389 = FILL_AREA_STYLE_COLOUR ( '', #2918 ) ;
#3390 = EDGE_CURVE ( 'NONE', #2371, #2320, #2083, .T. ) ;
#3391 = SURFACE_STYLE_USAGE ( .BOTH. , #2511 ) ;
#3392 = DIRECTION ( 'NONE',  ( 0.000000000000000000, 0.000000000000000000, 1.000000000000000000 ) ) ;
#3393 = ORIENTED_EDGE ( 'NONE', *, *, #1642, .T. ) ;
#3394 = CARTESIAN_POINT ( 'NONE',  ( 0.3223529411764958219, -0.8000000000000012657, 30.50000000000000711 ) ) ;
#3395 = COLOUR_RGB ( '',0.7764705882352941346, 0.7568627450980391913, 0.7372549019607843590 ) ;
#3396 = EDGE_CURVE ( 'NONE', #673, #776, #1776, .T. ) ;
#3397 = VERTEX_POINT ( 'NONE', #2434 ) ;
#3398 = CYLINDRICAL_SURFACE ( 'NONE', #3054, 10.92764705882351883 ) ;
#3399 = DIRECTION ( 'NONE',  ( 0.000000000000000000, 1.000000000000000000, 0.000000000000000000 ) ) ;
#3400 = EDGE_CURVE ( 'NONE', #215, #1352, #3477, .T. ) ;
#3401 = ORIENTED_EDGE ( 'NONE', *, *, #832, .T. ) ;
#3402 = STYLED_ITEM ( 'NONE', ( #959 ), #3651 ) ;
#3403 = FILL_AREA_STYLE_COLOUR ( '', #3185 ) ;
#3404 = COLOUR_RGB ( '',1.000000000000000000, 1.000000000000000000, 0.000000000000000000 ) ;
#3405 = UNCERTAINTY_MEASURE_WITH_UNIT (LENGTH_MEASURE( 1.000000000000000082E-05 ), #3647, 'distance_accuracy_value', 'NONE');
#3406 = AXIS2_PLACEMENT_3D ( 'NONE', #1451, #2601, #2015 ) ;
#3407 =( NAMED_UNIT ( * ) SI_UNIT ( $, .STERADIAN. ) SOLID_ANGLE_UNIT ( ) );
#3408 = VECTOR ( 'NONE', #1712, 1000.000000000000000 ) ;
#3409 = SURFACE_STYLE_FILL_AREA ( #1934 ) ;
#3410 = SURFACE_STYLE_USAGE ( .BOTH. , #1162 ) ;
#3411 = ORIENTED_EDGE ( 'NONE', *, *, #3116, .T. ) ;
#3412 =( NAMED_UNIT ( * ) SI_UNIT ( $, .STERADIAN. ) SOLID_ANGLE_UNIT ( ) );
#3413 = VECTOR ( 'NONE', #1803, 1000.000000000000000 ) ;
#3414 = MECHANICAL_DESIGN_GEOMETRIC_PRESENTATION_REPRESENTATION (  '', ( #2073 ), #2876 ) ;
#3415 = DIRECTION ( 'NONE',  ( -8.673617379884035472E-17, 0.000000000000000000, -1.000000000000000000 ) ) ;
#3416 = FILL_AREA_STYLE ('',( #1110 ) ) ;
#3417 = UNCERTAINTY_MEASURE_WITH_UNIT (LENGTH_MEASURE( 1.000000000000000082E-05 ), #3491, 'distance_accuracy_value', 'NONE');
#3418 = SURFACE_SIDE_STYLE ('',( #1723 ) ) ;
#3419 = CIRCLE ( 'NONE', #1655, 9.927647058823987791 ) ;
#3420 = VERTEX_POINT ( 'NONE', #1015 ) ;
#3421 = DIRECTION ( 'NONE',  ( -6.521783505948035684E-17, -1.000000000000000000, 0.000000000000000000 ) ) ;
#3422 =( LENGTH_UNIT ( ) NAMED_UNIT ( * ) SI_UNIT ( .MILLI., .METRE. ) );
#3423 = CARTESIAN_POINT ( 'NONE',  ( -8.750000000000001776, -13.12695526217004449, 12.60000000000000497 ) ) ;
#3424 = CARTESIAN_POINT ( 'NONE',  ( 10.25000000000047251, -0.8000000000000012657, 30.50000000000000711 ) ) ;
#3425 = EDGE_CURVE ( 'NONE', #2298, #1244, #144, .T. ) ;
#3426 = FILL_AREA_STYLE_COLOUR ( '', #1114 ) ;
#3427 = SURFACE_STYLE_FILL_AREA ( #1413 ) ;
#3428 = AXIS2_PLACEMENT_3D ( 'NONE', #3200, #641, #1745 ) ;
#3429 = ORIENTED_EDGE ( 'NONE', *, *, #1684, .F. ) ;
#3430 = VERTEX_POINT ( 'NONE', #2678 ) ;
#3431 = AXIS2_PLACEMENT_3D ( 'NONE', #931, #143, #1826 ) ;
#3432 = EDGE_CURVE ( 'NONE', #2254, #3189, #3229, .T. ) ;
#3433 = FILL_AREA_STYLE ('',( #2277 ) ) ;
#3434 = CARTESIAN_POINT ( 'NONE',  ( -0.3223529411764873842, -0.8000000000000022649, 30.50000000000000711 ) ) ;
#3435 = CARTESIAN_POINT ( 'NONE',  ( 0.3223529411764958219, -0.8000000000000012657, 42.50000000000000000 ) ) ;
#3436 = ADVANCED_FACE ( 'NONE', ( #2242 ), #1940, .F. ) ;
#3437 = LINE ( 'NONE', #866, #3580 ) ;
#3438 =( NAMED_UNIT ( * ) SI_UNIT ( $, .STERADIAN. ) SOLID_ANGLE_UNIT ( ) );
#3439 = CARTESIAN_POINT ( 'NONE',  ( -4.745568742476064195, 6.849999999999996092, 44.28666238554907153 ) ) ;
#3440 = SURFACE_SIDE_STYLE ('',( #2561 ) ) ;
#3441 = EDGE_CURVE ( 'NONE', #720, #2254, #1894, .T. ) ;
#3442 = CARTESIAN_POINT ( 'NONE',  ( -11.25000000000000355, -9.449999999999999289, -14.49999999999998757 ) ) ;
#3443 = LINE ( 'NONE', #1200, #3448 ) ;
#3444 = DIRECTION ( 'NONE',  ( 1.000000000000000000, 0.000000000000000000, -1.369518533665900558E-16 ) ) ;
#3445 = CIRCLE ( 'NONE', #1996, 2.674999999999996714 ) ;
#3446 = CARTESIAN_POINT ( 'NONE',  ( -6.635512201197353299, -8.450000000000004619, 42.71792344903280281 ) ) ;
#3447 = ORIENTED_EDGE ( 'NONE', *, *, #1948, .T. ) ;
#3448 = VECTOR ( 'NONE', #3168, 1000.000000000000000 ) ;
#3449 = AXIS2_PLACEMENT_3D ( 'NONE', #2988, #1827, #1018 ) ;
#3450 = EDGE_LOOP ( 'NONE', ( #3466, #430 ) ) ;
#3451 = PRESENTATION_STYLE_ASSIGNMENT (( #268 ) ) ;
#3452 = UNCERTAINTY_MEASURE_WITH_UNIT (LENGTH_MEASURE( 1.000000000000000082E-05 ), #3422, 'distance_accuracy_value', 'NONE');
#3453 = MECHANICAL_DESIGN_GEOMETRIC_PRESENTATION_REPRESENTATION (  '', ( #1816 ), #3327 ) ;
#3454 = CIRCLE ( 'NONE', #1818, 1.300000000000000711 ) ;
#3455 =( GEOMETRIC_REPRESENTATION_CONTEXT ( 3 ) GLOBAL_UNCERTAINTY_ASSIGNED_CONTEXT ( ( #3664 ) ) GLOBAL_UNIT_ASSIGNED_CONTEXT ( ( #1601, #2779, #2795 ) ) REPRESENTATION_CONTEXT ( 'NONE', 'WORKASPACE' ) );
#3456 =( NAMED_UNIT ( * ) PLANE_ANGLE_UNIT ( ) SI_UNIT ( $, .RADIAN. ) );
#3457 = CARTESIAN_POINT ( 'NONE',  ( 0.000000000000000000, 0.000000000000000000, 46.50000000000000711 ) ) ;
#3458 = MECHANICAL_DESIGN_GEOMETRIC_PRESENTATION_REPRESENTATION (  '', ( #2178 ), #824 ) ;
#3459 = DIRECTION ( 'NONE',  ( 1.000000000000000000, 0.000000000000000000, 0.000000000000000000 ) ) ;
#3460 = ORIENTED_EDGE ( 'NONE', *, *, #2033, .F. ) ;
#3461 = CARTESIAN_POINT ( 'NONE',  ( -5.742039436797949037, 6.850000000000001421, 43.88906387907424289 ) ) ;
#3462 = FILL_AREA_STYLE ('',( #3485 ) ) ;
#3463 = CARTESIAN_POINT ( 'NONE',  ( -2.402037506027756120, 6.849999999999999645, 44.50000000000000711 ) ) ;
#3464 = PLANE ( 'NONE',  #1280 ) ;
#3465 = CIRCLE ( 'NONE', #1641, 9.927647058823977133 ) ;
#3466 = ORIENTED_EDGE ( 'NONE', *, *, #3374, .F. ) ;
#3467 = AXIS2_PLACEMENT_3D ( 'NONE', #1105, #3671, #808 ) ;
#3468 = CARTESIAN_POINT ( 'NONE',  ( 6.649728078196297965, 6.849999999999998757, 38.90000000000000568 ) ) ;
#3469 = MECHANICAL_DESIGN_GEOMETRIC_PRESENTATION_REPRESENTATION (  '', ( #545 ), #429 ) ;
#3470 = ORIENTED_EDGE ( 'NONE', *, *, #1159, .T. ) ;
#3471 = VERTEX_POINT ( 'NONE', #770 ) ;
#3472 = STYLED_ITEM ( 'NONE', ( #1197 ), #128 ) ;
#3473 =( NAMED_UNIT ( * ) PLANE_ANGLE_UNIT ( ) SI_UNIT ( $, .RADIAN. ) );
#3474 = CYLINDRICAL_SURFACE ( 'NONE', #1306, 1.300000000000000711 ) ;
#3475 = DIRECTION ( 'NONE',  ( 1.000000000000000000, 0.000000000000000000, -0.000000000000000000 ) ) ;
#3476 = LINE ( 'NONE', #2262, #2493 ) ;
#3477 = CIRCLE ( 'NONE', #958, 1.300000000000000711 ) ;
#3478 = EDGE_CURVE ( 'NONE', #703, #3471, #2474, .T. ) ;
#3479 = FILL_AREA_STYLE_COLOUR ( '', #575 ) ;
#3480 = CARTESIAN_POINT ( 'NONE',  ( -6.649728078196305958, -8.450000000000002842, 30.50000000000000711 ) ) ;
#3481 = PRESENTATION_LAYER_ASSIGNMENT (  '', '', ( #496 ) ) ;
#3482 = CARTESIAN_POINT ( 'NONE',  ( 2.000000000000001332, -1.250000000000000000, -23.49999999999999289 ) ) ;
#3483 = ORIENTED_EDGE ( 'NONE', *, *, #1117, .F. ) ;
#3484 = VECTOR ( 'NONE', #212, 1000.000000000000000 ) ;
#3485 = FILL_AREA_STYLE_COLOUR ( '', #722 ) ;
#3486 = LINE ( 'NONE', #2351, #2656 ) ;
#3487 = CARTESIAN_POINT ( 'NONE',  ( -10.25000000000047606, -0.8000000000000022649, 38.90000000000000568 ) ) ;
#3488 = ORIENTED_EDGE ( 'NONE', *, *, #1490, .T. ) ;
#3489 = ORIENTED_EDGE ( 'NONE', *, *, #766, .F. ) ;
#3490 = ORIENTED_EDGE ( 'NONE', *, *, #2193, .F. ) ;
#3491 =( LENGTH_UNIT ( ) NAMED_UNIT ( * ) SI_UNIT ( .MILLI., .METRE. ) );
#3492 =( LENGTH_UNIT ( ) NAMED_UNIT ( * ) SI_UNIT ( .MILLI., .METRE. ) );
#3493 = ADVANCED_FACE ( 'NONE', ( #2746 ), #500, .F. ) ;
#3494 = CARTESIAN_POINT ( 'NONE',  ( 2.402037506027721481, -8.450000000000002842, 44.50000000000000711 ) ) ;
#3495 = DIRECTION ( 'NONE',  ( -1.000000000000000000, 6.521783505948035684E-17, 0.000000000000000000 ) ) ;
#3496 = EDGE_CURVE ( 'NONE', #3157, #1690, #756, .T. ) ;
#3497 = EDGE_LOOP ( 'NONE', ( #598, #3148, #3411, #3530 ) ) ;
#3498 = SURFACE_SIDE_STYLE ('',( #1553 ) ) ;
#3499 = EDGE_CURVE ( 'NONE', #3213, #2585, #609, .T. ) ;
#3500 = DIRECTION ( 'NONE',  ( 1.224646799147353207E-16, 1.000000000000000000, -0.000000000000000000 ) ) ;
#3501 = CYLINDRICAL_SURFACE ( 'NONE', #2957, 0.5000000000000004441 ) ;
#3502 = CARTESIAN_POINT ( 'NONE',  ( -2.402037506027752567, -8.450000000000004619, 44.50000000000000711 ) ) ;
#3503 = CARTESIAN_POINT ( 'NONE',  ( 6.649728078196297965, 6.849999999999997868, 19.00000000000000711 ) ) ;
#3504 = ORIENTED_EDGE ( 'NONE', *, *, #2141, .F. ) ;
#3505 = ORIENTED_EDGE ( 'NONE', *, *, #3275, .T. ) ;
#3506 = DIRECTION ( 'NONE',  ( 0.000000000000000000, 1.000000000000000000, 0.000000000000000000 ) ) ;
#3507 = PRESENTATION_STYLE_ASSIGNMENT (( #2710 ) ) ;
#3508 = MECHANICAL_DESIGN_GEOMETRIC_PRESENTATION_REPRESENTATION (  '', ( #2550 ), #3149 ) ;
#3509 = ORIENTED_EDGE ( 'NONE', *, *, #282, .F. ) ;
#3510 = DIRECTION ( 'NONE',  ( 0.000000000000000000, 0.000000000000000000, -1.000000000000000000 ) ) ;
#3511 = LINE ( 'NONE', #963, #2640 ) ;
#3512 = PRESENTATION_LAYER_ASSIGNMENT (  '', '', ( #3211 ) ) ;
#3513 =( NAMED_UNIT ( * ) PLANE_ANGLE_UNIT ( ) SI_UNIT ( $, .RADIAN. ) );
#3514 = CARTESIAN_POINT ( 'NONE',  ( 2.000000000000001332, 1.250000000000000000, -23.49999999999999289 ) ) ;
#3515 = MECHANICAL_DESIGN_GEOMETRIC_PRESENTATION_REPRESENTATION (  '', ( #2114 ), #2369 ) ;
#3516 = DIRECTION ( 'NONE',  ( -1.000000000000000000, 0.000000000000000000, 0.000000000000000000 ) ) ;
#3517 = FILL_AREA_STYLE_COLOUR ( '', #2167 ) ;
#3518 = CARTESIAN_POINT ( 'NONE',  ( -6.649728078196305958, 6.849999999999999645, 19.00000000000000711 ) ) ;
#3519 = EDGE_LOOP ( 'NONE', ( #2594, #1436, #1088, #1223 ) ) ;
#3520 = VERTEX_POINT ( 'NONE', #1605 ) ;
#3521 = AXIS2_PLACEMENT_3D ( 'NONE', #2895, #927, #1669 ) ;
#3522 = FILL_AREA_STYLE ('',( #1207 ) ) ;
#3523 = AXIS2_PLACEMENT_3D ( 'NONE', #3642, #1949, #1102 ) ;
#3524 =( GEOMETRIC_REPRESENTATION_CONTEXT ( 3 ) GLOBAL_UNCERTAINTY_ASSIGNED_CONTEXT ( ( #1974 ) ) GLOBAL_UNIT_ASSIGNED_CONTEXT ( ( #1534, #1790, #2737 ) ) REPRESENTATION_CONTEXT ( 'NONE', 'WORKASPACE' ) );
#3525 = CYLINDRICAL_SURFACE ( 'NONE', #1491, 1.250000000000000000 ) ;
#3526 = CARTESIAN_POINT ( 'NONE',  ( 2.008420750601659349E-15, 9.449999999999999289, -7.599999999999992539 ) ) ;
#3527 = PRESENTATION_LAYER_ASSIGNMENT (  '', '', ( #2073 ) ) ;
#3528 = DIRECTION ( 'NONE',  ( 0.000000000000000000, -1.000000000000000000, 0.000000000000000000 ) ) ;
#3529 = VECTOR ( 'NONE', #916, 1000.000000000000000 ) ;
#3530 = ORIENTED_EDGE ( 'NONE', *, *, #3009, .F. ) ;
#3531 = PLANE ( 'NONE',  #3003 ) ;
#3532 = CARTESIAN_POINT ( 'NONE',  ( 6.649728078196296188, -8.450000000000002842, 19.00000000000000711 ) ) ;
#3533 = COLOUR_RGB ( '',1.000000000000000000, 1.000000000000000000, 0.000000000000000000 ) ;
#3534 = PRESENTATION_LAYER_ASSIGNMENT (  '', '', ( #2267 ) ) ;
#3535 = DIRECTION ( 'NONE',  ( -0.000000000000000000, 1.000000000000000000, -0.000000000000000000 ) ) ;
#3536 = FILL_AREA_STYLE_COLOUR ( '', #237 ) ;
#3537 =( NAMED_UNIT ( * ) SI_UNIT ( $, .STERADIAN. ) SOLID_ANGLE_UNIT ( ) );
#3538 = EDGE_CURVE ( 'NONE', #2891, #2113, #1017, .T. ) ;
#3539 = VERTEX_POINT ( 'NONE', #3118 ) ;
#3540 = SURFACE_SIDE_STYLE ('',( #2948 ) ) ;
#3541 = EDGE_CURVE ( 'NONE', #2254, #3179, #2783, .T. ) ;
#3542 = ORIENTED_EDGE ( 'NONE', *, *, #514, .F. ) ;
#3543 = CARTESIAN_POINT ( 'NONE',  ( -1.250000000000000000, 1.530808498934191571E-16, 40.96446609406726935 ) ) ;
#3544 = CARTESIAN_POINT ( 'NONE',  ( -2.873310288165173976, 3.626990941337652874, 46.70000000000000995 ) ) ;
#3545 = FILL_AREA_STYLE_COLOUR ( '', #1509 ) ;
#3546 = COLOUR_RGB ( '',1.000000000000000000, 1.000000000000000000, 0.000000000000000000 ) ;
#3547 = ORIENTED_EDGE ( 'NONE', *, *, #2087, .T. ) ;
#3548 = EDGE_CURVE ( 'NONE', #3321, #1551, #3377, .T. ) ;
#3549 = COLOUR_RGB ( '',1.000000000000000000, 1.000000000000000000, 0.000000000000000000 ) ;
#3550 = FACE_OUTER_BOUND ( 'NONE', #848, .T. ) ;
#3551 = MECHANICAL_DESIGN_GEOMETRIC_PRESENTATION_REPRESENTATION (  '', ( #1032 ), #3608 ) ;
#3552 = SURFACE_STYLE_USAGE ( .BOTH. , #1232 ) ;
#3553 = ADVANCED_FACE ( 'NONE', ( #2519 ), #482, .F. ) ;
#3554 = SURFACE_STYLE_USAGE ( .BOTH. , #1250 ) ;
#3555 = FILL_AREA_STYLE ('',( #1268 ) ) ;
#3556 = ORIENTED_EDGE ( 'NONE', *, *, #2773, .F. ) ;
#3557 =( NAMED_UNIT ( * ) SI_UNIT ( $, .STERADIAN. ) SOLID_ANGLE_UNIT ( ) );
#3558 = EDGE_CURVE ( 'NONE', #2158, #673, #2869, .T. ) ;
#3559 = CARTESIAN_POINT ( 'NONE',  ( 3.261560499326045637, 6.849999999999999645, 44.49108496858926287 ) ) ;
#3560 = EDGE_LOOP ( 'NONE', ( #20, #3279, #1781, #3214 ) ) ;
#3561 = SURFACE_STYLE_USAGE ( .BOTH. , #726 ) ;
#3562 = SURFACE_SIDE_STYLE ('',( #2065 ) ) ;
#3563 =( GEOMETRIC_REPRESENTATION_CONTEXT ( 3 ) GLOBAL_UNCERTAINTY_ASSIGNED_CONTEXT ( ( #532 ) ) GLOBAL_UNIT_ASSIGNED_CONTEXT ( ( #1030, #581, #1188 ) ) REPRESENTATION_CONTEXT ( 'NONE', 'WORKASPACE' ) );
#3564 = SURFACE_STYLE_FILL_AREA ( #1262 ) ;
#3565 = CARTESIAN_POINT ( 'NONE',  ( 0.000000000000000000, 1.250000000000000000, -21.49999999999999289 ) ) ;
#3566 = DIRECTION ( 'NONE',  ( 1.000000000000000000, 0.000000000000000000, 0.000000000000000000 ) ) ;
#3567 =( NAMED_UNIT ( * ) SI_UNIT ( $, .STERADIAN. ) SOLID_ANGLE_UNIT ( ) );
#3568 = CARTESIAN_POINT ( 'NONE',  ( 7.000000000000000888, 7.849999999999997868, 30.50000000000000711 ) ) ;
#3569 = FACE_OUTER_BOUND ( 'NONE', #3450, .T. ) ;
#3570 = ORIENTED_EDGE ( 'NONE', *, *, #1172, .T. ) ;
#3571 = AXIS2_PLACEMENT_3D ( 'NONE', #3208, #1740, #1869 ) ;
#3572 = DIRECTION ( 'NONE',  ( -0.000000000000000000, 1.000000000000000000, -0.000000000000000000 ) ) ;
#3573 = SURFACE_SIDE_STYLE ('',( #207 ) ) ;
#3574 = SURFACE_STYLE_FILL_AREA ( #2456 ) ;
#3575 = FACE_OUTER_BOUND ( 'NONE', #1687, .T. ) ;
#3576 = ORIENTED_EDGE ( 'NONE', *, *, #752, .F. ) ;
#3577 = ORIENTED_EDGE ( 'NONE', *, *, #3215, .F. ) ;
#3578 = DIRECTION ( 'NONE',  ( -0.000000000000000000, -0.000000000000000000, 1.000000000000000000 ) ) ;
#3579 = DIRECTION ( 'NONE',  ( -1.000000000000000000, 0.000000000000000000, 0.000000000000000000 ) ) ;
#3580 = VECTOR ( 'NONE', #1992, 1000.000000000000000 ) ;
#3581 = AXIS2_PLACEMENT_3D ( 'NONE', #3084, #3662, #2657 ) ;
#3582 = ORIENTED_EDGE ( 'NONE', *, *, #1539, .F. ) ;
#3583 = LINE ( 'NONE', #1023, #2579 ) ;
#3584 = CARTESIAN_POINT ( 'NONE',  ( 11.25000000000000355, 9.449999999999999289, 19.00000000000000711 ) ) ;
#3585 = DIRECTION ( 'NONE',  ( 0.000000000000000000, 0.000000000000000000, 1.000000000000000000 ) ) ;
#3586 =( GEOMETRIC_REPRESENTATION_CONTEXT ( 3 ) GLOBAL_UNCERTAINTY_ASSIGNED_CONTEXT ( ( #2554 ) ) GLOBAL_UNIT_ASSIGNED_CONTEXT ( ( #1082, #3049, #231 ) ) REPRESENTATION_CONTEXT ( 'NONE', 'WORKASPACE' ) );
#3587 =( NAMED_UNIT ( * ) SI_UNIT ( $, .STERADIAN. ) SOLID_ANGLE_UNIT ( ) );
#3588 = ADVANCED_FACE ( 'NONE', ( #2043 ), #2290, .F. ) ;
#3589 =( NAMED_UNIT ( * ) PLANE_ANGLE_UNIT ( ) SI_UNIT ( $, .RADIAN. ) );
#3590 = PRESENTATION_STYLE_ASSIGNMENT (( #1845 ) ) ;
#3591 = ORIENTED_EDGE ( 'NONE', *, *, #3041, .F. ) ;
#3592 = CARTESIAN_POINT ( 'NONE',  ( -11.25000000000000711, -0.8000000000000022649, 30.50000000000000711 ) ) ;
#3593 = SURFACE_STYLE_USAGE ( .BOTH. , #3573 ) ;
#3594 = EDGE_CURVE ( 'NONE', #78, #3539, #1707, .T. ) ;
#3595 = PLANE ( 'NONE',  #2420 ) ;
#3596 = COLOUR_RGB ( '',0.1019607843137254888, 0.1019607843137254888, 0.1019607843137254888 ) ;
#3597 =( NAMED_UNIT ( * ) SI_UNIT ( $, .STERADIAN. ) SOLID_ANGLE_UNIT ( ) );
#3598 = PRESENTATION_LAYER_ASSIGNMENT (  '', '', ( #566 ) ) ;
#3599 = EDGE_LOOP ( 'NONE', ( #1400, #2460, #3061, #2877, #3504, #102 ) ) ;
#3600 = VECTOR ( 'NONE', #2841, 1000.000000000000000 ) ;
#3601 = CARTESIAN_POINT ( 'NONE',  ( -6.582301118138079943, 6.849999999999998757, 42.92519144787443253 ) ) ;
#3602 = LINE ( 'NONE', #1035, #1679 ) ;
#3603 = CYLINDRICAL_SURFACE ( 'NONE', #1009, 2.675000000000000266 ) ;
#3604 = MECHANICAL_DESIGN_GEOMETRIC_PRESENTATION_REPRESENTATION (  '', ( #976 ), #2154 ) ;
#3605 = LINE ( 'NONE', #1579, #1570 ) ;
#3606 = CARTESIAN_POINT ( 'NONE',  ( -0.3223529411764873842, -0.8000000000000022649, 19.00000000000000711 ) ) ;
#3607 = MANIFOLD_SOLID_BREP ( 'Cut-Extrude8', #23 ) ;
#3608 =( GEOMETRIC_REPRESENTATION_CONTEXT ( 3 ) GLOBAL_UNCERTAINTY_ASSIGNED_CONTEXT ( ( #2115 ) ) GLOBAL_UNIT_ASSIGNED_CONTEXT ( ( #152, #2465, #1301 ) ) REPRESENTATION_CONTEXT ( 'NONE', 'WORKASPACE' ) );
#3609 = SURFACE_SIDE_STYLE ('',( #3409 ) ) ;
#3610 = DIRECTION ( 'NONE',  ( 0.000000000000000000, 0.000000000000000000, 1.000000000000000000 ) ) ;
#3611 = EDGE_LOOP ( 'NONE', ( #3490, #1384, #914, #3649 ) ) ;
#3612 = DIRECTION ( 'NONE',  ( 0.000000000000000000, 0.000000000000000000, 1.000000000000000000 ) ) ;
#3613 = DIRECTION ( 'NONE',  ( 0.000000000000000000, 0.000000000000000000, 1.000000000000000000 ) ) ;
#3614 = PLANE ( 'NONE',  #631 ) ;
#3615 = DIRECTION ( 'NONE',  ( 1.000000000000000000, 0.000000000000000000, -0.000000000000000000 ) ) ;
#3616 = CARTESIAN_POINT ( 'NONE',  ( 6.649728078196296188, -8.450000000000002842, 30.50000000000000711 ) ) ;
#3617 = DIRECTION ( 'NONE',  ( 1.000000000000000000, 0.000000000000000000, -0.000000000000000000 ) ) ;
#3618 = VERTEX_POINT ( 'NONE', #1475 ) ;
#3619 =( NAMED_UNIT ( * ) PLANE_ANGLE_UNIT ( ) SI_UNIT ( $, .RADIAN. ) );
#3620 = DIRECTION ( 'NONE',  ( 1.000000000000000000, 0.000000000000000000, -0.000000000000000000 ) ) ;
#3621 = STYLED_ITEM ( 'NONE', ( #3232 ), #996 ) ;
#3622 = DIRECTION ( 'NONE',  ( 1.000000000000000000, -0.000000000000000000, -0.000000000000000000 ) ) ;
#3623 = DIRECTION ( 'NONE',  ( -0.000000000000000000, -0.000000000000000000, -1.000000000000000000 ) ) ;
#3624 = CIRCLE ( 'NONE', #61, 2.675000000000000266 ) ;
#3625 = STYLED_ITEM ( 'NONE', ( #1336 ), #1153 ) ;
#3626 = CARTESIAN_POINT ( 'NONE',  ( 6.649728078196297965, 6.849999999999998757, 19.00000000000000711 ) ) ;
#3627 = CIRCLE ( 'NONE', #2431, 10.92764705882351173 ) ;
#3628 =( LENGTH_UNIT ( ) NAMED_UNIT ( * ) SI_UNIT ( .MILLI., .METRE. ) );
#3629 = CARTESIAN_POINT ( 'NONE',  ( 0.000000000000000000, 0.000000000000000000, 49.52842712474620157 ) ) ;
#3630 = ORIENTED_EDGE ( 'NONE', *, *, #1925, .F. ) ;
#3631 = CARTESIAN_POINT ( 'NONE',  ( 11.24999999999999645, 9.449999999999999289, -18.99999999999999289 ) ) ;
#3632 = CYLINDRICAL_SURFACE ( 'NONE', #2518, 2.675000000000000266 ) ;
#3633 = LINE ( 'NONE', #1863, #570 ) ;
#3634 = ORIENTED_EDGE ( 'NONE', *, *, #760, .T. ) ;
#3635 = VECTOR ( 'NONE', #3415, 1000.000000000000000 ) ;
#3636 = CYLINDRICAL_SURFACE ( 'NONE', #1080, 9.927647058823977133 ) ;
#3637 = CARTESIAN_POINT ( 'NONE',  ( 2.130885430516394891E-15, 19.54999999999999716, -8.599999999999992539 ) ) ;
#3638 = AXIS2_PLACEMENT_3D ( 'NONE', #2466, #2807, #233 ) ;
#3639 = CARTESIAN_POINT ( 'NONE',  ( 2.008420750601659349E-15, 10.54999999999999893, -7.599999999999992539 ) ) ;
#3640 = STYLED_ITEM ( 'NONE', ( #2024 ), #1975 ) ;
#3641 = DIRECTION ( 'NONE',  ( 0.000000000000000000, 1.000000000000000000, -0.000000000000000000 ) ) ;
#3642 = CARTESIAN_POINT ( 'NONE',  ( -0.3223529411764873842, -0.8000000000000022649, 46.70000000000000284 ) ) ;
#3643 = SURFACE_STYLE_FILL_AREA ( #2881 ) ;
#3644 = PRESENTATION_LAYER_ASSIGNMENT (  '', '', ( #3052 ) ) ;
#3645 =( LENGTH_UNIT ( ) NAMED_UNIT ( * ) SI_UNIT ( .MILLI., .METRE. ) );
#3646 = COLOUR_RGB ( '',1.000000000000000000, 1.000000000000000000, 0.000000000000000000 ) ;
#3647 =( LENGTH_UNIT ( ) NAMED_UNIT ( * ) SI_UNIT ( .MILLI., .METRE. ) );
#3648 = CIRCLE ( 'NONE', #3122, 1.300000000000000711 ) ;
#3649 = ORIENTED_EDGE ( 'NONE', *, *, #3268, .T. ) ;
#3650 = SURFACE_STYLE_USAGE ( .BOTH. , #2515 ) ;
#3651 = ADVANCED_FACE ( 'NONE', ( #1148 ), #2631, .T. ) ;
#3652 = STYLED_ITEM ( 'NONE', ( #731 ), #1663 ) ;
#3653 = SURFACE_STYLE_FILL_AREA ( #1072 ) ;
#3654 = DIRECTION ( 'NONE',  ( -0.000000000000000000, -0.000000000000000000, -1.000000000000000000 ) ) ;
#3655 = DIRECTION ( 'NONE',  ( 0.000000000000000000, -1.000000000000000000, 0.000000000000000000 ) ) ;
#3656 = ADVANCED_FACE ( 'NONE', ( #1254 ), #2728, .F. ) ;
#3657 = PLANE ( 'NONE',  #361 ) ;
#3658 = CARTESIAN_POINT ( 'NONE',  ( 0.000000000000000000, 0.000000000000000000, 46.70000000000000284 ) ) ;
#3659 = ADVANCED_FACE ( 'NONE', ( #2653, #2931 ), #103, .T. ) ;
#3660 = CARTESIAN_POINT ( 'NONE',  ( 2.500000000000001332, -1.250000000000000000, -18.99999999999999289 ) ) ;
#3661 = ADVANCED_FACE ( 'NONE', ( #1337, #1587, #738 ), #262, .T. ) ;
#3662 = DIRECTION ( 'NONE',  ( -0.000000000000000000, 0.000000000000000000, 1.000000000000000000 ) ) ;
#3663 =( LENGTH_UNIT ( ) NAMED_UNIT ( * ) SI_UNIT ( .MILLI., .METRE. ) );
#3664 = UNCERTAINTY_MEASURE_WITH_UNIT (LENGTH_MEASURE( 1.000000000000000082E-05 ), #1601, 'distance_accuracy_value', 'NONE');
#3665 = CIRCLE ( 'NONE', #2029, 1.250000000000001110 ) ;
#3666 = CARTESIAN_POINT ( 'NONE',  ( 0.3223529411764958219, -0.8000000000000012657, 42.50000000000000000 ) ) ;
#3667 = MANIFOLD_SOLID_BREP ( 'Fillet5', #2577 ) ;
#3668 = EDGE_CURVE ( 'NONE', #3150, #32, #3073, .T. ) ;
#3669 = LINE ( 'NONE', #476, #596 ) ;
#3670 = PRESENTATION_STYLE_ASSIGNMENT (( #277 ) ) ;
#3671 = DIRECTION ( 'NONE',  ( 0.000000000000000000, -1.000000000000000000, 0.000000000000000000 ) ) ;
#3672 = ORIENTED_EDGE ( 'NONE', *, *, #3009, .T. ) ;
#3673 =( NAMED_UNIT ( * ) PLANE_ANGLE_UNIT ( ) SI_UNIT ( $, .RADIAN. ) );
#3674 = STYLED_ITEM ( 'NONE', ( #735 ), #3261 ) ;
#3675 = EDGE_CURVE ( 'NONE', #2371, #933, #2189, .T. ) ;
#3676 = DIRECTION ( 'NONE',  ( 1.000000000000000000, 0.000000000000000000, 0.000000000000000000 ) ) ;
#3677 = DIRECTION ( 'NONE',  ( -0.000000000000000000, -1.000000000000000000, -0.000000000000000000 ) ) ;
#3678 = SURFACE_STYLE_FILL_AREA ( #1127 ) ;
#3679 = FACE_OUTER_BOUND ( 'NONE', #3519, .T. ) ;
#3680 = ORIENTED_EDGE ( 'NONE', *, *, #832, .F. ) ;
#3681 = SURFACE_STYLE_USAGE ( .BOTH. , #849 ) ;
#3682 = FILL_AREA_STYLE ('',( #3403 ) ) ;
#3683 = FILL_AREA_STYLE_COLOUR ( '', #416 ) ;
#3684 = FACE_OUTER_BOUND ( 'NONE', #1143, .T. ) ;
#3685 = MECHANICAL_DESIGN_GEOMETRIC_PRESENTATION_REPRESENTATION (  '', ( #1813 ), #991 ) ;
#3686 = VERTEX_POINT ( 'NONE', #1024 ) ;
#3687 = DIRECTION ( 'NONE',  ( 1.000000000000000000, 0.000000000000000000, -3.083952846180990774E-16 ) ) ;
ENDSEC;
END-ISO-10303-21;
