ISO-10303-21;
HEADER;
/* Generated by software containing ST-Developer
 * from STEP Tools, Inc. (www.steptools.com) 
 */

FILE_DESCRIPTION(
/* description */ (''),
/* implementation_level */ '2;1');

FILE_NAME(
/* name */ 'Mini RC Chasis.step',
/* time_stamp */ '2026-08-18T11:43:47-04:00',
/* author */ (''),
/* organization */ (''),
/* preprocessor_version */ 'ST-DEVELOPER v20.1',
/* originating_system */ 'Autodesk Translation Framework v15.8.0.0',
/* authorisation */ '');

FILE_SCHEMA (('AUTOMOTIVE_DESIGN { 1 0 10303 214 3 1 1 }'));
ENDSEC;

DATA;
#10=MECHANICAL_DESIGN_GEOMETRIC_PRESENTATION_REPRESENTATION('',(#13,#14,
#15,#16,#17),#3031);
#11=SHAPE_REPRESENTATION_RELATIONSHIP('SRR','None',#3041,#12);
#12=ADVANCED_BREP_SHAPE_REPRESENTATION('',(#18,#19,#20,#21,#22),#3030);
#13=STYLED_ITEM('',(#3050),#18);
#14=STYLED_ITEM('',(#3050),#19);
#15=STYLED_ITEM('',(#3050),#20);
#16=STYLED_ITEM('',(#3050),#21);
#17=STYLED_ITEM('',(#3050),#22);
#18=MANIFOLD_SOLID_BREP('Body1',#1897);
#19=MANIFOLD_SOLID_BREP('Body2',#1898);
#20=MANIFOLD_SOLID_BREP('Body3',#1899);
#21=MANIFOLD_SOLID_BREP('Body4',#1900);
#22=MANIFOLD_SOLID_BREP('Body5',#1901);
#23=FACE_BOUND('',#727,.T.);
#24=FACE_BOUND('',#728,.T.);
#25=FACE_BOUND('',#729,.T.);
#26=FACE_BOUND('',#735,.T.);
#27=FACE_BOUND('',#736,.T.);
#28=FACE_BOUND('',#737,.T.);
#29=FACE_BOUND('',#753,.T.);
#30=FACE_BOUND('',#757,.T.);
#31=FACE_BOUND('',#763,.T.);
#32=FACE_BOUND('',#767,.T.);
#33=FACE_BOUND('',#770,.T.);
#34=FACE_BOUND('',#782,.T.);
#35=FACE_BOUND('',#785,.T.);
#36=FACE_BOUND('',#788,.T.);
#37=FACE_BOUND('',#792,.T.);
#38=FACE_BOUND('',#794,.T.);
#39=FACE_BOUND('',#804,.T.);
#40=FACE_BOUND('',#807,.T.);
#41=FACE_BOUND('',#811,.T.);
#42=FACE_BOUND('',#813,.T.);
#43=FACE_BOUND('',#816,.T.);
#44=FACE_BOUND('',#818,.T.);
#45=FACE_BOUND('',#828,.T.);
#46=FACE_BOUND('',#831,.T.);
#47=FACE_BOUND('',#835,.T.);
#48=FACE_BOUND('',#837,.T.);
#49=FACE_BOUND('',#840,.T.);
#50=FACE_BOUND('',#842,.T.);
#51=PLANE('',#1932);
#52=PLANE('',#1933);
#53=PLANE('',#1934);
#54=PLANE('',#1938);
#55=PLANE('',#1945);
#56=PLANE('',#1946);
#57=PLANE('',#1947);
#58=PLANE('',#1948);
#59=PLANE('',#1949);
#60=PLANE('',#1950);
#61=PLANE('',#1951);
#62=PLANE('',#1952);
#63=PLANE('',#1953);
#64=PLANE('',#1954);
#65=PLANE('',#1958);
#66=PLANE('',#1959);
#67=PLANE('',#1960);
#68=PLANE('',#1961);
#69=PLANE('',#1962);
#70=PLANE('',#1963);
#71=PLANE('',#1964);
#72=PLANE('',#1965);
#73=PLANE('',#1966);
#74=PLANE('',#1967);
#75=PLANE('',#1968);
#76=PLANE('',#1969);
#77=PLANE('',#1970);
#78=PLANE('',#1971);
#79=PLANE('',#1972);
#80=PLANE('',#1973);
#81=PLANE('',#1974);
#82=PLANE('',#1975);
#83=PLANE('',#1979);
#84=PLANE('',#1980);
#85=PLANE('',#1981);
#86=PLANE('',#1982);
#87=PLANE('',#1983);
#88=PLANE('',#1984);
#89=PLANE('',#1985);
#90=PLANE('',#1986);
#91=PLANE('',#1987);
#92=PLANE('',#1988);
#93=PLANE('',#1989);
#94=PLANE('',#1990);
#95=PLANE('',#1991);
#96=PLANE('',#1992);
#97=PLANE('',#1993);
#98=PLANE('',#1994);
#99=PLANE('',#1995);
#100=PLANE('',#1996);
#101=PLANE('',#1997);
#102=PLANE('',#1998);
#103=PLANE('',#1999);
#104=PLANE('',#2000);
#105=PLANE('',#2001);
#106=PLANE('',#2002);
#107=PLANE('',#2003);
#108=PLANE('',#2004);
#109=PLANE('',#2005);
#110=PLANE('',#2006);
#111=PLANE('',#2007);
#112=PLANE('',#2008);
#113=PLANE('',#2009);
#114=PLANE('',#2010);
#115=PLANE('',#2011);
#116=PLANE('',#2012);
#117=PLANE('',#2013);
#118=PLANE('',#2014);
#119=PLANE('',#2015);
#120=PLANE('',#2016);
#121=PLANE('',#2017);
#122=PLANE('',#2018);
#123=PLANE('',#2019);
#124=PLANE('',#2020);
#125=PLANE('',#2021);
#126=PLANE('',#2022);
#127=PLANE('',#2023);
#128=PLANE('',#2024);
#129=PLANE('',#2025);
#130=PLANE('',#2026);
#131=PLANE('',#2027);
#132=PLANE('',#2028);
#133=PLANE('',#2029);
#134=PLANE('',#2030);
#135=PLANE('',#2031);
#136=PLANE('',#2032);
#137=LINE('',#2519,#373);
#138=LINE('',#2520,#374);
#139=LINE('',#2532,#375);
#140=LINE('',#2533,#376);
#141=LINE('',#2539,#377);
#142=LINE('',#2541,#378);
#143=LINE('',#2542,#379);
#144=LINE('',#2543,#380);
#145=LINE('',#2545,#381);
#146=LINE('',#2546,#382);
#147=LINE('',#2551,#383);
#148=LINE('',#2553,#384);
#149=LINE('',#2555,#385);
#150=LINE('',#2556,#386);
#151=LINE('',#2559,#387);
#152=LINE('',#2560,#388);
#153=LINE('',#2562,#389);
#154=LINE('',#2564,#390);
#155=LINE('',#2565,#391);
#156=LINE('',#2567,#392);
#157=LINE('',#2575,#393);
#158=LINE('',#2578,#394);
#159=LINE('',#2582,#395);
#160=LINE('',#2586,#396);
#161=LINE('',#2591,#397);
#162=LINE('',#2593,#398);
#163=LINE('',#2595,#399);
#164=LINE('',#2596,#400);
#165=LINE('',#2598,#401);
#166=LINE('',#2599,#402);
#167=LINE('',#2601,#403);
#168=LINE('',#2602,#404);
#169=LINE('',#2606,#405);
#170=LINE('',#2608,#406);
#171=LINE('',#2610,#407);
#172=LINE('',#2611,#408);
#173=LINE('',#2613,#409);
#174=LINE('',#2614,#410);
#175=LINE('',#2616,#411);
#176=LINE('',#2618,#412);
#177=LINE('',#2627,#413);
#178=LINE('',#2631,#414);
#179=LINE('',#2633,#415);
#180=LINE('',#2634,#416);
#181=LINE('',#2637,#417);
#182=LINE('',#2639,#418);
#183=LINE('',#2641,#419);
#184=LINE('',#2642,#420);
#185=LINE('',#2646,#421);
#186=LINE('',#2648,#422);
#187=LINE('',#2650,#423);
#188=LINE('',#2651,#424);
#189=LINE('',#2655,#425);
#190=LINE('',#2657,#426);
#191=LINE('',#2659,#427);
#192=LINE('',#2660,#428);
#193=LINE('',#2663,#429);
#194=LINE('',#2665,#430);
#195=LINE('',#2666,#431);
#196=LINE('',#2670,#432);
#197=LINE('',#2671,#433);
#198=LINE('',#2672,#434);
#199=LINE('',#2674,#435);
#200=LINE('',#2675,#436);
#201=LINE('',#2678,#437);
#202=LINE('',#2679,#438);
#203=LINE('',#2682,#439);
#204=LINE('',#2684,#440);
#205=LINE('',#2685,#441);
#206=LINE('',#2689,#442);
#207=LINE('',#2690,#443);
#208=LINE('',#2691,#444);
#209=LINE('',#2693,#445);
#210=LINE('',#2694,#446);
#211=LINE('',#2697,#447);
#212=LINE('',#2698,#448);
#213=LINE('',#2700,#449);
#214=LINE('',#2702,#450);
#215=LINE('',#2705,#451);
#216=LINE('',#2707,#452);
#217=LINE('',#2708,#453);
#218=LINE('',#2711,#454);
#219=LINE('',#2713,#455);
#220=LINE('',#2714,#456);
#221=LINE('',#2716,#457);
#222=LINE('',#2717,#458);
#223=LINE('',#2719,#459);
#224=LINE('',#2721,#460);
#225=LINE('',#2722,#461);
#226=LINE('',#2724,#462);
#227=LINE('',#2732,#463);
#228=LINE('',#2736,#464);
#229=LINE('',#2738,#465);
#230=LINE('',#2739,#466);
#231=LINE('',#2742,#467);
#232=LINE('',#2744,#468);
#233=LINE('',#2746,#469);
#234=LINE('',#2747,#470);
#235=LINE('',#2751,#471);
#236=LINE('',#2753,#472);
#237=LINE('',#2755,#473);
#238=LINE('',#2756,#474);
#239=LINE('',#2760,#475);
#240=LINE('',#2762,#476);
#241=LINE('',#2764,#477);
#242=LINE('',#2765,#478);
#243=LINE('',#2768,#479);
#244=LINE('',#2770,#480);
#245=LINE('',#2771,#481);
#246=LINE('',#2774,#482);
#247=LINE('',#2776,#483);
#248=LINE('',#2777,#484);
#249=LINE('',#2780,#485);
#250=LINE('',#2782,#486);
#251=LINE('',#2783,#487);
#252=LINE('',#2785,#488);
#253=LINE('',#2786,#489);
#254=LINE('',#2789,#490);
#255=LINE('',#2791,#491);
#256=LINE('',#2792,#492);
#257=LINE('',#2794,#493);
#258=LINE('',#2795,#494);
#259=LINE('',#2798,#495);
#260=LINE('',#2800,#496);
#261=LINE('',#2801,#497);
#262=LINE('',#2804,#498);
#263=LINE('',#2806,#499);
#264=LINE('',#2807,#500);
#265=LINE('',#2810,#501);
#266=LINE('',#2812,#502);
#267=LINE('',#2813,#503);
#268=LINE('',#2815,#504);
#269=LINE('',#2816,#505);
#270=LINE('',#2819,#506);
#271=LINE('',#2821,#507);
#272=LINE('',#2822,#508);
#273=LINE('',#2824,#509);
#274=LINE('',#2827,#510);
#275=LINE('',#2828,#511);
#276=LINE('',#2830,#512);
#277=LINE('',#2835,#513);
#278=LINE('',#2837,#514);
#279=LINE('',#2839,#515);
#280=LINE('',#2840,#516);
#281=LINE('',#2844,#517);
#282=LINE('',#2846,#518);
#283=LINE('',#2848,#519);
#284=LINE('',#2849,#520);
#285=LINE('',#2852,#521);
#286=LINE('',#2854,#522);
#287=LINE('',#2855,#523);
#288=LINE('',#2858,#524);
#289=LINE('',#2860,#525);
#290=LINE('',#2861,#526);
#291=LINE('',#2864,#527);
#292=LINE('',#2866,#528);
#293=LINE('',#2867,#529);
#294=LINE('',#2869,#530);
#295=LINE('',#2870,#531);
#296=LINE('',#2873,#532);
#297=LINE('',#2875,#533);
#298=LINE('',#2876,#534);
#299=LINE('',#2878,#535);
#300=LINE('',#2879,#536);
#301=LINE('',#2883,#537);
#302=LINE('',#2885,#538);
#303=LINE('',#2887,#539);
#304=LINE('',#2888,#540);
#305=LINE('',#2891,#541);
#306=LINE('',#2893,#542);
#307=LINE('',#2894,#543);
#308=LINE('',#2897,#544);
#309=LINE('',#2899,#545);
#310=LINE('',#2900,#546);
#311=LINE('',#2902,#547);
#312=LINE('',#2903,#548);
#313=LINE('',#2907,#549);
#314=LINE('',#2909,#550);
#315=LINE('',#2911,#551);
#316=LINE('',#2912,#552);
#317=LINE('',#2915,#553);
#318=LINE('',#2917,#554);
#319=LINE('',#2918,#555);
#320=LINE('',#2921,#556);
#321=LINE('',#2922,#557);
#322=LINE('',#2925,#558);
#323=LINE('',#2926,#559);
#324=LINE('',#2928,#560);
#325=LINE('',#2933,#561);
#326=LINE('',#2935,#562);
#327=LINE('',#2937,#563);
#328=LINE('',#2938,#564);
#329=LINE('',#2942,#565);
#330=LINE('',#2944,#566);
#331=LINE('',#2946,#567);
#332=LINE('',#2947,#568);
#333=LINE('',#2950,#569);
#334=LINE('',#2952,#570);
#335=LINE('',#2953,#571);
#336=LINE('',#2956,#572);
#337=LINE('',#2958,#573);
#338=LINE('',#2959,#574);
#339=LINE('',#2962,#575);
#340=LINE('',#2964,#576);
#341=LINE('',#2965,#577);
#342=LINE('',#2967,#578);
#343=LINE('',#2968,#579);
#344=LINE('',#2971,#580);
#345=LINE('',#2973,#581);
#346=LINE('',#2974,#582);
#347=LINE('',#2976,#583);
#348=LINE('',#2977,#584);
#349=LINE('',#2981,#585);
#350=LINE('',#2983,#586);
#351=LINE('',#2985,#587);
#352=LINE('',#2986,#588);
#353=LINE('',#2989,#589);
#354=LINE('',#2991,#590);
#355=LINE('',#2992,#591);
#356=LINE('',#2995,#592);
#357=LINE('',#2997,#593);
#358=LINE('',#2998,#594);
#359=LINE('',#3000,#595);
#360=LINE('',#3001,#596);
#361=LINE('',#3005,#597);
#362=LINE('',#3007,#598);
#363=LINE('',#3009,#599);
#364=LINE('',#3010,#600);
#365=LINE('',#3013,#601);
#366=LINE('',#3015,#602);
#367=LINE('',#3016,#603);
#368=LINE('',#3019,#604);
#369=LINE('',#3020,#605);
#370=LINE('',#3023,#606);
#371=LINE('',#3024,#607);
#372=LINE('',#3026,#608);
#373=VECTOR('',#2047,0.393700787401575);
#374=VECTOR('',#2048,0.393700787401575);
#375=VECTOR('',#2061,0.393700787401575);
#376=VECTOR('',#2062,0.393700787401575);
#377=VECTOR('',#2067,0.393700787401575);
#378=VECTOR('',#2068,0.393700787401575);
#379=VECTOR('',#2069,0.393700787401575);
#380=VECTOR('',#2070,0.393700787401575);
#381=VECTOR('',#2073,0.393700787401575);
#382=VECTOR('',#2074,0.393700787401575);
#383=VECTOR('',#2079,0.393700787401575);
#384=VECTOR('',#2080,0.393700787401575);
#385=VECTOR('',#2081,0.393700787401575);
#386=VECTOR('',#2082,0.393700787401575);
#387=VECTOR('',#2085,0.393700787401575);
#388=VECTOR('',#2086,0.393700787401575);
#389=VECTOR('',#2089,0.393700787401575);
#390=VECTOR('',#2090,0.393700787401575);
#391=VECTOR('',#2091,0.393700787401575);
#392=VECTOR('',#2094,0.393700787401575);
#393=VECTOR('',#2103,0.393700787401575);
#394=VECTOR('',#2106,0.177165354330709);
#395=VECTOR('',#2111,0.078740157480315);
#396=VECTOR('',#2116,0.078740157480315);
#397=VECTOR('',#2121,0.393700787401575);
#398=VECTOR('',#2122,0.393700787401575);
#399=VECTOR('',#2123,0.393700787401575);
#400=VECTOR('',#2124,0.393700787401575);
#401=VECTOR('',#2127,0.393700787401575);
#402=VECTOR('',#2128,0.393700787401575);
#403=VECTOR('',#2131,0.393700787401575);
#404=VECTOR('',#2132,0.393700787401575);
#405=VECTOR('',#2135,0.393700787401575);
#406=VECTOR('',#2136,0.393700787401575);
#407=VECTOR('',#2137,0.393700787401575);
#408=VECTOR('',#2138,0.393700787401575);
#409=VECTOR('',#2141,0.393700787401575);
#410=VECTOR('',#2142,0.393700787401575);
#411=VECTOR('',#2145,0.393700787401575);
#412=VECTOR('',#2148,0.393700787401575);
#413=VECTOR('',#2159,0.393700787401575);
#414=VECTOR('',#2162,0.393700787401575);
#415=VECTOR('',#2163,0.393700787401575);
#416=VECTOR('',#2164,0.393700787401575);
#417=VECTOR('',#2167,0.393700787401575);
#418=VECTOR('',#2168,0.393700787401575);
#419=VECTOR('',#2169,0.393700787401575);
#420=VECTOR('',#2170,0.393700787401575);
#421=VECTOR('',#2173,0.393700787401575);
#422=VECTOR('',#2174,0.393700787401575);
#423=VECTOR('',#2175,0.393700787401575);
#424=VECTOR('',#2176,0.393700787401575);
#425=VECTOR('',#2179,0.393700787401575);
#426=VECTOR('',#2180,0.393700787401575);
#427=VECTOR('',#2181,0.393700787401575);
#428=VECTOR('',#2182,0.393700787401575);
#429=VECTOR('',#2185,0.393700787401575);
#430=VECTOR('',#2186,0.393700787401575);
#431=VECTOR('',#2187,0.393700787401575);
#432=VECTOR('',#2190,0.393700787401575);
#433=VECTOR('',#2191,0.393700787401575);
#434=VECTOR('',#2192,0.393700787401575);
#435=VECTOR('',#2193,0.393700787401575);
#436=VECTOR('',#2194,0.393700787401575);
#437=VECTOR('',#2197,0.393700787401575);
#438=VECTOR('',#2198,0.393700787401575);
#439=VECTOR('',#2201,0.393700787401575);
#440=VECTOR('',#2202,0.393700787401575);
#441=VECTOR('',#2203,0.393700787401575);
#442=VECTOR('',#2206,0.393700787401575);
#443=VECTOR('',#2207,0.393700787401575);
#444=VECTOR('',#2208,0.393700787401575);
#445=VECTOR('',#2209,0.393700787401575);
#446=VECTOR('',#2210,0.393700787401575);
#447=VECTOR('',#2213,0.393700787401575);
#448=VECTOR('',#2214,0.393700787401575);
#449=VECTOR('',#2217,0.393700787401575);
#450=VECTOR('',#2220,0.393700787401575);
#451=VECTOR('',#2223,0.393700787401575);
#452=VECTOR('',#2224,0.393700787401575);
#453=VECTOR('',#2225,0.393700787401575);
#454=VECTOR('',#2228,0.393700787401575);
#455=VECTOR('',#2229,0.393700787401575);
#456=VECTOR('',#2230,0.393700787401575);
#457=VECTOR('',#2233,0.393700787401575);
#458=VECTOR('',#2234,0.393700787401575);
#459=VECTOR('',#2237,0.393700787401575);
#460=VECTOR('',#2238,0.393700787401575);
#461=VECTOR('',#2239,0.393700787401575);
#462=VECTOR('',#2242,0.393700787401575);
#463=VECTOR('',#2251,0.393700787401575);
#464=VECTOR('',#2254,0.393700787401575);
#465=VECTOR('',#2255,0.393700787401575);
#466=VECTOR('',#2256,0.393700787401575);
#467=VECTOR('',#2259,0.393700787401575);
#468=VECTOR('',#2260,0.393700787401575);
#469=VECTOR('',#2261,0.393700787401575);
#470=VECTOR('',#2262,0.393700787401575);
#471=VECTOR('',#2265,0.393700787401575);
#472=VECTOR('',#2266,0.393700787401575);
#473=VECTOR('',#2267,0.393700787401575);
#474=VECTOR('',#2268,0.393700787401575);
#475=VECTOR('',#2271,0.393700787401575);
#476=VECTOR('',#2272,0.393700787401575);
#477=VECTOR('',#2273,0.393700787401575);
#478=VECTOR('',#2274,0.393700787401575);
#479=VECTOR('',#2277,0.393700787401575);
#480=VECTOR('',#2278,0.393700787401575);
#481=VECTOR('',#2279,0.393700787401575);
#482=VECTOR('',#2282,0.393700787401575);
#483=VECTOR('',#2283,0.393700787401575);
#484=VECTOR('',#2284,0.393700787401575);
#485=VECTOR('',#2287,0.393700787401575);
#486=VECTOR('',#2288,0.393700787401575);
#487=VECTOR('',#2289,0.393700787401575);
#488=VECTOR('',#2292,0.393700787401575);
#489=VECTOR('',#2293,0.393700787401575);
#490=VECTOR('',#2296,0.393700787401575);
#491=VECTOR('',#2297,0.393700787401575);
#492=VECTOR('',#2298,0.393700787401575);
#493=VECTOR('',#2301,0.393700787401575);
#494=VECTOR('',#2302,0.393700787401575);
#495=VECTOR('',#2305,0.393700787401575);
#496=VECTOR('',#2306,0.393700787401575);
#497=VECTOR('',#2307,0.393700787401575);
#498=VECTOR('',#2310,0.393700787401575);
#499=VECTOR('',#2311,0.393700787401575);
#500=VECTOR('',#2312,0.393700787401575);
#501=VECTOR('',#2315,0.393700787401575);
#502=VECTOR('',#2316,0.393700787401575);
#503=VECTOR('',#2317,0.393700787401575);
#504=VECTOR('',#2320,0.393700787401575);
#505=VECTOR('',#2321,0.393700787401575);
#506=VECTOR('',#2324,0.393700787401575);
#507=VECTOR('',#2325,0.393700787401575);
#508=VECTOR('',#2326,0.393700787401575);
#509=VECTOR('',#2329,0.393700787401575);
#510=VECTOR('',#2332,0.393700787401575);
#511=VECTOR('',#2333,0.393700787401575);
#512=VECTOR('',#2336,0.393700787401575);
#513=VECTOR('',#2341,0.393700787401575);
#514=VECTOR('',#2342,0.393700787401575);
#515=VECTOR('',#2343,0.393700787401575);
#516=VECTOR('',#2344,0.393700787401575);
#517=VECTOR('',#2347,0.393700787401575);
#518=VECTOR('',#2348,0.393700787401575);
#519=VECTOR('',#2349,0.393700787401575);
#520=VECTOR('',#2350,0.393700787401575);
#521=VECTOR('',#2353,0.393700787401575);
#522=VECTOR('',#2354,0.393700787401575);
#523=VECTOR('',#2355,0.393700787401575);
#524=VECTOR('',#2358,0.393700787401575);
#525=VECTOR('',#2359,0.393700787401575);
#526=VECTOR('',#2360,0.393700787401575);
#527=VECTOR('',#2363,0.393700787401575);
#528=VECTOR('',#2364,0.393700787401575);
#529=VECTOR('',#2365,0.393700787401575);
#530=VECTOR('',#2368,0.393700787401575);
#531=VECTOR('',#2369,0.393700787401575);
#532=VECTOR('',#2372,0.393700787401575);
#533=VECTOR('',#2373,0.393700787401575);
#534=VECTOR('',#2374,0.393700787401575);
#535=VECTOR('',#2377,0.393700787401575);
#536=VECTOR('',#2378,0.393700787401575);
#537=VECTOR('',#2381,0.393700787401575);
#538=VECTOR('',#2382,0.393700787401575);
#539=VECTOR('',#2383,0.393700787401575);
#540=VECTOR('',#2384,0.393700787401575);
#541=VECTOR('',#2387,0.393700787401575);
#542=VECTOR('',#2388,0.393700787401575);
#543=VECTOR('',#2389,0.393700787401575);
#544=VECTOR('',#2392,0.393700787401575);
#545=VECTOR('',#2393,0.393700787401575);
#546=VECTOR('',#2394,0.393700787401575);
#547=VECTOR('',#2397,0.393700787401575);
#548=VECTOR('',#2398,0.393700787401575);
#549=VECTOR('',#2401,0.393700787401575);
#550=VECTOR('',#2402,0.393700787401575);
#551=VECTOR('',#2403,0.393700787401575);
#552=VECTOR('',#2404,0.393700787401575);
#553=VECTOR('',#2407,0.393700787401575);
#554=VECTOR('',#2408,0.393700787401575);
#555=VECTOR('',#2409,0.393700787401575);
#556=VECTOR('',#2412,0.393700787401575);
#557=VECTOR('',#2413,0.393700787401575);
#558=VECTOR('',#2416,0.393700787401575);
#559=VECTOR('',#2417,0.393700787401575);
#560=VECTOR('',#2420,0.393700787401575);
#561=VECTOR('',#2425,0.393700787401575);
#562=VECTOR('',#2426,0.393700787401575);
#563=VECTOR('',#2427,0.393700787401575);
#564=VECTOR('',#2428,0.393700787401575);
#565=VECTOR('',#2431,0.393700787401575);
#566=VECTOR('',#2432,0.393700787401575);
#567=VECTOR('',#2433,0.393700787401575);
#568=VECTOR('',#2434,0.393700787401575);
#569=VECTOR('',#2437,0.393700787401575);
#570=VECTOR('',#2438,0.393700787401575);
#571=VECTOR('',#2439,0.393700787401575);
#572=VECTOR('',#2442,0.393700787401575);
#573=VECTOR('',#2443,0.393700787401575);
#574=VECTOR('',#2444,0.393700787401575);
#575=VECTOR('',#2447,0.393700787401575);
#576=VECTOR('',#2448,0.393700787401575);
#577=VECTOR('',#2449,0.393700787401575);
#578=VECTOR('',#2452,0.393700787401575);
#579=VECTOR('',#2453,0.393700787401575);
#580=VECTOR('',#2456,0.393700787401575);
#581=VECTOR('',#2457,0.393700787401575);
#582=VECTOR('',#2458,0.393700787401575);
#583=VECTOR('',#2461,0.393700787401575);
#584=VECTOR('',#2462,0.393700787401575);
#585=VECTOR('',#2465,0.393700787401575);
#586=VECTOR('',#2466,0.393700787401575);
#587=VECTOR('',#2467,0.393700787401575);
#588=VECTOR('',#2468,0.393700787401575);
#589=VECTOR('',#2471,0.393700787401575);
#590=VECTOR('',#2472,0.393700787401575);
#591=VECTOR('',#2473,0.393700787401575);
#592=VECTOR('',#2476,0.393700787401575);
#593=VECTOR('',#2477,0.393700787401575);
#594=VECTOR('',#2478,0.393700787401575);
#595=VECTOR('',#2481,0.393700787401575);
#596=VECTOR('',#2482,0.393700787401575);
#597=VECTOR('',#2485,0.393700787401575);
#598=VECTOR('',#2486,0.393700787401575);
#599=VECTOR('',#2487,0.393700787401575);
#600=VECTOR('',#2488,0.393700787401575);
#601=VECTOR('',#2491,0.393700787401575);
#602=VECTOR('',#2492,0.393700787401575);
#603=VECTOR('',#2493,0.393700787401575);
#604=VECTOR('',#2496,0.393700787401575);
#605=VECTOR('',#2497,0.393700787401575);
#606=VECTOR('',#2500,0.393700787401575);
#607=VECTOR('',#2501,0.393700787401575);
#608=VECTOR('',#2504,0.393700787401575);
#609=CYLINDRICAL_SURFACE('',#1919,0.25);
#610=CYLINDRICAL_SURFACE('',#1925,0.25);
#611=CYLINDRICAL_SURFACE('',#1927,0.25);
#612=CYLINDRICAL_SURFACE('',#1929,0.25);
#613=CYLINDRICAL_SURFACE('',#1930,0.25);
#614=CYLINDRICAL_SURFACE('',#1939,0.177165354330709);
#615=CYLINDRICAL_SURFACE('',#1941,0.078740157480315);
#616=CYLINDRICAL_SURFACE('',#1943,0.078740157480315);
#617=CYLINDRICAL_SURFACE('',#1955,0.25);
#618=CYLINDRICAL_SURFACE('',#1976,0.25);
#619=FACE_OUTER_BOUND('',#717,.T.);
#620=FACE_OUTER_BOUND('',#718,.T.);
#621=FACE_OUTER_BOUND('',#719,.T.);
#622=FACE_OUTER_BOUND('',#720,.T.);
#623=FACE_OUTER_BOUND('',#721,.T.);
#624=FACE_OUTER_BOUND('',#722,.T.);
#625=FACE_OUTER_BOUND('',#723,.T.);
#626=FACE_OUTER_BOUND('',#724,.T.);
#627=FACE_OUTER_BOUND('',#725,.T.);
#628=FACE_OUTER_BOUND('',#726,.T.);
#629=FACE_OUTER_BOUND('',#730,.T.);
#630=FACE_OUTER_BOUND('',#731,.T.);
#631=FACE_OUTER_BOUND('',#732,.T.);
#632=FACE_OUTER_BOUND('',#733,.T.);
#633=FACE_OUTER_BOUND('',#734,.T.);
#634=FACE_OUTER_BOUND('',#738,.T.);
#635=FACE_OUTER_BOUND('',#739,.T.);
#636=FACE_OUTER_BOUND('',#740,.T.);
#637=FACE_OUTER_BOUND('',#741,.T.);
#638=FACE_OUTER_BOUND('',#742,.T.);
#639=FACE_OUTER_BOUND('',#743,.T.);
#640=FACE_OUTER_BOUND('',#744,.T.);
#641=FACE_OUTER_BOUND('',#745,.T.);
#642=FACE_OUTER_BOUND('',#746,.T.);
#643=FACE_OUTER_BOUND('',#747,.T.);
#644=FACE_OUTER_BOUND('',#748,.T.);
#645=FACE_OUTER_BOUND('',#749,.T.);
#646=FACE_OUTER_BOUND('',#750,.T.);
#647=FACE_OUTER_BOUND('',#751,.T.);
#648=FACE_OUTER_BOUND('',#752,.T.);
#649=FACE_OUTER_BOUND('',#754,.T.);
#650=FACE_OUTER_BOUND('',#755,.T.);
#651=FACE_OUTER_BOUND('',#756,.T.);
#652=FACE_OUTER_BOUND('',#758,.T.);
#653=FACE_OUTER_BOUND('',#759,.T.);
#654=FACE_OUTER_BOUND('',#760,.T.);
#655=FACE_OUTER_BOUND('',#761,.T.);
#656=FACE_OUTER_BOUND('',#762,.T.);
#657=FACE_OUTER_BOUND('',#764,.T.);
#658=FACE_OUTER_BOUND('',#765,.T.);
#659=FACE_OUTER_BOUND('',#766,.T.);
#660=FACE_OUTER_BOUND('',#768,.T.);
#661=FACE_OUTER_BOUND('',#769,.T.);
#662=FACE_OUTER_BOUND('',#771,.T.);
#663=FACE_OUTER_BOUND('',#772,.T.);
#664=FACE_OUTER_BOUND('',#773,.T.);
#665=FACE_OUTER_BOUND('',#774,.T.);
#666=FACE_OUTER_BOUND('',#775,.T.);
#667=FACE_OUTER_BOUND('',#776,.T.);
#668=FACE_OUTER_BOUND('',#777,.T.);
#669=FACE_OUTER_BOUND('',#778,.T.);
#670=FACE_OUTER_BOUND('',#779,.T.);
#671=FACE_OUTER_BOUND('',#780,.T.);
#672=FACE_OUTER_BOUND('',#781,.T.);
#673=FACE_OUTER_BOUND('',#783,.T.);
#674=FACE_OUTER_BOUND('',#784,.T.);
#675=FACE_OUTER_BOUND('',#786,.T.);
#676=FACE_OUTER_BOUND('',#787,.T.);
#677=FACE_OUTER_BOUND('',#789,.T.);
#678=FACE_OUTER_BOUND('',#790,.T.);
#679=FACE_OUTER_BOUND('',#791,.T.);
#680=FACE_OUTER_BOUND('',#793,.T.);
#681=FACE_OUTER_BOUND('',#795,.T.);
#682=FACE_OUTER_BOUND('',#796,.T.);
#683=FACE_OUTER_BOUND('',#797,.T.);
#684=FACE_OUTER_BOUND('',#798,.T.);
#685=FACE_OUTER_BOUND('',#799,.T.);
#686=FACE_OUTER_BOUND('',#800,.T.);
#687=FACE_OUTER_BOUND('',#801,.T.);
#688=FACE_OUTER_BOUND('',#802,.T.);
#689=FACE_OUTER_BOUND('',#803,.T.);
#690=FACE_OUTER_BOUND('',#805,.T.);
#691=FACE_OUTER_BOUND('',#806,.T.);
#692=FACE_OUTER_BOUND('',#808,.T.);
#693=FACE_OUTER_BOUND('',#809,.T.);
#694=FACE_OUTER_BOUND('',#810,.T.);
#695=FACE_OUTER_BOUND('',#812,.T.);
#696=FACE_OUTER_BOUND('',#814,.T.);
#697=FACE_OUTER_BOUND('',#815,.T.);
#698=FACE_OUTER_BOUND('',#817,.T.);
#699=FACE_OUTER_BOUND('',#819,.T.);
#700=FACE_OUTER_BOUND('',#820,.T.);
#701=FACE_OUTER_BOUND('',#821,.T.);
#702=FACE_OUTER_BOUND('',#822,.T.);
#703=FACE_OUTER_BOUND('',#823,.T.);
#704=FACE_OUTER_BOUND('',#824,.T.);
#705=FACE_OUTER_BOUND('',#825,.T.);
#706=FACE_OUTER_BOUND('',#826,.T.);
#707=FACE_OUTER_BOUND('',#827,.T.);
#708=FACE_OUTER_BOUND('',#829,.T.);
#709=FACE_OUTER_BOUND('',#830,.T.);
#710=FACE_OUTER_BOUND('',#832,.T.);
#711=FACE_OUTER_BOUND('',#833,.T.);
#712=FACE_OUTER_BOUND('',#834,.T.);
#713=FACE_OUTER_BOUND('',#836,.T.);
#714=FACE_OUTER_BOUND('',#838,.T.);
#715=FACE_OUTER_BOUND('',#839,.T.);
#716=FACE_OUTER_BOUND('',#841,.T.);
#717=EDGE_LOOP('',(#1285,#1286,#1287));
#718=EDGE_LOOP('',(#1288,#1289,#1290,#1291));
#719=EDGE_LOOP('',(#1292,#1293,#1294));
#720=EDGE_LOOP('',(#1295,#1296,#1297,#1298));
#721=EDGE_LOOP('',(#1299,#1300,#1301,#1302,#1303,#1304));
#722=EDGE_LOOP('',(#1305,#1306,#1307,#1308));
#723=EDGE_LOOP('',(#1309,#1310,#1311,#1312,#1313,#1314));
#724=EDGE_LOOP('',(#1315,#1316,#1317,#1318));
#725=EDGE_LOOP('',(#1319,#1320,#1321,#1322,#1323,#1324));
#726=EDGE_LOOP('',(#1325,#1326,#1327,#1328));
#727=EDGE_LOOP('',(#1329));
#728=EDGE_LOOP('',(#1330));
#729=EDGE_LOOP('',(#1331));
#730=EDGE_LOOP('',(#1332,#1333,#1334,#1335));
#731=EDGE_LOOP('',(#1336,#1337,#1338,#1339));
#732=EDGE_LOOP('',(#1340,#1341,#1342,#1343));
#733=EDGE_LOOP('',(#1344,#1345,#1346,#1347));
#734=EDGE_LOOP('',(#1348,#1349,#1350,#1351));
#735=EDGE_LOOP('',(#1352));
#736=EDGE_LOOP('',(#1353));
#737=EDGE_LOOP('',(#1354));
#738=EDGE_LOOP('',(#1355,#1356,#1357,#1358));
#739=EDGE_LOOP('',(#1359,#1360,#1361,#1362,#1363,#1364));
#740=EDGE_LOOP('',(#1365,#1366,#1367,#1368));
#741=EDGE_LOOP('',(#1369,#1370,#1371,#1372,#1373,#1374));
#742=EDGE_LOOP('',(#1375,#1376,#1377,#1378));
#743=EDGE_LOOP('',(#1379,#1380,#1381,#1382,#1383,#1384));
#744=EDGE_LOOP('',(#1385,#1386,#1387,#1388));
#745=EDGE_LOOP('',(#1389,#1390,#1391,#1392));
#746=EDGE_LOOP('',(#1393,#1394,#1395,#1396));
#747=EDGE_LOOP('',(#1397,#1398,#1399,#1400,#1401,#1402));
#748=EDGE_LOOP('',(#1403,#1404,#1405,#1406,#1407));
#749=EDGE_LOOP('',(#1408,#1409,#1410,#1411));
#750=EDGE_LOOP('',(#1412,#1413,#1414,#1415));
#751=EDGE_LOOP('',(#1416,#1417,#1418,#1419));
#752=EDGE_LOOP('',(#1420,#1421,#1422,#1423));
#753=EDGE_LOOP('',(#1424,#1425,#1426,#1427));
#754=EDGE_LOOP('',(#1428,#1429,#1430,#1431));
#755=EDGE_LOOP('',(#1432,#1433,#1434,#1435));
#756=EDGE_LOOP('',(#1436,#1437,#1438,#1439));
#757=EDGE_LOOP('',(#1440,#1441,#1442,#1443));
#758=EDGE_LOOP('',(#1444,#1445,#1446,#1447));
#759=EDGE_LOOP('',(#1448,#1449,#1450,#1451));
#760=EDGE_LOOP('',(#1452,#1453,#1454,#1455));
#761=EDGE_LOOP('',(#1456,#1457,#1458,#1459));
#762=EDGE_LOOP('',(#1460,#1461,#1462,#1463));
#763=EDGE_LOOP('',(#1464,#1465,#1466,#1467));
#764=EDGE_LOOP('',(#1468,#1469,#1470,#1471));
#765=EDGE_LOOP('',(#1472,#1473,#1474,#1475,#1476));
#766=EDGE_LOOP('',(#1477,#1478,#1479,#1480));
#767=EDGE_LOOP('',(#1481,#1482,#1483,#1484));
#768=EDGE_LOOP('',(#1485,#1486,#1487,#1488,#1489,#1490,#1491,#1492));
#769=EDGE_LOOP('',(#1493,#1494,#1495,#1496));
#770=EDGE_LOOP('',(#1497,#1498,#1499,#1500));
#771=EDGE_LOOP('',(#1501,#1502,#1503,#1504,#1505,#1506));
#772=EDGE_LOOP('',(#1507,#1508,#1509,#1510,#1511));
#773=EDGE_LOOP('',(#1512,#1513,#1514,#1515));
#774=EDGE_LOOP('',(#1516,#1517,#1518,#1519));
#775=EDGE_LOOP('',(#1520,#1521,#1522,#1523));
#776=EDGE_LOOP('',(#1524,#1525,#1526,#1527));
#777=EDGE_LOOP('',(#1528,#1529,#1530,#1531));
#778=EDGE_LOOP('',(#1532,#1533,#1534,#1535));
#779=EDGE_LOOP('',(#1536,#1537,#1538,#1539));
#780=EDGE_LOOP('',(#1540,#1541,#1542,#1543));
#781=EDGE_LOOP('',(#1544,#1545,#1546,#1547));
#782=EDGE_LOOP('',(#1548,#1549,#1550,#1551));
#783=EDGE_LOOP('',(#1552,#1553,#1554,#1555));
#784=EDGE_LOOP('',(#1556,#1557,#1558,#1559));
#785=EDGE_LOOP('',(#1560,#1561,#1562,#1563));
#786=EDGE_LOOP('',(#1564,#1565,#1566,#1567));
#787=EDGE_LOOP('',(#1568,#1569,#1570,#1571));
#788=EDGE_LOOP('',(#1572,#1573,#1574,#1575));
#789=EDGE_LOOP('',(#1576,#1577,#1578,#1579,#1580,#1581,#1582,#1583));
#790=EDGE_LOOP('',(#1584,#1585,#1586,#1587,#1588));
#791=EDGE_LOOP('',(#1589,#1590,#1591,#1592));
#792=EDGE_LOOP('',(#1593,#1594,#1595,#1596));
#793=EDGE_LOOP('',(#1597,#1598,#1599,#1600));
#794=EDGE_LOOP('',(#1601,#1602,#1603,#1604));
#795=EDGE_LOOP('',(#1605,#1606,#1607,#1608));
#796=EDGE_LOOP('',(#1609,#1610,#1611,#1612));
#797=EDGE_LOOP('',(#1613,#1614,#1615,#1616));
#798=EDGE_LOOP('',(#1617,#1618,#1619,#1620));
#799=EDGE_LOOP('',(#1621,#1622,#1623,#1624));
#800=EDGE_LOOP('',(#1625,#1626,#1627,#1628));
#801=EDGE_LOOP('',(#1629,#1630,#1631,#1632));
#802=EDGE_LOOP('',(#1633,#1634,#1635,#1636));
#803=EDGE_LOOP('',(#1637,#1638,#1639,#1640));
#804=EDGE_LOOP('',(#1641,#1642,#1643,#1644));
#805=EDGE_LOOP('',(#1645,#1646,#1647,#1648));
#806=EDGE_LOOP('',(#1649,#1650,#1651,#1652));
#807=EDGE_LOOP('',(#1653,#1654,#1655,#1656));
#808=EDGE_LOOP('',(#1657,#1658,#1659,#1660));
#809=EDGE_LOOP('',(#1661,#1662,#1663,#1664));
#810=EDGE_LOOP('',(#1665,#1666,#1667,#1668));
#811=EDGE_LOOP('',(#1669,#1670,#1671,#1672));
#812=EDGE_LOOP('',(#1673,#1674,#1675,#1676));
#813=EDGE_LOOP('',(#1677,#1678,#1679,#1680));
#814=EDGE_LOOP('',(#1681,#1682,#1683,#1684));
#815=EDGE_LOOP('',(#1685,#1686,#1687,#1688));
#816=EDGE_LOOP('',(#1689,#1690,#1691,#1692));
#817=EDGE_LOOP('',(#1693,#1694,#1695,#1696));
#818=EDGE_LOOP('',(#1697,#1698,#1699,#1700));
#819=EDGE_LOOP('',(#1701,#1702,#1703,#1704));
#820=EDGE_LOOP('',(#1705,#1706,#1707,#1708));
#821=EDGE_LOOP('',(#1709,#1710,#1711,#1712));
#822=EDGE_LOOP('',(#1713,#1714,#1715,#1716));
#823=EDGE_LOOP('',(#1717,#1718,#1719,#1720));
#824=EDGE_LOOP('',(#1721,#1722,#1723,#1724));
#825=EDGE_LOOP('',(#1725,#1726,#1727,#1728));
#826=EDGE_LOOP('',(#1729,#1730,#1731,#1732));
#827=EDGE_LOOP('',(#1733,#1734,#1735,#1736));
#828=EDGE_LOOP('',(#1737,#1738,#1739,#1740));
#829=EDGE_LOOP('',(#1741,#1742,#1743,#1744));
#830=EDGE_LOOP('',(#1745,#1746,#1747,#1748));
#831=EDGE_LOOP('',(#1749,#1750,#1751,#1752));
#832=EDGE_LOOP('',(#1753,#1754,#1755,#1756));
#833=EDGE_LOOP('',(#1757,#1758,#1759,#1760));
#834=EDGE_LOOP('',(#1761,#1762,#1763,#1764));
#835=EDGE_LOOP('',(#1765,#1766,#1767,#1768));
#836=EDGE_LOOP('',(#1769,#1770,#1771,#1772));
#837=EDGE_LOOP('',(#1773,#1774,#1775,#1776));
#838=EDGE_LOOP('',(#1777,#1778,#1779,#1780));
#839=EDGE_LOOP('',(#1781,#1782,#1783,#1784));
#840=EDGE_LOOP('',(#1785,#1786,#1787,#1788));
#841=EDGE_LOOP('',(#1789,#1790,#1791,#1792));
#842=EDGE_LOOP('',(#1793,#1794,#1795,#1796));
#843=CIRCLE('',#1916,0.25);
#844=CIRCLE('',#1917,0.25);
#845=CIRCLE('',#1918,0.25);
#846=CIRCLE('',#1920,0.25);
#847=CIRCLE('',#1922,0.25);
#848=CIRCLE('',#1923,0.25);
#849=CIRCLE('',#1924,0.25);
#850=CIRCLE('',#1926,0.25);
#851=CIRCLE('',#1928,0.25);
#852=CIRCLE('',#1931,0.25);
#853=CIRCLE('',#1935,0.177165354330709);
#854=CIRCLE('',#1936,0.078740157480315);
#855=CIRCLE('',#1937,0.078740157480315);
#856=CIRCLE('',#1940,0.177165354330709);
#857=CIRCLE('',#1942,0.078740157480315);
#858=CIRCLE('',#1944,0.078740157480315);
#859=CIRCLE('',#1956,0.25);
#860=CIRCLE('',#1957,0.25);
#861=CIRCLE('',#1977,0.25);
#862=CIRCLE('',#1978,0.25);
#863=VERTEX_POINT('',#2509);
#864=VERTEX_POINT('',#2510);
#865=VERTEX_POINT('',#2512);
#866=VERTEX_POINT('',#2516);
#867=VERTEX_POINT('',#2517);
#868=VERTEX_POINT('',#2522);
#869=VERTEX_POINT('',#2523);
#870=VERTEX_POINT('',#2525);
#871=VERTEX_POINT('',#2529);
#872=VERTEX_POINT('',#2530);
#873=VERTEX_POINT('',#2535);
#874=VERTEX_POINT('',#2536);
#875=VERTEX_POINT('',#2538);
#876=VERTEX_POINT('',#2540);
#877=VERTEX_POINT('',#2548);
#878=VERTEX_POINT('',#2549);
#879=VERTEX_POINT('',#2552);
#880=VERTEX_POINT('',#2554);
#881=VERTEX_POINT('',#2558);
#882=VERTEX_POINT('',#2563);
#883=VERTEX_POINT('',#2568);
#884=VERTEX_POINT('',#2570);
#885=VERTEX_POINT('',#2572);
#886=VERTEX_POINT('',#2577);
#887=VERTEX_POINT('',#2581);
#888=VERTEX_POINT('',#2585);
#889=VERTEX_POINT('',#2589);
#890=VERTEX_POINT('',#2590);
#891=VERTEX_POINT('',#2592);
#892=VERTEX_POINT('',#2594);
#893=VERTEX_POINT('',#2604);
#894=VERTEX_POINT('',#2605);
#895=VERTEX_POINT('',#2607);
#896=VERTEX_POINT('',#2609);
#897=VERTEX_POINT('',#2623);
#898=VERTEX_POINT('',#2624);
#899=VERTEX_POINT('',#2626);
#900=VERTEX_POINT('',#2628);
#901=VERTEX_POINT('',#2630);
#902=VERTEX_POINT('',#2632);
#903=VERTEX_POINT('',#2636);
#904=VERTEX_POINT('',#2638);
#905=VERTEX_POINT('',#2640);
#906=VERTEX_POINT('',#2644);
#907=VERTEX_POINT('',#2645);
#908=VERTEX_POINT('',#2647);
#909=VERTEX_POINT('',#2649);
#910=VERTEX_POINT('',#2653);
#911=VERTEX_POINT('',#2654);
#912=VERTEX_POINT('',#2656);
#913=VERTEX_POINT('',#2658);
#914=VERTEX_POINT('',#2662);
#915=VERTEX_POINT('',#2664);
#916=VERTEX_POINT('',#2668);
#917=VERTEX_POINT('',#2669);
#918=VERTEX_POINT('',#2673);
#919=VERTEX_POINT('',#2677);
#920=VERTEX_POINT('',#2681);
#921=VERTEX_POINT('',#2683);
#922=VERTEX_POINT('',#2687);
#923=VERTEX_POINT('',#2688);
#924=VERTEX_POINT('',#2692);
#925=VERTEX_POINT('',#2696);
#926=VERTEX_POINT('',#2704);
#927=VERTEX_POINT('',#2706);
#928=VERTEX_POINT('',#2710);
#929=VERTEX_POINT('',#2712);
#930=VERTEX_POINT('',#2720);
#931=VERTEX_POINT('',#2728);
#932=VERTEX_POINT('',#2729);
#933=VERTEX_POINT('',#2731);
#934=VERTEX_POINT('',#2733);
#935=VERTEX_POINT('',#2735);
#936=VERTEX_POINT('',#2737);
#937=VERTEX_POINT('',#2741);
#938=VERTEX_POINT('',#2743);
#939=VERTEX_POINT('',#2745);
#940=VERTEX_POINT('',#2749);
#941=VERTEX_POINT('',#2750);
#942=VERTEX_POINT('',#2752);
#943=VERTEX_POINT('',#2754);
#944=VERTEX_POINT('',#2758);
#945=VERTEX_POINT('',#2759);
#946=VERTEX_POINT('',#2761);
#947=VERTEX_POINT('',#2763);
#948=VERTEX_POINT('',#2767);
#949=VERTEX_POINT('',#2769);
#950=VERTEX_POINT('',#2773);
#951=VERTEX_POINT('',#2775);
#952=VERTEX_POINT('',#2779);
#953=VERTEX_POINT('',#2781);
#954=VERTEX_POINT('',#2788);
#955=VERTEX_POINT('',#2790);
#956=VERTEX_POINT('',#2797);
#957=VERTEX_POINT('',#2799);
#958=VERTEX_POINT('',#2803);
#959=VERTEX_POINT('',#2805);
#960=VERTEX_POINT('',#2809);
#961=VERTEX_POINT('',#2811);
#962=VERTEX_POINT('',#2818);
#963=VERTEX_POINT('',#2820);
#964=VERTEX_POINT('',#2826);
#965=VERTEX_POINT('',#2833);
#966=VERTEX_POINT('',#2834);
#967=VERTEX_POINT('',#2836);
#968=VERTEX_POINT('',#2838);
#969=VERTEX_POINT('',#2842);
#970=VERTEX_POINT('',#2843);
#971=VERTEX_POINT('',#2845);
#972=VERTEX_POINT('',#2847);
#973=VERTEX_POINT('',#2851);
#974=VERTEX_POINT('',#2853);
#975=VERTEX_POINT('',#2857);
#976=VERTEX_POINT('',#2859);
#977=VERTEX_POINT('',#2863);
#978=VERTEX_POINT('',#2865);
#979=VERTEX_POINT('',#2872);
#980=VERTEX_POINT('',#2874);
#981=VERTEX_POINT('',#2881);
#982=VERTEX_POINT('',#2882);
#983=VERTEX_POINT('',#2884);
#984=VERTEX_POINT('',#2886);
#985=VERTEX_POINT('',#2890);
#986=VERTEX_POINT('',#2892);
#987=VERTEX_POINT('',#2896);
#988=VERTEX_POINT('',#2898);
#989=VERTEX_POINT('',#2905);
#990=VERTEX_POINT('',#2906);
#991=VERTEX_POINT('',#2908);
#992=VERTEX_POINT('',#2910);
#993=VERTEX_POINT('',#2914);
#994=VERTEX_POINT('',#2916);
#995=VERTEX_POINT('',#2920);
#996=VERTEX_POINT('',#2924);
#997=VERTEX_POINT('',#2931);
#998=VERTEX_POINT('',#2932);
#999=VERTEX_POINT('',#2934);
#1000=VERTEX_POINT('',#2936);
#1001=VERTEX_POINT('',#2940);
#1002=VERTEX_POINT('',#2941);
#1003=VERTEX_POINT('',#2943);
#1004=VERTEX_POINT('',#2945);
#1005=VERTEX_POINT('',#2949);
#1006=VERTEX_POINT('',#2951);
#1007=VERTEX_POINT('',#2955);
#1008=VERTEX_POINT('',#2957);
#1009=VERTEX_POINT('',#2961);
#1010=VERTEX_POINT('',#2963);
#1011=VERTEX_POINT('',#2970);
#1012=VERTEX_POINT('',#2972);
#1013=VERTEX_POINT('',#2979);
#1014=VERTEX_POINT('',#2980);
#1015=VERTEX_POINT('',#2982);
#1016=VERTEX_POINT('',#2984);
#1017=VERTEX_POINT('',#2988);
#1018=VERTEX_POINT('',#2990);
#1019=VERTEX_POINT('',#2994);
#1020=VERTEX_POINT('',#2996);
#1021=VERTEX_POINT('',#3003);
#1022=VERTEX_POINT('',#3004);
#1023=VERTEX_POINT('',#3006);
#1024=VERTEX_POINT('',#3008);
#1025=VERTEX_POINT('',#3012);
#1026=VERTEX_POINT('',#3014);
#1027=VERTEX_POINT('',#3018);
#1028=VERTEX_POINT('',#3022);
#1029=EDGE_CURVE('',#863,#864,#843,.F.);
#1030=EDGE_CURVE('',#865,#863,#844,.F.);
#1031=EDGE_CURVE('',#864,#865,#845,.F.);
#1032=EDGE_CURVE('',#866,#867,#846,.T.);
#1033=EDGE_CURVE('',#867,#865,#137,.T.);
#1034=EDGE_CURVE('',#863,#866,#138,.T.);
#1035=EDGE_CURVE('',#868,#869,#847,.F.);
#1036=EDGE_CURVE('',#870,#868,#848,.F.);
#1037=EDGE_CURVE('',#869,#870,#849,.F.);
#1038=EDGE_CURVE('',#871,#872,#850,.T.);
#1039=EDGE_CURVE('',#872,#870,#139,.T.);
#1040=EDGE_CURVE('',#868,#871,#140,.T.);
#1041=EDGE_CURVE('',#873,#874,#851,.T.);
#1042=EDGE_CURVE('',#874,#875,#141,.T.);
#1043=EDGE_CURVE('',#875,#876,#142,.T.);
#1044=EDGE_CURVE('',#876,#869,#143,.T.);
#1045=EDGE_CURVE('',#870,#873,#144,.T.);
#1046=EDGE_CURVE('',#869,#864,#145,.T.);
#1047=EDGE_CURVE('',#865,#868,#146,.T.);
#1048=EDGE_CURVE('',#877,#878,#852,.T.);
#1049=EDGE_CURVE('',#878,#863,#147,.T.);
#1050=EDGE_CURVE('',#864,#879,#148,.T.);
#1051=EDGE_CURVE('',#879,#880,#149,.T.);
#1052=EDGE_CURVE('',#880,#877,#150,.T.);
#1053=EDGE_CURVE('',#881,#878,#151,.T.);
#1054=EDGE_CURVE('',#881,#866,#152,.T.);
#1055=EDGE_CURVE('',#874,#877,#153,.T.);
#1056=EDGE_CURVE('',#882,#873,#154,.T.);
#1057=EDGE_CURVE('',#882,#881,#155,.T.);
#1058=EDGE_CURVE('',#876,#879,#156,.T.);
#1059=EDGE_CURVE('',#883,#883,#853,.T.);
#1060=EDGE_CURVE('',#884,#884,#854,.T.);
#1061=EDGE_CURVE('',#885,#885,#855,.T.);
#1062=EDGE_CURVE('',#880,#875,#157,.T.);
#1063=EDGE_CURVE('',#883,#886,#158,.T.);
#1064=EDGE_CURVE('',#886,#886,#856,.T.);
#1065=EDGE_CURVE('',#884,#887,#159,.T.);
#1066=EDGE_CURVE('',#887,#887,#857,.T.);
#1067=EDGE_CURVE('',#885,#888,#160,.T.);
#1068=EDGE_CURVE('',#888,#888,#858,.T.);
#1069=EDGE_CURVE('',#889,#890,#161,.T.);
#1070=EDGE_CURVE('',#891,#889,#162,.T.);
#1071=EDGE_CURVE('',#892,#891,#163,.T.);
#1072=EDGE_CURVE('',#890,#892,#164,.T.);
#1073=EDGE_CURVE('',#879,#890,#165,.T.);
#1074=EDGE_CURVE('',#876,#889,#166,.T.);
#1075=EDGE_CURVE('',#882,#872,#167,.T.);
#1076=EDGE_CURVE('',#867,#871,#168,.T.);
#1077=EDGE_CURVE('',#893,#894,#169,.T.);
#1078=EDGE_CURVE('',#895,#893,#170,.T.);
#1079=EDGE_CURVE('',#896,#895,#171,.T.);
#1080=EDGE_CURVE('',#896,#894,#172,.T.);
#1081=EDGE_CURVE('',#892,#896,#173,.T.);
#1082=EDGE_CURVE('',#880,#895,#174,.T.);
#1083=EDGE_CURVE('',#875,#893,#175,.T.);
#1084=EDGE_CURVE('',#894,#891,#176,.T.);
#1085=EDGE_CURVE('',#897,#898,#859,.T.);
#1086=EDGE_CURVE('',#898,#899,#177,.T.);
#1087=EDGE_CURVE('',#899,#900,#860,.T.);
#1088=EDGE_CURVE('',#900,#901,#178,.T.);
#1089=EDGE_CURVE('',#901,#902,#179,.T.);
#1090=EDGE_CURVE('',#902,#897,#180,.T.);
#1091=EDGE_CURVE('',#899,#903,#181,.T.);
#1092=EDGE_CURVE('',#903,#904,#182,.T.);
#1093=EDGE_CURVE('',#904,#905,#183,.T.);
#1094=EDGE_CURVE('',#905,#900,#184,.T.);
#1095=EDGE_CURVE('',#906,#907,#185,.T.);
#1096=EDGE_CURVE('',#908,#906,#186,.T.);
#1097=EDGE_CURVE('',#909,#908,#187,.T.);
#1098=EDGE_CURVE('',#909,#907,#188,.T.);
#1099=EDGE_CURVE('',#910,#911,#189,.T.);
#1100=EDGE_CURVE('',#912,#910,#190,.T.);
#1101=EDGE_CURVE('',#913,#912,#191,.T.);
#1102=EDGE_CURVE('',#913,#911,#192,.T.);
#1103=EDGE_CURVE('',#914,#913,#193,.T.);
#1104=EDGE_CURVE('',#915,#914,#194,.T.);
#1105=EDGE_CURVE('',#911,#915,#195,.T.);
#1106=EDGE_CURVE('',#916,#917,#196,.T.);
#1107=EDGE_CURVE('',#916,#905,#197,.T.);
#1108=EDGE_CURVE('',#917,#904,#198,.T.);
#1109=EDGE_CURVE('',#912,#918,#199,.T.);
#1110=EDGE_CURVE('',#918,#914,#200,.T.);
#1111=EDGE_CURVE('',#919,#910,#201,.T.);
#1112=EDGE_CURVE('',#919,#918,#202,.T.);
#1113=EDGE_CURVE('',#920,#909,#203,.T.);
#1114=EDGE_CURVE('',#921,#920,#204,.T.);
#1115=EDGE_CURVE('',#907,#921,#205,.T.);
#1116=EDGE_CURVE('',#922,#923,#206,.T.);
#1117=EDGE_CURVE('',#902,#922,#207,.T.);
#1118=EDGE_CURVE('',#901,#923,#208,.T.);
#1119=EDGE_CURVE('',#908,#924,#209,.T.);
#1120=EDGE_CURVE('',#924,#920,#210,.T.);
#1121=EDGE_CURVE('',#925,#906,#211,.T.);
#1122=EDGE_CURVE('',#925,#924,#212,.T.);
#1123=EDGE_CURVE('',#915,#919,#213,.T.);
#1124=EDGE_CURVE('',#921,#925,#214,.T.);
#1125=EDGE_CURVE('',#923,#926,#215,.T.);
#1126=EDGE_CURVE('',#927,#901,#216,.T.);
#1127=EDGE_CURVE('',#927,#926,#217,.T.);
#1128=EDGE_CURVE('',#926,#928,#218,.T.);
#1129=EDGE_CURVE('',#929,#927,#219,.T.);
#1130=EDGE_CURVE('',#929,#928,#220,.T.);
#1131=EDGE_CURVE('',#928,#922,#221,.T.);
#1132=EDGE_CURVE('',#902,#929,#222,.T.);
#1133=EDGE_CURVE('',#916,#897,#223,.T.);
#1134=EDGE_CURVE('',#917,#930,#224,.T.);
#1135=EDGE_CURVE('',#898,#930,#225,.T.);
#1136=EDGE_CURVE('',#930,#903,#226,.T.);
#1137=EDGE_CURVE('',#931,#932,#861,.T.);
#1138=EDGE_CURVE('',#932,#933,#227,.T.);
#1139=EDGE_CURVE('',#933,#934,#862,.T.);
#1140=EDGE_CURVE('',#934,#935,#228,.T.);
#1141=EDGE_CURVE('',#935,#936,#229,.T.);
#1142=EDGE_CURVE('',#936,#931,#230,.T.);
#1143=EDGE_CURVE('',#937,#933,#231,.T.);
#1144=EDGE_CURVE('',#938,#937,#232,.T.);
#1145=EDGE_CURVE('',#938,#939,#233,.T.);
#1146=EDGE_CURVE('',#939,#934,#234,.T.);
#1147=EDGE_CURVE('',#940,#941,#235,.T.);
#1148=EDGE_CURVE('',#940,#942,#236,.T.);
#1149=EDGE_CURVE('',#943,#942,#237,.T.);
#1150=EDGE_CURVE('',#941,#943,#238,.T.);
#1151=EDGE_CURVE('',#944,#945,#239,.T.);
#1152=EDGE_CURVE('',#946,#944,#240,.T.);
#1153=EDGE_CURVE('',#947,#946,#241,.T.);
#1154=EDGE_CURVE('',#947,#945,#242,.T.);
#1155=EDGE_CURVE('',#941,#948,#243,.T.);
#1156=EDGE_CURVE('',#949,#943,#244,.T.);
#1157=EDGE_CURVE('',#948,#949,#245,.T.);
#1158=EDGE_CURVE('',#950,#940,#246,.T.);
#1159=EDGE_CURVE('',#950,#951,#247,.T.);
#1160=EDGE_CURVE('',#942,#951,#248,.T.);
#1161=EDGE_CURVE('',#945,#952,#249,.T.);
#1162=EDGE_CURVE('',#953,#947,#250,.T.);
#1163=EDGE_CURVE('',#953,#952,#251,.T.);
#1164=EDGE_CURVE('',#948,#950,#252,.T.);
#1165=EDGE_CURVE('',#951,#949,#253,.T.);
#1166=EDGE_CURVE('',#952,#954,#254,.T.);
#1167=EDGE_CURVE('',#955,#953,#255,.T.);
#1168=EDGE_CURVE('',#955,#954,#256,.T.);
#1169=EDGE_CURVE('',#954,#944,#257,.T.);
#1170=EDGE_CURVE('',#946,#955,#258,.T.);
#1171=EDGE_CURVE('',#956,#935,#259,.T.);
#1172=EDGE_CURVE('',#957,#956,#260,.T.);
#1173=EDGE_CURVE('',#957,#936,#261,.T.);
#1174=EDGE_CURVE('',#936,#958,#262,.T.);
#1175=EDGE_CURVE('',#959,#957,#263,.T.);
#1176=EDGE_CURVE('',#959,#958,#264,.T.);
#1177=EDGE_CURVE('',#958,#960,#265,.T.);
#1178=EDGE_CURVE('',#961,#959,#266,.T.);
#1179=EDGE_CURVE('',#961,#960,#267,.T.);
#1180=EDGE_CURVE('',#960,#935,#268,.T.);
#1181=EDGE_CURVE('',#956,#961,#269,.T.);
#1182=EDGE_CURVE('',#938,#962,#270,.T.);
#1183=EDGE_CURVE('',#963,#962,#271,.T.);
#1184=EDGE_CURVE('',#939,#963,#272,.T.);
#1185=EDGE_CURVE('',#931,#963,#273,.T.);
#1186=EDGE_CURVE('',#962,#964,#274,.T.);
#1187=EDGE_CURVE('',#964,#932,#275,.T.);
#1188=EDGE_CURVE('',#964,#937,#276,.T.);
#1189=EDGE_CURVE('',#965,#966,#277,.T.);
#1190=EDGE_CURVE('',#967,#965,#278,.T.);
#1191=EDGE_CURVE('',#968,#967,#279,.T.);
#1192=EDGE_CURVE('',#968,#966,#280,.T.);
#1193=EDGE_CURVE('',#969,#970,#281,.T.);
#1194=EDGE_CURVE('',#969,#971,#282,.T.);
#1195=EDGE_CURVE('',#972,#971,#283,.T.);
#1196=EDGE_CURVE('',#970,#972,#284,.T.);
#1197=EDGE_CURVE('',#973,#965,#285,.T.);
#1198=EDGE_CURVE('',#974,#973,#286,.T.);
#1199=EDGE_CURVE('',#967,#974,#287,.T.);
#1200=EDGE_CURVE('',#970,#975,#288,.T.);
#1201=EDGE_CURVE('',#976,#972,#289,.T.);
#1202=EDGE_CURVE('',#975,#976,#290,.T.);
#1203=EDGE_CURVE('',#966,#977,#291,.T.);
#1204=EDGE_CURVE('',#978,#968,#292,.T.);
#1205=EDGE_CURVE('',#978,#977,#293,.T.);
#1206=EDGE_CURVE('',#977,#973,#294,.T.);
#1207=EDGE_CURVE('',#974,#978,#295,.T.);
#1208=EDGE_CURVE('',#975,#979,#296,.T.);
#1209=EDGE_CURVE('',#980,#976,#297,.T.);
#1210=EDGE_CURVE('',#979,#980,#298,.T.);
#1211=EDGE_CURVE('',#979,#969,#299,.T.);
#1212=EDGE_CURVE('',#971,#980,#300,.T.);
#1213=EDGE_CURVE('',#981,#982,#301,.T.);
#1214=EDGE_CURVE('',#983,#981,#302,.T.);
#1215=EDGE_CURVE('',#984,#983,#303,.T.);
#1216=EDGE_CURVE('',#984,#982,#304,.T.);
#1217=EDGE_CURVE('',#982,#985,#305,.T.);
#1218=EDGE_CURVE('',#986,#984,#306,.T.);
#1219=EDGE_CURVE('',#986,#985,#307,.T.);
#1220=EDGE_CURVE('',#985,#987,#308,.T.);
#1221=EDGE_CURVE('',#988,#986,#309,.T.);
#1222=EDGE_CURVE('',#988,#987,#310,.T.);
#1223=EDGE_CURVE('',#987,#981,#311,.T.);
#1224=EDGE_CURVE('',#983,#988,#312,.T.);
#1225=EDGE_CURVE('',#989,#990,#313,.T.);
#1226=EDGE_CURVE('',#989,#991,#314,.T.);
#1227=EDGE_CURVE('',#991,#992,#315,.T.);
#1228=EDGE_CURVE('',#990,#992,#316,.T.);
#1229=EDGE_CURVE('',#989,#993,#317,.T.);
#1230=EDGE_CURVE('',#994,#993,#318,.T.);
#1231=EDGE_CURVE('',#991,#994,#319,.T.);
#1232=EDGE_CURVE('',#995,#994,#320,.T.);
#1233=EDGE_CURVE('',#992,#995,#321,.T.);
#1234=EDGE_CURVE('',#993,#996,#322,.T.);
#1235=EDGE_CURVE('',#996,#995,#323,.T.);
#1236=EDGE_CURVE('',#996,#990,#324,.T.);
#1237=EDGE_CURVE('',#997,#998,#325,.T.);
#1238=EDGE_CURVE('',#997,#999,#326,.T.);
#1239=EDGE_CURVE('',#1000,#999,#327,.T.);
#1240=EDGE_CURVE('',#998,#1000,#328,.T.);
#1241=EDGE_CURVE('',#1001,#1002,#329,.T.);
#1242=EDGE_CURVE('',#1003,#1001,#330,.T.);
#1243=EDGE_CURVE('',#1004,#1003,#331,.T.);
#1244=EDGE_CURVE('',#1004,#1002,#332,.T.);
#1245=EDGE_CURVE('',#1005,#997,#333,.T.);
#1246=EDGE_CURVE('',#1005,#1006,#334,.T.);
#1247=EDGE_CURVE('',#999,#1006,#335,.T.);
#1248=EDGE_CURVE('',#1002,#1007,#336,.T.);
#1249=EDGE_CURVE('',#1008,#1004,#337,.T.);
#1250=EDGE_CURVE('',#1008,#1007,#338,.T.);
#1251=EDGE_CURVE('',#998,#1009,#339,.T.);
#1252=EDGE_CURVE('',#1010,#1000,#340,.T.);
#1253=EDGE_CURVE('',#1009,#1010,#341,.T.);
#1254=EDGE_CURVE('',#1009,#1005,#342,.T.);
#1255=EDGE_CURVE('',#1006,#1010,#343,.T.);
#1256=EDGE_CURVE('',#1007,#1011,#344,.T.);
#1257=EDGE_CURVE('',#1012,#1008,#345,.T.);
#1258=EDGE_CURVE('',#1012,#1011,#346,.T.);
#1259=EDGE_CURVE('',#1011,#1001,#347,.T.);
#1260=EDGE_CURVE('',#1003,#1012,#348,.T.);
#1261=EDGE_CURVE('',#1013,#1014,#349,.T.);
#1262=EDGE_CURVE('',#1015,#1013,#350,.T.);
#1263=EDGE_CURVE('',#1016,#1015,#351,.T.);
#1264=EDGE_CURVE('',#1016,#1014,#352,.T.);
#1265=EDGE_CURVE('',#1014,#1017,#353,.T.);
#1266=EDGE_CURVE('',#1018,#1016,#354,.T.);
#1267=EDGE_CURVE('',#1018,#1017,#355,.T.);
#1268=EDGE_CURVE('',#1017,#1019,#356,.T.);
#1269=EDGE_CURVE('',#1020,#1018,#357,.T.);
#1270=EDGE_CURVE('',#1020,#1019,#358,.T.);
#1271=EDGE_CURVE('',#1019,#1013,#359,.T.);
#1272=EDGE_CURVE('',#1015,#1020,#360,.T.);
#1273=EDGE_CURVE('',#1021,#1022,#361,.T.);
#1274=EDGE_CURVE('',#1021,#1023,#362,.T.);
#1275=EDGE_CURVE('',#1023,#1024,#363,.T.);
#1276=EDGE_CURVE('',#1022,#1024,#364,.T.);
#1277=EDGE_CURVE('',#1021,#1025,#365,.T.);
#1278=EDGE_CURVE('',#1026,#1025,#366,.T.);
#1279=EDGE_CURVE('',#1023,#1026,#367,.T.);
#1280=EDGE_CURVE('',#1027,#1026,#368,.T.);
#1281=EDGE_CURVE('',#1024,#1027,#369,.T.);
#1282=EDGE_CURVE('',#1025,#1028,#370,.T.);
#1283=EDGE_CURVE('',#1028,#1027,#371,.T.);
#1284=EDGE_CURVE('',#1028,#1022,#372,.T.);
#1285=ORIENTED_EDGE('',*,*,#1029,.F.);
#1286=ORIENTED_EDGE('',*,*,#1030,.F.);
#1287=ORIENTED_EDGE('',*,*,#1031,.F.);
#1288=ORIENTED_EDGE('',*,*,#1032,.T.);
#1289=ORIENTED_EDGE('',*,*,#1033,.T.);
#1290=ORIENTED_EDGE('',*,*,#1030,.T.);
#1291=ORIENTED_EDGE('',*,*,#1034,.T.);
#1292=ORIENTED_EDGE('',*,*,#1035,.F.);
#1293=ORIENTED_EDGE('',*,*,#1036,.F.);
#1294=ORIENTED_EDGE('',*,*,#1037,.F.);
#1295=ORIENTED_EDGE('',*,*,#1038,.T.);
#1296=ORIENTED_EDGE('',*,*,#1039,.T.);
#1297=ORIENTED_EDGE('',*,*,#1036,.T.);
#1298=ORIENTED_EDGE('',*,*,#1040,.T.);
#1299=ORIENTED_EDGE('',*,*,#1041,.T.);
#1300=ORIENTED_EDGE('',*,*,#1042,.T.);
#1301=ORIENTED_EDGE('',*,*,#1043,.T.);
#1302=ORIENTED_EDGE('',*,*,#1044,.T.);
#1303=ORIENTED_EDGE('',*,*,#1037,.T.);
#1304=ORIENTED_EDGE('',*,*,#1045,.T.);
#1305=ORIENTED_EDGE('',*,*,#1035,.T.);
#1306=ORIENTED_EDGE('',*,*,#1046,.T.);
#1307=ORIENTED_EDGE('',*,*,#1031,.T.);
#1308=ORIENTED_EDGE('',*,*,#1047,.T.);
#1309=ORIENTED_EDGE('',*,*,#1048,.T.);
#1310=ORIENTED_EDGE('',*,*,#1049,.T.);
#1311=ORIENTED_EDGE('',*,*,#1029,.T.);
#1312=ORIENTED_EDGE('',*,*,#1050,.T.);
#1313=ORIENTED_EDGE('',*,*,#1051,.T.);
#1314=ORIENTED_EDGE('',*,*,#1052,.T.);
#1315=ORIENTED_EDGE('',*,*,#1034,.F.);
#1316=ORIENTED_EDGE('',*,*,#1049,.F.);
#1317=ORIENTED_EDGE('',*,*,#1053,.F.);
#1318=ORIENTED_EDGE('',*,*,#1054,.T.);
#1319=ORIENTED_EDGE('',*,*,#1048,.F.);
#1320=ORIENTED_EDGE('',*,*,#1055,.F.);
#1321=ORIENTED_EDGE('',*,*,#1041,.F.);
#1322=ORIENTED_EDGE('',*,*,#1056,.F.);
#1323=ORIENTED_EDGE('',*,*,#1057,.T.);
#1324=ORIENTED_EDGE('',*,*,#1053,.T.);
#1325=ORIENTED_EDGE('',*,*,#1050,.F.);
#1326=ORIENTED_EDGE('',*,*,#1046,.F.);
#1327=ORIENTED_EDGE('',*,*,#1044,.F.);
#1328=ORIENTED_EDGE('',*,*,#1058,.T.);
#1329=ORIENTED_EDGE('',*,*,#1059,.T.);
#1330=ORIENTED_EDGE('',*,*,#1060,.T.);
#1331=ORIENTED_EDGE('',*,*,#1061,.T.);
#1332=ORIENTED_EDGE('',*,*,#1052,.F.);
#1333=ORIENTED_EDGE('',*,*,#1062,.T.);
#1334=ORIENTED_EDGE('',*,*,#1042,.F.);
#1335=ORIENTED_EDGE('',*,*,#1055,.T.);
#1336=ORIENTED_EDGE('',*,*,#1059,.F.);
#1337=ORIENTED_EDGE('',*,*,#1063,.T.);
#1338=ORIENTED_EDGE('',*,*,#1064,.F.);
#1339=ORIENTED_EDGE('',*,*,#1063,.F.);
#1340=ORIENTED_EDGE('',*,*,#1060,.F.);
#1341=ORIENTED_EDGE('',*,*,#1065,.T.);
#1342=ORIENTED_EDGE('',*,*,#1066,.F.);
#1343=ORIENTED_EDGE('',*,*,#1065,.F.);
#1344=ORIENTED_EDGE('',*,*,#1061,.F.);
#1345=ORIENTED_EDGE('',*,*,#1067,.T.);
#1346=ORIENTED_EDGE('',*,*,#1068,.F.);
#1347=ORIENTED_EDGE('',*,*,#1067,.F.);
#1348=ORIENTED_EDGE('',*,*,#1069,.F.);
#1349=ORIENTED_EDGE('',*,*,#1070,.F.);
#1350=ORIENTED_EDGE('',*,*,#1071,.F.);
#1351=ORIENTED_EDGE('',*,*,#1072,.F.);
#1352=ORIENTED_EDGE('',*,*,#1064,.T.);
#1353=ORIENTED_EDGE('',*,*,#1066,.T.);
#1354=ORIENTED_EDGE('',*,*,#1068,.T.);
#1355=ORIENTED_EDGE('',*,*,#1069,.T.);
#1356=ORIENTED_EDGE('',*,*,#1073,.F.);
#1357=ORIENTED_EDGE('',*,*,#1058,.F.);
#1358=ORIENTED_EDGE('',*,*,#1074,.T.);
#1359=ORIENTED_EDGE('',*,*,#1032,.F.);
#1360=ORIENTED_EDGE('',*,*,#1054,.F.);
#1361=ORIENTED_EDGE('',*,*,#1057,.F.);
#1362=ORIENTED_EDGE('',*,*,#1075,.T.);
#1363=ORIENTED_EDGE('',*,*,#1038,.F.);
#1364=ORIENTED_EDGE('',*,*,#1076,.F.);
#1365=ORIENTED_EDGE('',*,*,#1077,.F.);
#1366=ORIENTED_EDGE('',*,*,#1078,.F.);
#1367=ORIENTED_EDGE('',*,*,#1079,.F.);
#1368=ORIENTED_EDGE('',*,*,#1080,.T.);
#1369=ORIENTED_EDGE('',*,*,#1051,.F.);
#1370=ORIENTED_EDGE('',*,*,#1073,.T.);
#1371=ORIENTED_EDGE('',*,*,#1072,.T.);
#1372=ORIENTED_EDGE('',*,*,#1081,.T.);
#1373=ORIENTED_EDGE('',*,*,#1079,.T.);
#1374=ORIENTED_EDGE('',*,*,#1082,.F.);
#1375=ORIENTED_EDGE('',*,*,#1062,.F.);
#1376=ORIENTED_EDGE('',*,*,#1082,.T.);
#1377=ORIENTED_EDGE('',*,*,#1078,.T.);
#1378=ORIENTED_EDGE('',*,*,#1083,.F.);
#1379=ORIENTED_EDGE('',*,*,#1043,.F.);
#1380=ORIENTED_EDGE('',*,*,#1083,.T.);
#1381=ORIENTED_EDGE('',*,*,#1077,.T.);
#1382=ORIENTED_EDGE('',*,*,#1084,.T.);
#1383=ORIENTED_EDGE('',*,*,#1070,.T.);
#1384=ORIENTED_EDGE('',*,*,#1074,.F.);
#1385=ORIENTED_EDGE('',*,*,#1080,.F.);
#1386=ORIENTED_EDGE('',*,*,#1081,.F.);
#1387=ORIENTED_EDGE('',*,*,#1071,.T.);
#1388=ORIENTED_EDGE('',*,*,#1084,.F.);
#1389=ORIENTED_EDGE('',*,*,#1039,.F.);
#1390=ORIENTED_EDGE('',*,*,#1075,.F.);
#1391=ORIENTED_EDGE('',*,*,#1056,.T.);
#1392=ORIENTED_EDGE('',*,*,#1045,.F.);
#1393=ORIENTED_EDGE('',*,*,#1033,.F.);
#1394=ORIENTED_EDGE('',*,*,#1076,.T.);
#1395=ORIENTED_EDGE('',*,*,#1040,.F.);
#1396=ORIENTED_EDGE('',*,*,#1047,.F.);
#1397=ORIENTED_EDGE('',*,*,#1085,.T.);
#1398=ORIENTED_EDGE('',*,*,#1086,.T.);
#1399=ORIENTED_EDGE('',*,*,#1087,.T.);
#1400=ORIENTED_EDGE('',*,*,#1088,.T.);
#1401=ORIENTED_EDGE('',*,*,#1089,.T.);
#1402=ORIENTED_EDGE('',*,*,#1090,.T.);
#1403=ORIENTED_EDGE('',*,*,#1087,.F.);
#1404=ORIENTED_EDGE('',*,*,#1091,.T.);
#1405=ORIENTED_EDGE('',*,*,#1092,.T.);
#1406=ORIENTED_EDGE('',*,*,#1093,.T.);
#1407=ORIENTED_EDGE('',*,*,#1094,.T.);
#1408=ORIENTED_EDGE('',*,*,#1095,.F.);
#1409=ORIENTED_EDGE('',*,*,#1096,.F.);
#1410=ORIENTED_EDGE('',*,*,#1097,.F.);
#1411=ORIENTED_EDGE('',*,*,#1098,.T.);
#1412=ORIENTED_EDGE('',*,*,#1099,.F.);
#1413=ORIENTED_EDGE('',*,*,#1100,.F.);
#1414=ORIENTED_EDGE('',*,*,#1101,.F.);
#1415=ORIENTED_EDGE('',*,*,#1102,.T.);
#1416=ORIENTED_EDGE('',*,*,#1103,.F.);
#1417=ORIENTED_EDGE('',*,*,#1104,.F.);
#1418=ORIENTED_EDGE('',*,*,#1105,.F.);
#1419=ORIENTED_EDGE('',*,*,#1102,.F.);
#1420=ORIENTED_EDGE('',*,*,#1106,.F.);
#1421=ORIENTED_EDGE('',*,*,#1107,.T.);
#1422=ORIENTED_EDGE('',*,*,#1093,.F.);
#1423=ORIENTED_EDGE('',*,*,#1108,.F.);
#1424=ORIENTED_EDGE('',*,*,#1103,.T.);
#1425=ORIENTED_EDGE('',*,*,#1101,.T.);
#1426=ORIENTED_EDGE('',*,*,#1109,.T.);
#1427=ORIENTED_EDGE('',*,*,#1110,.T.);
#1428=ORIENTED_EDGE('',*,*,#1111,.F.);
#1429=ORIENTED_EDGE('',*,*,#1112,.T.);
#1430=ORIENTED_EDGE('',*,*,#1109,.F.);
#1431=ORIENTED_EDGE('',*,*,#1100,.T.);
#1432=ORIENTED_EDGE('',*,*,#1113,.F.);
#1433=ORIENTED_EDGE('',*,*,#1114,.F.);
#1434=ORIENTED_EDGE('',*,*,#1115,.F.);
#1435=ORIENTED_EDGE('',*,*,#1098,.F.);
#1436=ORIENTED_EDGE('',*,*,#1116,.F.);
#1437=ORIENTED_EDGE('',*,*,#1117,.F.);
#1438=ORIENTED_EDGE('',*,*,#1089,.F.);
#1439=ORIENTED_EDGE('',*,*,#1118,.T.);
#1440=ORIENTED_EDGE('',*,*,#1113,.T.);
#1441=ORIENTED_EDGE('',*,*,#1097,.T.);
#1442=ORIENTED_EDGE('',*,*,#1119,.T.);
#1443=ORIENTED_EDGE('',*,*,#1120,.T.);
#1444=ORIENTED_EDGE('',*,*,#1121,.F.);
#1445=ORIENTED_EDGE('',*,*,#1122,.T.);
#1446=ORIENTED_EDGE('',*,*,#1119,.F.);
#1447=ORIENTED_EDGE('',*,*,#1096,.T.);
#1448=ORIENTED_EDGE('',*,*,#1123,.F.);
#1449=ORIENTED_EDGE('',*,*,#1104,.T.);
#1450=ORIENTED_EDGE('',*,*,#1110,.F.);
#1451=ORIENTED_EDGE('',*,*,#1112,.F.);
#1452=ORIENTED_EDGE('',*,*,#1120,.F.);
#1453=ORIENTED_EDGE('',*,*,#1122,.F.);
#1454=ORIENTED_EDGE('',*,*,#1124,.F.);
#1455=ORIENTED_EDGE('',*,*,#1114,.T.);
#1456=ORIENTED_EDGE('',*,*,#1125,.F.);
#1457=ORIENTED_EDGE('',*,*,#1118,.F.);
#1458=ORIENTED_EDGE('',*,*,#1126,.F.);
#1459=ORIENTED_EDGE('',*,*,#1127,.T.);
#1460=ORIENTED_EDGE('',*,*,#1128,.F.);
#1461=ORIENTED_EDGE('',*,*,#1127,.F.);
#1462=ORIENTED_EDGE('',*,*,#1129,.F.);
#1463=ORIENTED_EDGE('',*,*,#1130,.T.);
#1464=ORIENTED_EDGE('',*,*,#1105,.T.);
#1465=ORIENTED_EDGE('',*,*,#1123,.T.);
#1466=ORIENTED_EDGE('',*,*,#1111,.T.);
#1467=ORIENTED_EDGE('',*,*,#1099,.T.);
#1468=ORIENTED_EDGE('',*,*,#1131,.F.);
#1469=ORIENTED_EDGE('',*,*,#1130,.F.);
#1470=ORIENTED_EDGE('',*,*,#1132,.F.);
#1471=ORIENTED_EDGE('',*,*,#1117,.T.);
#1472=ORIENTED_EDGE('',*,*,#1085,.F.);
#1473=ORIENTED_EDGE('',*,*,#1133,.F.);
#1474=ORIENTED_EDGE('',*,*,#1106,.T.);
#1475=ORIENTED_EDGE('',*,*,#1134,.T.);
#1476=ORIENTED_EDGE('',*,*,#1135,.F.);
#1477=ORIENTED_EDGE('',*,*,#1134,.F.);
#1478=ORIENTED_EDGE('',*,*,#1108,.T.);
#1479=ORIENTED_EDGE('',*,*,#1092,.F.);
#1480=ORIENTED_EDGE('',*,*,#1136,.F.);
#1481=ORIENTED_EDGE('',*,*,#1128,.T.);
#1482=ORIENTED_EDGE('',*,*,#1131,.T.);
#1483=ORIENTED_EDGE('',*,*,#1116,.T.);
#1484=ORIENTED_EDGE('',*,*,#1125,.T.);
#1485=ORIENTED_EDGE('',*,*,#1090,.F.);
#1486=ORIENTED_EDGE('',*,*,#1132,.T.);
#1487=ORIENTED_EDGE('',*,*,#1129,.T.);
#1488=ORIENTED_EDGE('',*,*,#1126,.T.);
#1489=ORIENTED_EDGE('',*,*,#1088,.F.);
#1490=ORIENTED_EDGE('',*,*,#1094,.F.);
#1491=ORIENTED_EDGE('',*,*,#1107,.F.);
#1492=ORIENTED_EDGE('',*,*,#1133,.T.);
#1493=ORIENTED_EDGE('',*,*,#1086,.F.);
#1494=ORIENTED_EDGE('',*,*,#1135,.T.);
#1495=ORIENTED_EDGE('',*,*,#1136,.T.);
#1496=ORIENTED_EDGE('',*,*,#1091,.F.);
#1497=ORIENTED_EDGE('',*,*,#1115,.T.);
#1498=ORIENTED_EDGE('',*,*,#1124,.T.);
#1499=ORIENTED_EDGE('',*,*,#1121,.T.);
#1500=ORIENTED_EDGE('',*,*,#1095,.T.);
#1501=ORIENTED_EDGE('',*,*,#1137,.T.);
#1502=ORIENTED_EDGE('',*,*,#1138,.T.);
#1503=ORIENTED_EDGE('',*,*,#1139,.T.);
#1504=ORIENTED_EDGE('',*,*,#1140,.T.);
#1505=ORIENTED_EDGE('',*,*,#1141,.T.);
#1506=ORIENTED_EDGE('',*,*,#1142,.T.);
#1507=ORIENTED_EDGE('',*,*,#1139,.F.);
#1508=ORIENTED_EDGE('',*,*,#1143,.F.);
#1509=ORIENTED_EDGE('',*,*,#1144,.F.);
#1510=ORIENTED_EDGE('',*,*,#1145,.T.);
#1511=ORIENTED_EDGE('',*,*,#1146,.T.);
#1512=ORIENTED_EDGE('',*,*,#1147,.F.);
#1513=ORIENTED_EDGE('',*,*,#1148,.T.);
#1514=ORIENTED_EDGE('',*,*,#1149,.F.);
#1515=ORIENTED_EDGE('',*,*,#1150,.F.);
#1516=ORIENTED_EDGE('',*,*,#1151,.F.);
#1517=ORIENTED_EDGE('',*,*,#1152,.F.);
#1518=ORIENTED_EDGE('',*,*,#1153,.F.);
#1519=ORIENTED_EDGE('',*,*,#1154,.T.);
#1520=ORIENTED_EDGE('',*,*,#1155,.F.);
#1521=ORIENTED_EDGE('',*,*,#1150,.T.);
#1522=ORIENTED_EDGE('',*,*,#1156,.F.);
#1523=ORIENTED_EDGE('',*,*,#1157,.F.);
#1524=ORIENTED_EDGE('',*,*,#1158,.F.);
#1525=ORIENTED_EDGE('',*,*,#1159,.T.);
#1526=ORIENTED_EDGE('',*,*,#1160,.F.);
#1527=ORIENTED_EDGE('',*,*,#1148,.F.);
#1528=ORIENTED_EDGE('',*,*,#1161,.F.);
#1529=ORIENTED_EDGE('',*,*,#1154,.F.);
#1530=ORIENTED_EDGE('',*,*,#1162,.F.);
#1531=ORIENTED_EDGE('',*,*,#1163,.T.);
#1532=ORIENTED_EDGE('',*,*,#1164,.F.);
#1533=ORIENTED_EDGE('',*,*,#1157,.T.);
#1534=ORIENTED_EDGE('',*,*,#1165,.F.);
#1535=ORIENTED_EDGE('',*,*,#1159,.F.);
#1536=ORIENTED_EDGE('',*,*,#1166,.F.);
#1537=ORIENTED_EDGE('',*,*,#1163,.F.);
#1538=ORIENTED_EDGE('',*,*,#1167,.F.);
#1539=ORIENTED_EDGE('',*,*,#1168,.T.);
#1540=ORIENTED_EDGE('',*,*,#1169,.F.);
#1541=ORIENTED_EDGE('',*,*,#1168,.F.);
#1542=ORIENTED_EDGE('',*,*,#1170,.F.);
#1543=ORIENTED_EDGE('',*,*,#1152,.T.);
#1544=ORIENTED_EDGE('',*,*,#1141,.F.);
#1545=ORIENTED_EDGE('',*,*,#1171,.F.);
#1546=ORIENTED_EDGE('',*,*,#1172,.F.);
#1547=ORIENTED_EDGE('',*,*,#1173,.T.);
#1548=ORIENTED_EDGE('',*,*,#1166,.T.);
#1549=ORIENTED_EDGE('',*,*,#1169,.T.);
#1550=ORIENTED_EDGE('',*,*,#1151,.T.);
#1551=ORIENTED_EDGE('',*,*,#1161,.T.);
#1552=ORIENTED_EDGE('',*,*,#1174,.F.);
#1553=ORIENTED_EDGE('',*,*,#1173,.F.);
#1554=ORIENTED_EDGE('',*,*,#1175,.F.);
#1555=ORIENTED_EDGE('',*,*,#1176,.T.);
#1556=ORIENTED_EDGE('',*,*,#1177,.F.);
#1557=ORIENTED_EDGE('',*,*,#1176,.F.);
#1558=ORIENTED_EDGE('',*,*,#1178,.F.);
#1559=ORIENTED_EDGE('',*,*,#1179,.T.);
#1560=ORIENTED_EDGE('',*,*,#1164,.T.);
#1561=ORIENTED_EDGE('',*,*,#1158,.T.);
#1562=ORIENTED_EDGE('',*,*,#1147,.T.);
#1563=ORIENTED_EDGE('',*,*,#1155,.T.);
#1564=ORIENTED_EDGE('',*,*,#1180,.F.);
#1565=ORIENTED_EDGE('',*,*,#1179,.F.);
#1566=ORIENTED_EDGE('',*,*,#1181,.F.);
#1567=ORIENTED_EDGE('',*,*,#1171,.T.);
#1568=ORIENTED_EDGE('',*,*,#1145,.F.);
#1569=ORIENTED_EDGE('',*,*,#1182,.T.);
#1570=ORIENTED_EDGE('',*,*,#1183,.F.);
#1571=ORIENTED_EDGE('',*,*,#1184,.F.);
#1572=ORIENTED_EDGE('',*,*,#1165,.T.);
#1573=ORIENTED_EDGE('',*,*,#1156,.T.);
#1574=ORIENTED_EDGE('',*,*,#1149,.T.);
#1575=ORIENTED_EDGE('',*,*,#1160,.T.);
#1576=ORIENTED_EDGE('',*,*,#1142,.F.);
#1577=ORIENTED_EDGE('',*,*,#1174,.T.);
#1578=ORIENTED_EDGE('',*,*,#1177,.T.);
#1579=ORIENTED_EDGE('',*,*,#1180,.T.);
#1580=ORIENTED_EDGE('',*,*,#1140,.F.);
#1581=ORIENTED_EDGE('',*,*,#1146,.F.);
#1582=ORIENTED_EDGE('',*,*,#1184,.T.);
#1583=ORIENTED_EDGE('',*,*,#1185,.F.);
#1584=ORIENTED_EDGE('',*,*,#1137,.F.);
#1585=ORIENTED_EDGE('',*,*,#1185,.T.);
#1586=ORIENTED_EDGE('',*,*,#1183,.T.);
#1587=ORIENTED_EDGE('',*,*,#1186,.T.);
#1588=ORIENTED_EDGE('',*,*,#1187,.T.);
#1589=ORIENTED_EDGE('',*,*,#1144,.T.);
#1590=ORIENTED_EDGE('',*,*,#1188,.F.);
#1591=ORIENTED_EDGE('',*,*,#1186,.F.);
#1592=ORIENTED_EDGE('',*,*,#1182,.F.);
#1593=ORIENTED_EDGE('',*,*,#1178,.T.);
#1594=ORIENTED_EDGE('',*,*,#1175,.T.);
#1595=ORIENTED_EDGE('',*,*,#1172,.T.);
#1596=ORIENTED_EDGE('',*,*,#1181,.T.);
#1597=ORIENTED_EDGE('',*,*,#1138,.F.);
#1598=ORIENTED_EDGE('',*,*,#1187,.F.);
#1599=ORIENTED_EDGE('',*,*,#1188,.T.);
#1600=ORIENTED_EDGE('',*,*,#1143,.T.);
#1601=ORIENTED_EDGE('',*,*,#1167,.T.);
#1602=ORIENTED_EDGE('',*,*,#1162,.T.);
#1603=ORIENTED_EDGE('',*,*,#1153,.T.);
#1604=ORIENTED_EDGE('',*,*,#1170,.T.);
#1605=ORIENTED_EDGE('',*,*,#1189,.F.);
#1606=ORIENTED_EDGE('',*,*,#1190,.F.);
#1607=ORIENTED_EDGE('',*,*,#1191,.F.);
#1608=ORIENTED_EDGE('',*,*,#1192,.T.);
#1609=ORIENTED_EDGE('',*,*,#1193,.F.);
#1610=ORIENTED_EDGE('',*,*,#1194,.T.);
#1611=ORIENTED_EDGE('',*,*,#1195,.F.);
#1612=ORIENTED_EDGE('',*,*,#1196,.F.);
#1613=ORIENTED_EDGE('',*,*,#1197,.F.);
#1614=ORIENTED_EDGE('',*,*,#1198,.F.);
#1615=ORIENTED_EDGE('',*,*,#1199,.F.);
#1616=ORIENTED_EDGE('',*,*,#1190,.T.);
#1617=ORIENTED_EDGE('',*,*,#1200,.F.);
#1618=ORIENTED_EDGE('',*,*,#1196,.T.);
#1619=ORIENTED_EDGE('',*,*,#1201,.F.);
#1620=ORIENTED_EDGE('',*,*,#1202,.F.);
#1621=ORIENTED_EDGE('',*,*,#1203,.F.);
#1622=ORIENTED_EDGE('',*,*,#1192,.F.);
#1623=ORIENTED_EDGE('',*,*,#1204,.F.);
#1624=ORIENTED_EDGE('',*,*,#1205,.T.);
#1625=ORIENTED_EDGE('',*,*,#1206,.F.);
#1626=ORIENTED_EDGE('',*,*,#1205,.F.);
#1627=ORIENTED_EDGE('',*,*,#1207,.F.);
#1628=ORIENTED_EDGE('',*,*,#1198,.T.);
#1629=ORIENTED_EDGE('',*,*,#1208,.F.);
#1630=ORIENTED_EDGE('',*,*,#1202,.T.);
#1631=ORIENTED_EDGE('',*,*,#1209,.F.);
#1632=ORIENTED_EDGE('',*,*,#1210,.F.);
#1633=ORIENTED_EDGE('',*,*,#1211,.F.);
#1634=ORIENTED_EDGE('',*,*,#1210,.T.);
#1635=ORIENTED_EDGE('',*,*,#1212,.F.);
#1636=ORIENTED_EDGE('',*,*,#1194,.F.);
#1637=ORIENTED_EDGE('',*,*,#1213,.F.);
#1638=ORIENTED_EDGE('',*,*,#1214,.F.);
#1639=ORIENTED_EDGE('',*,*,#1215,.F.);
#1640=ORIENTED_EDGE('',*,*,#1216,.T.);
#1641=ORIENTED_EDGE('',*,*,#1208,.T.);
#1642=ORIENTED_EDGE('',*,*,#1211,.T.);
#1643=ORIENTED_EDGE('',*,*,#1193,.T.);
#1644=ORIENTED_EDGE('',*,*,#1200,.T.);
#1645=ORIENTED_EDGE('',*,*,#1217,.F.);
#1646=ORIENTED_EDGE('',*,*,#1216,.F.);
#1647=ORIENTED_EDGE('',*,*,#1218,.F.);
#1648=ORIENTED_EDGE('',*,*,#1219,.T.);
#1649=ORIENTED_EDGE('',*,*,#1220,.F.);
#1650=ORIENTED_EDGE('',*,*,#1219,.F.);
#1651=ORIENTED_EDGE('',*,*,#1221,.F.);
#1652=ORIENTED_EDGE('',*,*,#1222,.T.);
#1653=ORIENTED_EDGE('',*,*,#1206,.T.);
#1654=ORIENTED_EDGE('',*,*,#1197,.T.);
#1655=ORIENTED_EDGE('',*,*,#1189,.T.);
#1656=ORIENTED_EDGE('',*,*,#1203,.T.);
#1657=ORIENTED_EDGE('',*,*,#1223,.F.);
#1658=ORIENTED_EDGE('',*,*,#1222,.F.);
#1659=ORIENTED_EDGE('',*,*,#1224,.F.);
#1660=ORIENTED_EDGE('',*,*,#1214,.T.);
#1661=ORIENTED_EDGE('',*,*,#1225,.F.);
#1662=ORIENTED_EDGE('',*,*,#1226,.T.);
#1663=ORIENTED_EDGE('',*,*,#1227,.T.);
#1664=ORIENTED_EDGE('',*,*,#1228,.F.);
#1665=ORIENTED_EDGE('',*,*,#1226,.F.);
#1666=ORIENTED_EDGE('',*,*,#1229,.T.);
#1667=ORIENTED_EDGE('',*,*,#1230,.F.);
#1668=ORIENTED_EDGE('',*,*,#1231,.F.);
#1669=ORIENTED_EDGE('',*,*,#1207,.T.);
#1670=ORIENTED_EDGE('',*,*,#1204,.T.);
#1671=ORIENTED_EDGE('',*,*,#1191,.T.);
#1672=ORIENTED_EDGE('',*,*,#1199,.T.);
#1673=ORIENTED_EDGE('',*,*,#1227,.F.);
#1674=ORIENTED_EDGE('',*,*,#1231,.T.);
#1675=ORIENTED_EDGE('',*,*,#1232,.F.);
#1676=ORIENTED_EDGE('',*,*,#1233,.F.);
#1677=ORIENTED_EDGE('',*,*,#1220,.T.);
#1678=ORIENTED_EDGE('',*,*,#1223,.T.);
#1679=ORIENTED_EDGE('',*,*,#1213,.T.);
#1680=ORIENTED_EDGE('',*,*,#1217,.T.);
#1681=ORIENTED_EDGE('',*,*,#1234,.T.);
#1682=ORIENTED_EDGE('',*,*,#1235,.T.);
#1683=ORIENTED_EDGE('',*,*,#1232,.T.);
#1684=ORIENTED_EDGE('',*,*,#1230,.T.);
#1685=ORIENTED_EDGE('',*,*,#1225,.T.);
#1686=ORIENTED_EDGE('',*,*,#1236,.F.);
#1687=ORIENTED_EDGE('',*,*,#1234,.F.);
#1688=ORIENTED_EDGE('',*,*,#1229,.F.);
#1689=ORIENTED_EDGE('',*,*,#1221,.T.);
#1690=ORIENTED_EDGE('',*,*,#1218,.T.);
#1691=ORIENTED_EDGE('',*,*,#1215,.T.);
#1692=ORIENTED_EDGE('',*,*,#1224,.T.);
#1693=ORIENTED_EDGE('',*,*,#1228,.T.);
#1694=ORIENTED_EDGE('',*,*,#1233,.T.);
#1695=ORIENTED_EDGE('',*,*,#1235,.F.);
#1696=ORIENTED_EDGE('',*,*,#1236,.T.);
#1697=ORIENTED_EDGE('',*,*,#1209,.T.);
#1698=ORIENTED_EDGE('',*,*,#1201,.T.);
#1699=ORIENTED_EDGE('',*,*,#1195,.T.);
#1700=ORIENTED_EDGE('',*,*,#1212,.T.);
#1701=ORIENTED_EDGE('',*,*,#1237,.F.);
#1702=ORIENTED_EDGE('',*,*,#1238,.T.);
#1703=ORIENTED_EDGE('',*,*,#1239,.F.);
#1704=ORIENTED_EDGE('',*,*,#1240,.F.);
#1705=ORIENTED_EDGE('',*,*,#1241,.F.);
#1706=ORIENTED_EDGE('',*,*,#1242,.F.);
#1707=ORIENTED_EDGE('',*,*,#1243,.F.);
#1708=ORIENTED_EDGE('',*,*,#1244,.T.);
#1709=ORIENTED_EDGE('',*,*,#1245,.F.);
#1710=ORIENTED_EDGE('',*,*,#1246,.T.);
#1711=ORIENTED_EDGE('',*,*,#1247,.F.);
#1712=ORIENTED_EDGE('',*,*,#1238,.F.);
#1713=ORIENTED_EDGE('',*,*,#1248,.F.);
#1714=ORIENTED_EDGE('',*,*,#1244,.F.);
#1715=ORIENTED_EDGE('',*,*,#1249,.F.);
#1716=ORIENTED_EDGE('',*,*,#1250,.T.);
#1717=ORIENTED_EDGE('',*,*,#1251,.F.);
#1718=ORIENTED_EDGE('',*,*,#1240,.T.);
#1719=ORIENTED_EDGE('',*,*,#1252,.F.);
#1720=ORIENTED_EDGE('',*,*,#1253,.F.);
#1721=ORIENTED_EDGE('',*,*,#1254,.F.);
#1722=ORIENTED_EDGE('',*,*,#1253,.T.);
#1723=ORIENTED_EDGE('',*,*,#1255,.F.);
#1724=ORIENTED_EDGE('',*,*,#1246,.F.);
#1725=ORIENTED_EDGE('',*,*,#1256,.F.);
#1726=ORIENTED_EDGE('',*,*,#1250,.F.);
#1727=ORIENTED_EDGE('',*,*,#1257,.F.);
#1728=ORIENTED_EDGE('',*,*,#1258,.T.);
#1729=ORIENTED_EDGE('',*,*,#1259,.F.);
#1730=ORIENTED_EDGE('',*,*,#1258,.F.);
#1731=ORIENTED_EDGE('',*,*,#1260,.F.);
#1732=ORIENTED_EDGE('',*,*,#1242,.T.);
#1733=ORIENTED_EDGE('',*,*,#1261,.F.);
#1734=ORIENTED_EDGE('',*,*,#1262,.F.);
#1735=ORIENTED_EDGE('',*,*,#1263,.F.);
#1736=ORIENTED_EDGE('',*,*,#1264,.T.);
#1737=ORIENTED_EDGE('',*,*,#1256,.T.);
#1738=ORIENTED_EDGE('',*,*,#1259,.T.);
#1739=ORIENTED_EDGE('',*,*,#1241,.T.);
#1740=ORIENTED_EDGE('',*,*,#1248,.T.);
#1741=ORIENTED_EDGE('',*,*,#1265,.F.);
#1742=ORIENTED_EDGE('',*,*,#1264,.F.);
#1743=ORIENTED_EDGE('',*,*,#1266,.F.);
#1744=ORIENTED_EDGE('',*,*,#1267,.T.);
#1745=ORIENTED_EDGE('',*,*,#1268,.F.);
#1746=ORIENTED_EDGE('',*,*,#1267,.F.);
#1747=ORIENTED_EDGE('',*,*,#1269,.F.);
#1748=ORIENTED_EDGE('',*,*,#1270,.T.);
#1749=ORIENTED_EDGE('',*,*,#1254,.T.);
#1750=ORIENTED_EDGE('',*,*,#1245,.T.);
#1751=ORIENTED_EDGE('',*,*,#1237,.T.);
#1752=ORIENTED_EDGE('',*,*,#1251,.T.);
#1753=ORIENTED_EDGE('',*,*,#1271,.F.);
#1754=ORIENTED_EDGE('',*,*,#1270,.F.);
#1755=ORIENTED_EDGE('',*,*,#1272,.F.);
#1756=ORIENTED_EDGE('',*,*,#1262,.T.);
#1757=ORIENTED_EDGE('',*,*,#1273,.F.);
#1758=ORIENTED_EDGE('',*,*,#1274,.T.);
#1759=ORIENTED_EDGE('',*,*,#1275,.T.);
#1760=ORIENTED_EDGE('',*,*,#1276,.F.);
#1761=ORIENTED_EDGE('',*,*,#1274,.F.);
#1762=ORIENTED_EDGE('',*,*,#1277,.T.);
#1763=ORIENTED_EDGE('',*,*,#1278,.F.);
#1764=ORIENTED_EDGE('',*,*,#1279,.F.);
#1765=ORIENTED_EDGE('',*,*,#1255,.T.);
#1766=ORIENTED_EDGE('',*,*,#1252,.T.);
#1767=ORIENTED_EDGE('',*,*,#1239,.T.);
#1768=ORIENTED_EDGE('',*,*,#1247,.T.);
#1769=ORIENTED_EDGE('',*,*,#1275,.F.);
#1770=ORIENTED_EDGE('',*,*,#1279,.T.);
#1771=ORIENTED_EDGE('',*,*,#1280,.F.);
#1772=ORIENTED_EDGE('',*,*,#1281,.F.);
#1773=ORIENTED_EDGE('',*,*,#1268,.T.);
#1774=ORIENTED_EDGE('',*,*,#1271,.T.);
#1775=ORIENTED_EDGE('',*,*,#1261,.T.);
#1776=ORIENTED_EDGE('',*,*,#1265,.T.);
#1777=ORIENTED_EDGE('',*,*,#1282,.T.);
#1778=ORIENTED_EDGE('',*,*,#1283,.T.);
#1779=ORIENTED_EDGE('',*,*,#1280,.T.);
#1780=ORIENTED_EDGE('',*,*,#1278,.T.);
#1781=ORIENTED_EDGE('',*,*,#1273,.T.);
#1782=ORIENTED_EDGE('',*,*,#1284,.F.);
#1783=ORIENTED_EDGE('',*,*,#1282,.F.);
#1784=ORIENTED_EDGE('',*,*,#1277,.F.);
#1785=ORIENTED_EDGE('',*,*,#1269,.T.);
#1786=ORIENTED_EDGE('',*,*,#1266,.T.);
#1787=ORIENTED_EDGE('',*,*,#1263,.T.);
#1788=ORIENTED_EDGE('',*,*,#1272,.T.);
#1789=ORIENTED_EDGE('',*,*,#1276,.T.);
#1790=ORIENTED_EDGE('',*,*,#1281,.T.);
#1791=ORIENTED_EDGE('',*,*,#1283,.F.);
#1792=ORIENTED_EDGE('',*,*,#1284,.T.);
#1793=ORIENTED_EDGE('',*,*,#1257,.T.);
#1794=ORIENTED_EDGE('',*,*,#1249,.T.);
#1795=ORIENTED_EDGE('',*,*,#1243,.T.);
#1796=ORIENTED_EDGE('',*,*,#1260,.T.);
#1797=SPHERICAL_SURFACE('',#1915,0.25);
#1798=SPHERICAL_SURFACE('',#1921,0.25);
#1799=ADVANCED_FACE('',(#619),#1797,.T.);
#1800=ADVANCED_FACE('',(#620),#609,.T.);
#1801=ADVANCED_FACE('',(#621),#1798,.T.);
#1802=ADVANCED_FACE('',(#622),#610,.T.);
#1803=ADVANCED_FACE('',(#623),#611,.T.);
#1804=ADVANCED_FACE('',(#624),#612,.T.);
#1805=ADVANCED_FACE('',(#625),#613,.T.);
#1806=ADVANCED_FACE('',(#626),#51,.T.);
#1807=ADVANCED_FACE('',(#627),#52,.T.);
#1808=ADVANCED_FACE('',(#628,#23,#24,#25),#53,.T.);
#1809=ADVANCED_FACE('',(#629),#54,.T.);
#1810=ADVANCED_FACE('',(#630),#614,.F.);
#1811=ADVANCED_FACE('',(#631),#615,.F.);
#1812=ADVANCED_FACE('',(#632),#616,.F.);
#1813=ADVANCED_FACE('',(#633,#26,#27,#28),#55,.F.);
#1814=ADVANCED_FACE('',(#634),#56,.F.);
#1815=ADVANCED_FACE('',(#635),#57,.F.);
#1816=ADVANCED_FACE('',(#636),#58,.F.);
#1817=ADVANCED_FACE('',(#637),#59,.F.);
#1818=ADVANCED_FACE('',(#638),#60,.F.);
#1819=ADVANCED_FACE('',(#639),#61,.F.);
#1820=ADVANCED_FACE('',(#640),#62,.F.);
#1821=ADVANCED_FACE('',(#641),#63,.T.);
#1822=ADVANCED_FACE('',(#642),#64,.T.);
#1823=ADVANCED_FACE('',(#643),#617,.T.);
#1824=ADVANCED_FACE('',(#644),#65,.T.);
#1825=ADVANCED_FACE('',(#645),#66,.F.);
#1826=ADVANCED_FACE('',(#646),#67,.F.);
#1827=ADVANCED_FACE('',(#647),#68,.F.);
#1828=ADVANCED_FACE('',(#648,#29),#69,.T.);
#1829=ADVANCED_FACE('',(#649),#70,.F.);
#1830=ADVANCED_FACE('',(#650),#71,.F.);
#1831=ADVANCED_FACE('',(#651,#30),#72,.F.);
#1832=ADVANCED_FACE('',(#652),#73,.F.);
#1833=ADVANCED_FACE('',(#653),#74,.F.);
#1834=ADVANCED_FACE('',(#654),#75,.F.);
#1835=ADVANCED_FACE('',(#655),#76,.F.);
#1836=ADVANCED_FACE('',(#656,#31),#77,.F.);
#1837=ADVANCED_FACE('',(#657),#78,.F.);
#1838=ADVANCED_FACE('',(#658),#79,.F.);
#1839=ADVANCED_FACE('',(#659,#32),#80,.T.);
#1840=ADVANCED_FACE('',(#660),#81,.T.);
#1841=ADVANCED_FACE('',(#661,#33),#82,.T.);
#1842=ADVANCED_FACE('',(#662),#618,.T.);
#1843=ADVANCED_FACE('',(#663),#83,.F.);
#1844=ADVANCED_FACE('',(#664),#84,.F.);
#1845=ADVANCED_FACE('',(#665),#85,.F.);
#1846=ADVANCED_FACE('',(#666),#86,.F.);
#1847=ADVANCED_FACE('',(#667),#87,.F.);
#1848=ADVANCED_FACE('',(#668),#88,.F.);
#1849=ADVANCED_FACE('',(#669),#89,.F.);
#1850=ADVANCED_FACE('',(#670),#90,.F.);
#1851=ADVANCED_FACE('',(#671),#91,.F.);
#1852=ADVANCED_FACE('',(#672,#34),#92,.F.);
#1853=ADVANCED_FACE('',(#673),#93,.F.);
#1854=ADVANCED_FACE('',(#674,#35),#94,.F.);
#1855=ADVANCED_FACE('',(#675),#95,.F.);
#1856=ADVANCED_FACE('',(#676,#36),#96,.T.);
#1857=ADVANCED_FACE('',(#677),#97,.T.);
#1858=ADVANCED_FACE('',(#678),#98,.T.);
#1859=ADVANCED_FACE('',(#679,#37),#99,.T.);
#1860=ADVANCED_FACE('',(#680,#38),#100,.T.);
#1861=ADVANCED_FACE('',(#681),#101,.F.);
#1862=ADVANCED_FACE('',(#682),#102,.F.);
#1863=ADVANCED_FACE('',(#683),#103,.F.);
#1864=ADVANCED_FACE('',(#684),#104,.F.);
#1865=ADVANCED_FACE('',(#685),#105,.F.);
#1866=ADVANCED_FACE('',(#686),#106,.F.);
#1867=ADVANCED_FACE('',(#687),#107,.F.);
#1868=ADVANCED_FACE('',(#688),#108,.F.);
#1869=ADVANCED_FACE('',(#689,#39),#109,.F.);
#1870=ADVANCED_FACE('',(#690),#110,.F.);
#1871=ADVANCED_FACE('',(#691,#40),#111,.F.);
#1872=ADVANCED_FACE('',(#692),#112,.F.);
#1873=ADVANCED_FACE('',(#693),#113,.F.);
#1874=ADVANCED_FACE('',(#694,#41),#114,.T.);
#1875=ADVANCED_FACE('',(#695,#42),#115,.T.);
#1876=ADVANCED_FACE('',(#696),#116,.T.);
#1877=ADVANCED_FACE('',(#697,#43),#117,.T.);
#1878=ADVANCED_FACE('',(#698,#44),#118,.T.);
#1879=ADVANCED_FACE('',(#699),#119,.F.);
#1880=ADVANCED_FACE('',(#700),#120,.F.);
#1881=ADVANCED_FACE('',(#701),#121,.F.);
#1882=ADVANCED_FACE('',(#702),#122,.F.);
#1883=ADVANCED_FACE('',(#703),#123,.F.);
#1884=ADVANCED_FACE('',(#704),#124,.F.);
#1885=ADVANCED_FACE('',(#705),#125,.F.);
#1886=ADVANCED_FACE('',(#706),#126,.F.);
#1887=ADVANCED_FACE('',(#707,#45),#127,.F.);
#1888=ADVANCED_FACE('',(#708),#128,.F.);
#1889=ADVANCED_FACE('',(#709,#46),#129,.F.);
#1890=ADVANCED_FACE('',(#710),#130,.F.);
#1891=ADVANCED_FACE('',(#711),#131,.F.);
#1892=ADVANCED_FACE('',(#712,#47),#132,.T.);
#1893=ADVANCED_FACE('',(#713,#48),#133,.T.);
#1894=ADVANCED_FACE('',(#714),#134,.T.);
#1895=ADVANCED_FACE('',(#715,#49),#135,.T.);
#1896=ADVANCED_FACE('',(#716,#50),#136,.T.);
#1897=CLOSED_SHELL('',(#1799,#1800,#1801,#1802,#1803,#1804,#1805,#1806,
#1807,#1808,#1809,#1810,#1811,#1812,#1813,#1814,#1815,#1816,#1817,#1818,
#1819,#1820,#1821,#1822));
#1898=CLOSED_SHELL('',(#1823,#1824,#1825,#1826,#1827,#1828,#1829,#1830,
#1831,#1832,#1833,#1834,#1835,#1836,#1837,#1838,#1839,#1840,#1841));
#1899=CLOSED_SHELL('',(#1842,#1843,#1844,#1845,#1846,#1847,#1848,#1849,
#1850,#1851,#1852,#1853,#1854,#1855,#1856,#1857,#1858,#1859,#1860));
#1900=CLOSED_SHELL('',(#1861,#1862,#1863,#1864,#1865,#1866,#1867,#1868,
#1869,#1870,#1871,#1872,#1873,#1874,#1875,#1876,#1877,#1878));
#1901=CLOSED_SHELL('',(#1879,#1880,#1881,#1882,#1883,#1884,#1885,#1886,
#1887,#1888,#1889,#1890,#1891,#1892,#1893,#1894,#1895,#1896));
#1902=DERIVED_UNIT_ELEMENT(#1904,1.);
#1903=DERIVED_UNIT_ELEMENT(#3035,-3.);
#1904=(
MASS_UNIT()
NAMED_UNIT(*)
SI_UNIT(.KILO.,.GRAM.)
);
#1905=DERIVED_UNIT((#1902,#1903));
#1906=MEASURE_REPRESENTATION_ITEM('density measure',
POSITIVE_RATIO_MEASURE(7850.),#1905);
#1907=PROPERTY_DEFINITION_REPRESENTATION(#1912,#1909);
#1908=PROPERTY_DEFINITION_REPRESENTATION(#1913,#1910);
#1909=REPRESENTATION('material name',(#1911),#3030);
#1910=REPRESENTATION('density',(#1906),#3030);
#1911=DESCRIPTIVE_REPRESENTATION_ITEM('Steel','Steel');
#1912=PROPERTY_DEFINITION('material property','material name',#3043);
#1913=PROPERTY_DEFINITION('material property','density of part',#3043);
#1914=AXIS2_PLACEMENT_3D('',#2507,#2033,#2034);
#1915=AXIS2_PLACEMENT_3D('',#2508,#2035,#2036);
#1916=AXIS2_PLACEMENT_3D('',#2511,#2037,#2038);
#1917=AXIS2_PLACEMENT_3D('',#2513,#2039,#2040);
#1918=AXIS2_PLACEMENT_3D('',#2514,#2041,#2042);
#1919=AXIS2_PLACEMENT_3D('',#2515,#2043,#2044);
#1920=AXIS2_PLACEMENT_3D('',#2518,#2045,#2046);
#1921=AXIS2_PLACEMENT_3D('',#2521,#2049,#2050);
#1922=AXIS2_PLACEMENT_3D('',#2524,#2051,#2052);
#1923=AXIS2_PLACEMENT_3D('',#2526,#2053,#2054);
#1924=AXIS2_PLACEMENT_3D('',#2527,#2055,#2056);
#1925=AXIS2_PLACEMENT_3D('',#2528,#2057,#2058);
#1926=AXIS2_PLACEMENT_3D('',#2531,#2059,#2060);
#1927=AXIS2_PLACEMENT_3D('',#2534,#2063,#2064);
#1928=AXIS2_PLACEMENT_3D('',#2537,#2065,#2066);
#1929=AXIS2_PLACEMENT_3D('',#2544,#2071,#2072);
#1930=AXIS2_PLACEMENT_3D('',#2547,#2075,#2076);
#1931=AXIS2_PLACEMENT_3D('',#2550,#2077,#2078);
#1932=AXIS2_PLACEMENT_3D('',#2557,#2083,#2084);
#1933=AXIS2_PLACEMENT_3D('',#2561,#2087,#2088);
#1934=AXIS2_PLACEMENT_3D('',#2566,#2092,#2093);
#1935=AXIS2_PLACEMENT_3D('',#2569,#2095,#2096);
#1936=AXIS2_PLACEMENT_3D('',#2571,#2097,#2098);
#1937=AXIS2_PLACEMENT_3D('',#2573,#2099,#2100);
#1938=AXIS2_PLACEMENT_3D('',#2574,#2101,#2102);
#1939=AXIS2_PLACEMENT_3D('',#2576,#2104,#2105);
#1940=AXIS2_PLACEMENT_3D('',#2579,#2107,#2108);
#1941=AXIS2_PLACEMENT_3D('',#2580,#2109,#2110);
#1942=AXIS2_PLACEMENT_3D('',#2583,#2112,#2113);
#1943=AXIS2_PLACEMENT_3D('',#2584,#2114,#2115);
#1944=AXIS2_PLACEMENT_3D('',#2587,#2117,#2118);
#1945=AXIS2_PLACEMENT_3D('',#2588,#2119,#2120);
#1946=AXIS2_PLACEMENT_3D('',#2597,#2125,#2126);
#1947=AXIS2_PLACEMENT_3D('',#2600,#2129,#2130);
#1948=AXIS2_PLACEMENT_3D('',#2603,#2133,#2134);
#1949=AXIS2_PLACEMENT_3D('',#2612,#2139,#2140);
#1950=AXIS2_PLACEMENT_3D('',#2615,#2143,#2144);
#1951=AXIS2_PLACEMENT_3D('',#2617,#2146,#2147);
#1952=AXIS2_PLACEMENT_3D('',#2619,#2149,#2150);
#1953=AXIS2_PLACEMENT_3D('',#2620,#2151,#2152);
#1954=AXIS2_PLACEMENT_3D('',#2621,#2153,#2154);
#1955=AXIS2_PLACEMENT_3D('',#2622,#2155,#2156);
#1956=AXIS2_PLACEMENT_3D('',#2625,#2157,#2158);
#1957=AXIS2_PLACEMENT_3D('',#2629,#2160,#2161);
#1958=AXIS2_PLACEMENT_3D('',#2635,#2165,#2166);
#1959=AXIS2_PLACEMENT_3D('',#2643,#2171,#2172);
#1960=AXIS2_PLACEMENT_3D('',#2652,#2177,#2178);
#1961=AXIS2_PLACEMENT_3D('',#2661,#2183,#2184);
#1962=AXIS2_PLACEMENT_3D('',#2667,#2188,#2189);
#1963=AXIS2_PLACEMENT_3D('',#2676,#2195,#2196);
#1964=AXIS2_PLACEMENT_3D('',#2680,#2199,#2200);
#1965=AXIS2_PLACEMENT_3D('',#2686,#2204,#2205);
#1966=AXIS2_PLACEMENT_3D('',#2695,#2211,#2212);
#1967=AXIS2_PLACEMENT_3D('',#2699,#2215,#2216);
#1968=AXIS2_PLACEMENT_3D('',#2701,#2218,#2219);
#1969=AXIS2_PLACEMENT_3D('',#2703,#2221,#2222);
#1970=AXIS2_PLACEMENT_3D('',#2709,#2226,#2227);
#1971=AXIS2_PLACEMENT_3D('',#2715,#2231,#2232);
#1972=AXIS2_PLACEMENT_3D('',#2718,#2235,#2236);
#1973=AXIS2_PLACEMENT_3D('',#2723,#2240,#2241);
#1974=AXIS2_PLACEMENT_3D('',#2725,#2243,#2244);
#1975=AXIS2_PLACEMENT_3D('',#2726,#2245,#2246);
#1976=AXIS2_PLACEMENT_3D('',#2727,#2247,#2248);
#1977=AXIS2_PLACEMENT_3D('',#2730,#2249,#2250);
#1978=AXIS2_PLACEMENT_3D('',#2734,#2252,#2253);
#1979=AXIS2_PLACEMENT_3D('',#2740,#2257,#2258);
#1980=AXIS2_PLACEMENT_3D('',#2748,#2263,#2264);
#1981=AXIS2_PLACEMENT_3D('',#2757,#2269,#2270);
#1982=AXIS2_PLACEMENT_3D('',#2766,#2275,#2276);
#1983=AXIS2_PLACEMENT_3D('',#2772,#2280,#2281);
#1984=AXIS2_PLACEMENT_3D('',#2778,#2285,#2286);
#1985=AXIS2_PLACEMENT_3D('',#2784,#2290,#2291);
#1986=AXIS2_PLACEMENT_3D('',#2787,#2294,#2295);
#1987=AXIS2_PLACEMENT_3D('',#2793,#2299,#2300);
#1988=AXIS2_PLACEMENT_3D('',#2796,#2303,#2304);
#1989=AXIS2_PLACEMENT_3D('',#2802,#2308,#2309);
#1990=AXIS2_PLACEMENT_3D('',#2808,#2313,#2314);
#1991=AXIS2_PLACEMENT_3D('',#2814,#2318,#2319);
#1992=AXIS2_PLACEMENT_3D('',#2817,#2322,#2323);
#1993=AXIS2_PLACEMENT_3D('',#2823,#2327,#2328);
#1994=AXIS2_PLACEMENT_3D('',#2825,#2330,#2331);
#1995=AXIS2_PLACEMENT_3D('',#2829,#2334,#2335);
#1996=AXIS2_PLACEMENT_3D('',#2831,#2337,#2338);
#1997=AXIS2_PLACEMENT_3D('',#2832,#2339,#2340);
#1998=AXIS2_PLACEMENT_3D('',#2841,#2345,#2346);
#1999=AXIS2_PLACEMENT_3D('',#2850,#2351,#2352);
#2000=AXIS2_PLACEMENT_3D('',#2856,#2356,#2357);
#2001=AXIS2_PLACEMENT_3D('',#2862,#2361,#2362);
#2002=AXIS2_PLACEMENT_3D('',#2868,#2366,#2367);
#2003=AXIS2_PLACEMENT_3D('',#2871,#2370,#2371);
#2004=AXIS2_PLACEMENT_3D('',#2877,#2375,#2376);
#2005=AXIS2_PLACEMENT_3D('',#2880,#2379,#2380);
#2006=AXIS2_PLACEMENT_3D('',#2889,#2385,#2386);
#2007=AXIS2_PLACEMENT_3D('',#2895,#2390,#2391);
#2008=AXIS2_PLACEMENT_3D('',#2901,#2395,#2396);
#2009=AXIS2_PLACEMENT_3D('',#2904,#2399,#2400);
#2010=AXIS2_PLACEMENT_3D('',#2913,#2405,#2406);
#2011=AXIS2_PLACEMENT_3D('',#2919,#2410,#2411);
#2012=AXIS2_PLACEMENT_3D('',#2923,#2414,#2415);
#2013=AXIS2_PLACEMENT_3D('',#2927,#2418,#2419);
#2014=AXIS2_PLACEMENT_3D('',#2929,#2421,#2422);
#2015=AXIS2_PLACEMENT_3D('',#2930,#2423,#2424);
#2016=AXIS2_PLACEMENT_3D('',#2939,#2429,#2430);
#2017=AXIS2_PLACEMENT_3D('',#2948,#2435,#2436);
#2018=AXIS2_PLACEMENT_3D('',#2954,#2440,#2441);
#2019=AXIS2_PLACEMENT_3D('',#2960,#2445,#2446);
#2020=AXIS2_PLACEMENT_3D('',#2966,#2450,#2451);
#2021=AXIS2_PLACEMENT_3D('',#2969,#2454,#2455);
#2022=AXIS2_PLACEMENT_3D('',#2975,#2459,#2460);
#2023=AXIS2_PLACEMENT_3D('',#2978,#2463,#2464);
#2024=AXIS2_PLACEMENT_3D('',#2987,#2469,#2470);
#2025=AXIS2_PLACEMENT_3D('',#2993,#2474,#2475);
#2026=AXIS2_PLACEMENT_3D('',#2999,#2479,#2480);
#2027=AXIS2_PLACEMENT_3D('',#3002,#2483,#2484);
#2028=AXIS2_PLACEMENT_3D('',#3011,#2489,#2490);
#2029=AXIS2_PLACEMENT_3D('',#3017,#2494,#2495);
#2030=AXIS2_PLACEMENT_3D('',#3021,#2498,#2499);
#2031=AXIS2_PLACEMENT_3D('',#3025,#2502,#2503);
#2032=AXIS2_PLACEMENT_3D('',#3027,#2505,#2506);
#2033=DIRECTION('axis',(0.,0.,1.));
#2034=DIRECTION('refdir',(1.,0.,0.));
#2035=DIRECTION('center_axis',(-0.408248290463863,-0.408248290463863,-0.816496580927726));
#2036=DIRECTION('ref_axis',(-0.577350269189626,-0.577350269189626,0.577350269189626));
#2037=DIRECTION('center_axis',(0.,-1.,0.));
#2038=DIRECTION('ref_axis',(-1.,0.,0.));
#2039=DIRECTION('center_axis',(0.,0.,1.));
#2040=DIRECTION('ref_axis',(0.,-1.,0.));
#2041=DIRECTION('center_axis',(-1.,0.,0.));
#2042=DIRECTION('ref_axis',(0.,0.,1.));
#2043=DIRECTION('center_axis',(0.,0.,1.));
#2044=DIRECTION('ref_axis',(-0.707106781186548,-0.707106781186547,0.));
#2045=DIRECTION('center_axis',(0.,0.,1.));
#2046=DIRECTION('ref_axis',(-0.707106781186548,-0.707106781186547,0.));
#2047=DIRECTION('',(0.,0.,1.));
#2048=DIRECTION('',(0.,0.,-1.));
#2049=DIRECTION('center_axis',(0.408248290463863,-0.408248290463862,-0.816496580927726));
#2050=DIRECTION('ref_axis',(0.577350269189627,-0.577350269189626,0.577350269189625));
#2051=DIRECTION('center_axis',(1.,0.,0.));
#2052=DIRECTION('ref_axis',(0.,-1.,0.));
#2053=DIRECTION('center_axis',(0.,0.,1.));
#2054=DIRECTION('ref_axis',(1.,0.,0.));
#2055=DIRECTION('center_axis',(0.,-1.,0.));
#2056=DIRECTION('ref_axis',(0.,0.,1.));
#2057=DIRECTION('center_axis',(0.,0.,1.));
#2058=DIRECTION('ref_axis',(0.707106781186548,-0.707106781186547,0.));
#2059=DIRECTION('center_axis',(0.,0.,1.));
#2060=DIRECTION('ref_axis',(0.707106781186548,-0.707106781186547,0.));
#2061=DIRECTION('',(0.,0.,1.));
#2062=DIRECTION('',(0.,0.,-1.));
#2063=DIRECTION('center_axis',(0.,1.,0.));
#2064=DIRECTION('ref_axis',(0.707106781186549,0.,0.707106781186546));
#2065=DIRECTION('center_axis',(0.,-1.,0.));
#2066=DIRECTION('ref_axis',(0.707106781186549,0.,0.707106781186546));
#2067=DIRECTION('',(0.,-1.,0.));
#2068=DIRECTION('',(0.,-1.,0.));
#2069=DIRECTION('',(0.,-1.,0.));
#2070=DIRECTION('',(0.,1.,0.));
#2071=DIRECTION('center_axis',(1.,-1.94109474709895E-33,0.));
#2072=DIRECTION('ref_axis',(0.,-0.707106781186548,0.707106781186548));
#2073=DIRECTION('',(-1.,1.94109474709895E-33,0.));
#2074=DIRECTION('',(1.,-1.94109474709895E-33,0.));
#2075=DIRECTION('center_axis',(0.,-1.,0.));
#2076=DIRECTION('ref_axis',(-0.707106781186548,0.,0.707106781186548));
#2077=DIRECTION('center_axis',(0.,-1.,0.));
#2078=DIRECTION('ref_axis',(-0.707106781186548,0.,0.707106781186548));
#2079=DIRECTION('',(0.,-1.,0.));
#2080=DIRECTION('',(0.,1.,0.));
#2081=DIRECTION('',(0.,1.,0.));
#2082=DIRECTION('',(0.,1.,0.));
#2083=DIRECTION('center_axis',(-1.,0.,0.));
#2084=DIRECTION('ref_axis',(0.,-1.,0.));
#2085=DIRECTION('',(0.,0.,1.));
#2086=DIRECTION('',(0.,-1.,0.));
#2087=DIRECTION('center_axis',(0.,1.,0.));
#2088=DIRECTION('ref_axis',(-1.,0.,0.));
#2089=DIRECTION('',(-1.,0.,0.));
#2090=DIRECTION('',(0.,0.,1.));
#2091=DIRECTION('',(-1.,0.,0.));
#2092=DIRECTION('center_axis',(0.,0.,1.));
#2093=DIRECTION('ref_axis',(1.,0.,0.));
#2094=DIRECTION('',(-1.,0.,0.));
#2095=DIRECTION('center_axis',(0.,0.,-1.));
#2096=DIRECTION('ref_axis',(-1.,0.,0.));
#2097=DIRECTION('center_axis',(0.,0.,-1.));
#2098=DIRECTION('ref_axis',(-1.,0.,0.));
#2099=DIRECTION('center_axis',(0.,0.,-1.));
#2100=DIRECTION('ref_axis',(-1.,0.,0.));
#2101=DIRECTION('center_axis',(0.,0.,1.));
#2102=DIRECTION('ref_axis',(1.,0.,0.));
#2103=DIRECTION('',(1.,0.,0.));
#2104=DIRECTION('center_axis',(0.,0.,-1.));
#2105=DIRECTION('ref_axis',(-1.,0.,0.));
#2106=DIRECTION('',(0.,0.,-1.));
#2107=DIRECTION('center_axis',(0.,0.,1.));
#2108=DIRECTION('ref_axis',(-1.,0.,0.));
#2109=DIRECTION('center_axis',(0.,0.,-1.));
#2110=DIRECTION('ref_axis',(-1.,0.,0.));
#2111=DIRECTION('',(0.,0.,-1.));
#2112=DIRECTION('center_axis',(0.,0.,1.));
#2113=DIRECTION('ref_axis',(-1.,0.,0.));
#2114=DIRECTION('center_axis',(0.,0.,-1.));
#2115=DIRECTION('ref_axis',(-1.,0.,0.));
#2116=DIRECTION('',(0.,0.,-1.));
#2117=DIRECTION('center_axis',(0.,0.,1.));
#2118=DIRECTION('ref_axis',(-1.,0.,0.));
#2119=DIRECTION('center_axis',(0.,0.,1.));
#2120=DIRECTION('ref_axis',(1.,0.,0.));
#2121=DIRECTION('',(-1.,0.,0.));
#2122=DIRECTION('',(0.,1.,0.));
#2123=DIRECTION('',(1.,0.,0.));
#2124=DIRECTION('',(0.,-1.,0.));
#2125=DIRECTION('center_axis',(0.,-1.,0.));
#2126=DIRECTION('ref_axis',(-1.,0.,0.));
#2127=DIRECTION('',(0.,0.,-1.));
#2128=DIRECTION('',(0.,0.,-1.));
#2129=DIRECTION('center_axis',(0.,0.,1.));
#2130=DIRECTION('ref_axis',(1.,0.,0.));
#2131=DIRECTION('',(0.,-1.,0.));
#2132=DIRECTION('',(1.,-1.94109474709895E-33,0.));
#2133=DIRECTION('center_axis',(0.,0.,-1.));
#2134=DIRECTION('ref_axis',(-1.,0.,0.));
#2135=DIRECTION('',(0.,-1.,0.));
#2136=DIRECTION('',(1.,0.,0.));
#2137=DIRECTION('',(0.,1.,0.));
#2138=DIRECTION('',(1.,0.,0.));
#2139=DIRECTION('center_axis',(-1.,0.,0.));
#2140=DIRECTION('ref_axis',(0.,1.,0.));
#2141=DIRECTION('',(0.,0.,-1.));
#2142=DIRECTION('',(0.,0.,-1.));
#2143=DIRECTION('center_axis',(0.,1.,0.));
#2144=DIRECTION('ref_axis',(1.,0.,0.));
#2145=DIRECTION('',(0.,0.,-1.));
#2146=DIRECTION('center_axis',(1.,0.,0.));
#2147=DIRECTION('ref_axis',(0.,-1.,0.));
#2148=DIRECTION('',(0.,0.,1.));
#2149=DIRECTION('center_axis',(0.,-1.,0.));
#2150=DIRECTION('ref_axis',(0.,0.,-1.));
#2151=DIRECTION('center_axis',(1.,0.,0.));
#2152=DIRECTION('ref_axis',(0.,1.,0.));
#2153=DIRECTION('center_axis',(-1.94109474709895E-33,-1.,0.));
#2154=DIRECTION('ref_axis',(1.,-1.94109474709895E-33,0.));
#2155=DIRECTION('center_axis',(0.,0.,1.));
#2156=DIRECTION('ref_axis',(0.707106781186548,-0.707106781186547,0.));
#2157=DIRECTION('center_axis',(0.,0.,-1.));
#2158=DIRECTION('ref_axis',(0.707106781186548,-0.707106781186547,0.));
#2159=DIRECTION('',(0.,0.,-1.));
#2160=DIRECTION('center_axis',(0.,0.,1.));
#2161=DIRECTION('ref_axis',(0.707106781186548,-0.707106781186547,0.));
#2162=DIRECTION('',(0.,0.,1.));
#2163=DIRECTION('',(0.,0.,1.));
#2164=DIRECTION('',(0.,0.,1.));
#2165=DIRECTION('center_axis',(0.,0.,-1.));
#2166=DIRECTION('ref_axis',(-1.,0.,0.));
#2167=DIRECTION('',(-1.,0.,0.));
#2168=DIRECTION('',(0.,1.,0.));
#2169=DIRECTION('',(1.,0.,0.));
#2170=DIRECTION('',(0.,-1.,0.));
#2171=DIRECTION('center_axis',(0.,0.,-1.));
#2172=DIRECTION('ref_axis',(1.,0.,0.));
#2173=DIRECTION('',(-1.,1.94109474709895E-33,0.));
#2174=DIRECTION('',(0.,-1.,0.));
#2175=DIRECTION('',(1.,0.,0.));
#2176=DIRECTION('',(0.,-1.,0.));
#2177=DIRECTION('center_axis',(0.,0.,-1.));
#2178=DIRECTION('ref_axis',(1.,0.,0.));
#2179=DIRECTION('',(-1.,0.,0.));
#2180=DIRECTION('',(0.,-1.,0.));
#2181=DIRECTION('',(1.,0.,0.));
#2182=DIRECTION('',(0.,-1.,0.));
#2183=DIRECTION('center_axis',(-1.,0.,0.));
#2184=DIRECTION('ref_axis',(0.,0.,1.));
#2185=DIRECTION('',(0.,0.,-1.));
#2186=DIRECTION('',(0.,1.,0.));
#2187=DIRECTION('',(0.,0.,1.));
#2188=DIRECTION('center_axis',(0.,1.,0.));
#2189=DIRECTION('ref_axis',(1.,0.,0.));
#2190=DIRECTION('',(-1.,0.,0.));
#2191=DIRECTION('',(0.,0.,-1.));
#2192=DIRECTION('',(0.,0.,-1.));
#2193=DIRECTION('',(0.,0.,1.));
#2194=DIRECTION('',(-1.,0.,0.));
#2195=DIRECTION('center_axis',(1.,0.,0.));
#2196=DIRECTION('ref_axis',(0.,0.,-1.));
#2197=DIRECTION('',(0.,0.,-1.));
#2198=DIRECTION('',(0.,1.,0.));
#2199=DIRECTION('center_axis',(-1.,0.,0.));
#2200=DIRECTION('ref_axis',(0.,0.,1.));
#2201=DIRECTION('',(0.,0.,-1.));
#2202=DIRECTION('',(0.,1.,0.));
#2203=DIRECTION('',(0.,0.,1.));
#2204=DIRECTION('center_axis',(0.,-1.,0.));
#2205=DIRECTION('ref_axis',(0.,0.,1.));
#2206=DIRECTION('',(0.,0.,-1.));
#2207=DIRECTION('',(-1.,0.,0.));
#2208=DIRECTION('',(-1.,0.,0.));
#2209=DIRECTION('',(0.,0.,1.));
#2210=DIRECTION('',(-1.,0.,0.));
#2211=DIRECTION('center_axis',(1.,0.,0.));
#2212=DIRECTION('ref_axis',(0.,0.,-1.));
#2213=DIRECTION('',(0.,0.,-1.));
#2214=DIRECTION('',(0.,1.,0.));
#2215=DIRECTION('center_axis',(0.,0.,1.));
#2216=DIRECTION('ref_axis',(1.,0.,0.));
#2217=DIRECTION('',(1.,0.,0.));
#2218=DIRECTION('center_axis',(0.,0.,1.));
#2219=DIRECTION('ref_axis',(1.,0.,0.));
#2220=DIRECTION('',(1.,-1.94109474709895E-33,0.));
#2221=DIRECTION('center_axis',(0.,0.,-1.));
#2222=DIRECTION('ref_axis',(0.,-1.,0.));
#2223=DIRECTION('',(0.,1.,0.));
#2224=DIRECTION('',(0.,-1.,0.));
#2225=DIRECTION('',(-1.,0.,0.));
#2226=DIRECTION('center_axis',(0.,1.,0.));
#2227=DIRECTION('ref_axis',(0.,0.,-1.));
#2228=DIRECTION('',(0.,0.,1.));
#2229=DIRECTION('',(0.,0.,-1.));
#2230=DIRECTION('',(-1.,0.,0.));
#2231=DIRECTION('center_axis',(0.,0.,1.));
#2232=DIRECTION('ref_axis',(0.,1.,0.));
#2233=DIRECTION('',(0.,-1.,0.));
#2234=DIRECTION('',(0.,1.,0.));
#2235=DIRECTION('center_axis',(0.,0.,-1.));
#2236=DIRECTION('ref_axis',(-1.,0.,0.));
#2237=DIRECTION('',(0.,-1.,0.));
#2238=DIRECTION('',(0.,-1.,0.));
#2239=DIRECTION('',(-1.,1.94109474709895E-33,0.));
#2240=DIRECTION('center_axis',(-1.,0.,0.));
#2241=DIRECTION('ref_axis',(0.,1.,0.));
#2242=DIRECTION('',(0.,0.,-1.));
#2243=DIRECTION('center_axis',(1.,0.,0.));
#2244=DIRECTION('ref_axis',(0.,1.,0.));
#2245=DIRECTION('center_axis',(-1.94109474709895E-33,-1.,0.));
#2246=DIRECTION('ref_axis',(1.,-1.94109474709895E-33,0.));
#2247=DIRECTION('center_axis',(0.,0.,-1.));
#2248=DIRECTION('ref_axis',(-0.707106781186547,-0.707106781186548,0.));
#2249=DIRECTION('center_axis',(0.,0.,1.));
#2250=DIRECTION('ref_axis',(-0.707106781186547,-0.707106781186548,0.));
#2251=DIRECTION('',(0.,0.,1.));
#2252=DIRECTION('center_axis',(0.,0.,-1.));
#2253=DIRECTION('ref_axis',(-0.707106781186547,-0.707106781186548,0.));
#2254=DIRECTION('',(0.,0.,-1.));
#2255=DIRECTION('',(0.,0.,-1.));
#2256=DIRECTION('',(0.,0.,-1.));
#2257=DIRECTION('center_axis',(0.,0.,-1.));
#2258=DIRECTION('ref_axis',(-1.,0.,0.));
#2259=DIRECTION('',(-1.,1.94109474709895E-33,0.));
#2260=DIRECTION('',(0.,-1.,0.));
#2261=DIRECTION('',(-1.,0.,0.));
#2262=DIRECTION('',(0.,-1.,0.));
#2263=DIRECTION('center_axis',(-1.,0.,0.));
#2264=DIRECTION('ref_axis',(0.,0.,1.));
#2265=DIRECTION('',(0.,0.,1.));
#2266=DIRECTION('',(0.,1.,0.));
#2267=DIRECTION('',(0.,0.,-1.));
#2268=DIRECTION('',(0.,1.,0.));
#2269=DIRECTION('center_axis',(-1.,0.,0.));
#2270=DIRECTION('ref_axis',(0.,0.,1.));
#2271=DIRECTION('',(0.,0.,-1.));
#2272=DIRECTION('',(0.,1.,0.));
#2273=DIRECTION('',(0.,0.,1.));
#2274=DIRECTION('',(0.,1.,0.));
#2275=DIRECTION('center_axis',(0.,0.,1.));
#2276=DIRECTION('ref_axis',(1.,0.,0.));
#2277=DIRECTION('',(1.,0.,0.));
#2278=DIRECTION('',(-1.,0.,0.));
#2279=DIRECTION('',(0.,1.,0.));
#2280=DIRECTION('center_axis',(0.,0.,-1.));
#2281=DIRECTION('ref_axis',(-1.,0.,0.));
#2282=DIRECTION('',(-1.,0.,0.));
#2283=DIRECTION('',(0.,1.,0.));
#2284=DIRECTION('',(1.,0.,0.));
#2285=DIRECTION('center_axis',(0.,0.,-1.));
#2286=DIRECTION('ref_axis',(-1.,0.,0.));
#2287=DIRECTION('',(1.,0.,0.));
#2288=DIRECTION('',(-1.,1.94109474709895E-33,0.));
#2289=DIRECTION('',(0.,1.,0.));
#2290=DIRECTION('center_axis',(1.,0.,0.));
#2291=DIRECTION('ref_axis',(0.,0.,-1.));
#2292=DIRECTION('',(0.,0.,-1.));
#2293=DIRECTION('',(0.,0.,1.));
#2294=DIRECTION('center_axis',(1.,0.,0.));
#2295=DIRECTION('ref_axis',(0.,0.,-1.));
#2296=DIRECTION('',(0.,0.,1.));
#2297=DIRECTION('',(0.,0.,-1.));
#2298=DIRECTION('',(0.,1.,0.));
#2299=DIRECTION('center_axis',(0.,0.,1.));
#2300=DIRECTION('ref_axis',(1.,0.,0.));
#2301=DIRECTION('',(-1.,0.,0.));
#2302=DIRECTION('',(1.,-1.94109474709895E-33,0.));
#2303=DIRECTION('center_axis',(0.,-1.,0.));
#2304=DIRECTION('ref_axis',(0.,0.,1.));
#2305=DIRECTION('',(-1.,0.,0.));
#2306=DIRECTION('',(0.,0.,1.));
#2307=DIRECTION('',(-1.,0.,0.));
#2308=DIRECTION('center_axis',(0.,0.,-1.));
#2309=DIRECTION('ref_axis',(0.,-1.,0.));
#2310=DIRECTION('',(0.,1.,0.));
#2311=DIRECTION('',(0.,-1.,0.));
#2312=DIRECTION('',(-1.,0.,0.));
#2313=DIRECTION('center_axis',(0.,1.,0.));
#2314=DIRECTION('ref_axis',(0.,0.,-1.));
#2315=DIRECTION('',(0.,0.,1.));
#2316=DIRECTION('',(0.,0.,-1.));
#2317=DIRECTION('',(-1.,0.,0.));
#2318=DIRECTION('center_axis',(0.,0.,1.));
#2319=DIRECTION('ref_axis',(0.,1.,0.));
#2320=DIRECTION('',(0.,-1.,0.));
#2321=DIRECTION('',(0.,1.,0.));
#2322=DIRECTION('center_axis',(0.,1.,0.));
#2323=DIRECTION('ref_axis',(1.,0.,0.));
#2324=DIRECTION('',(0.,0.,-1.));
#2325=DIRECTION('',(1.,0.,0.));
#2326=DIRECTION('',(0.,0.,-1.));
#2327=DIRECTION('center_axis',(-1.,0.,0.));
#2328=DIRECTION('ref_axis',(0.,1.,0.));
#2329=DIRECTION('',(0.,1.,0.));
#2330=DIRECTION('center_axis',(0.,0.,-1.));
#2331=DIRECTION('ref_axis',(-1.,0.,0.));
#2332=DIRECTION('',(0.,-1.,0.));
#2333=DIRECTION('',(-1.,0.,0.));
#2334=DIRECTION('center_axis',(1.,0.,0.));
#2335=DIRECTION('ref_axis',(0.,1.,0.));
#2336=DIRECTION('',(0.,0.,1.));
#2337=DIRECTION('center_axis',(-1.94109474709895E-33,-1.,0.));
#2338=DIRECTION('ref_axis',(1.,-1.94109474709895E-33,0.));
#2339=DIRECTION('center_axis',(1.,0.,0.));
#2340=DIRECTION('ref_axis',(0.,0.,1.));
#2341=DIRECTION('',(0.,0.,-1.));
#2342=DIRECTION('',(0.,-1.,0.));
#2343=DIRECTION('',(0.,0.,1.));
#2344=DIRECTION('',(0.,-1.,0.));
#2345=DIRECTION('center_axis',(1.,0.,0.));
#2346=DIRECTION('ref_axis',(0.,0.,1.));
#2347=DIRECTION('',(0.,0.,1.));
#2348=DIRECTION('',(0.,-1.,0.));
#2349=DIRECTION('',(0.,0.,-1.));
#2350=DIRECTION('',(0.,-1.,0.));
#2351=DIRECTION('center_axis',(0.,0.,1.));
#2352=DIRECTION('ref_axis',(-1.,0.,0.));
#2353=DIRECTION('',(1.,0.,0.));
#2354=DIRECTION('',(0.,-1.,0.));
#2355=DIRECTION('',(-1.,0.,0.));
#2356=DIRECTION('center_axis',(0.,0.,1.));
#2357=DIRECTION('ref_axis',(-1.,0.,0.));
#2358=DIRECTION('',(-1.,0.,0.));
#2359=DIRECTION('',(1.,-1.94109474709895E-33,0.));
#2360=DIRECTION('',(0.,-1.,0.));
#2361=DIRECTION('center_axis',(0.,0.,-1.));
#2362=DIRECTION('ref_axis',(1.,0.,0.));
#2363=DIRECTION('',(-1.,0.,0.));
#2364=DIRECTION('',(1.,0.,0.));
#2365=DIRECTION('',(0.,-1.,0.));
#2366=DIRECTION('center_axis',(-1.,0.,0.));
#2367=DIRECTION('ref_axis',(0.,0.,-1.));
#2368=DIRECTION('',(0.,0.,1.));
#2369=DIRECTION('',(0.,0.,-1.));
#2370=DIRECTION('center_axis',(-1.,0.,0.));
#2371=DIRECTION('ref_axis',(0.,0.,-1.));
#2372=DIRECTION('',(0.,0.,-1.));
#2373=DIRECTION('',(0.,0.,1.));
#2374=DIRECTION('',(0.,-1.,0.));
#2375=DIRECTION('center_axis',(0.,0.,-1.));
#2376=DIRECTION('ref_axis',(1.,0.,0.));
#2377=DIRECTION('',(1.,0.,0.));
#2378=DIRECTION('',(-1.,1.94109474709895E-33,0.));
#2379=DIRECTION('center_axis',(0.,-1.,0.));
#2380=DIRECTION('ref_axis',(0.,0.,1.));
#2381=DIRECTION('',(0.,0.,-1.));
#2382=DIRECTION('',(-1.,0.,0.));
#2383=DIRECTION('',(0.,0.,1.));
#2384=DIRECTION('',(-1.,0.,0.));
#2385=DIRECTION('center_axis',(0.,0.,-1.));
#2386=DIRECTION('ref_axis',(0.,-1.,0.));
#2387=DIRECTION('',(0.,1.,0.));
#2388=DIRECTION('',(0.,-1.,0.));
#2389=DIRECTION('',(-1.,0.,0.));
#2390=DIRECTION('center_axis',(0.,1.,0.));
#2391=DIRECTION('ref_axis',(0.,0.,-1.));
#2392=DIRECTION('',(0.,0.,1.));
#2393=DIRECTION('',(0.,0.,-1.));
#2394=DIRECTION('',(-1.,0.,0.));
#2395=DIRECTION('center_axis',(0.,0.,1.));
#2396=DIRECTION('ref_axis',(0.,1.,0.));
#2397=DIRECTION('',(0.,-1.,0.));
#2398=DIRECTION('',(0.,1.,0.));
#2399=DIRECTION('center_axis',(0.,0.,-1.));
#2400=DIRECTION('ref_axis',(-1.,0.,0.));
#2401=DIRECTION('',(0.,-1.,0.));
#2402=DIRECTION('',(-1.,0.,0.));
#2403=DIRECTION('',(0.,-1.,0.));
#2404=DIRECTION('',(-1.,1.94109474709895E-33,0.));
#2405=DIRECTION('center_axis',(0.,1.,0.));
#2406=DIRECTION('ref_axis',(1.,0.,0.));
#2407=DIRECTION('',(0.,0.,-1.));
#2408=DIRECTION('',(1.,0.,0.));
#2409=DIRECTION('',(0.,0.,-1.));
#2410=DIRECTION('center_axis',(-1.,0.,0.));
#2411=DIRECTION('ref_axis',(0.,1.,0.));
#2412=DIRECTION('',(0.,1.,0.));
#2413=DIRECTION('',(0.,0.,-1.));
#2414=DIRECTION('center_axis',(0.,0.,-1.));
#2415=DIRECTION('ref_axis',(-1.,0.,0.));
#2416=DIRECTION('',(0.,-1.,0.));
#2417=DIRECTION('',(-1.,0.,0.));
#2418=DIRECTION('center_axis',(1.,0.,0.));
#2419=DIRECTION('ref_axis',(0.,1.,0.));
#2420=DIRECTION('',(0.,0.,1.));
#2421=DIRECTION('center_axis',(-1.94109474709895E-33,-1.,0.));
#2422=DIRECTION('ref_axis',(1.,-1.94109474709895E-33,0.));
#2423=DIRECTION('center_axis',(-1.,0.,0.));
#2424=DIRECTION('ref_axis',(0.,0.,1.));
#2425=DIRECTION('',(0.,0.,1.));
#2426=DIRECTION('',(0.,1.,0.));
#2427=DIRECTION('',(0.,0.,-1.));
#2428=DIRECTION('',(0.,1.,0.));
#2429=DIRECTION('center_axis',(-1.,0.,0.));
#2430=DIRECTION('ref_axis',(0.,0.,1.));
#2431=DIRECTION('',(0.,0.,-1.));
#2432=DIRECTION('',(0.,1.,0.));
#2433=DIRECTION('',(0.,0.,1.));
#2434=DIRECTION('',(0.,1.,0.));
#2435=DIRECTION('center_axis',(0.,0.,-1.));
#2436=DIRECTION('ref_axis',(-1.,0.,0.));
#2437=DIRECTION('',(-1.,0.,0.));
#2438=DIRECTION('',(0.,1.,0.));
#2439=DIRECTION('',(1.,0.,0.));
#2440=DIRECTION('center_axis',(0.,0.,-1.));
#2441=DIRECTION('ref_axis',(-1.,0.,0.));
#2442=DIRECTION('',(1.,0.,0.));
#2443=DIRECTION('',(-1.,1.94109474709895E-33,0.));
#2444=DIRECTION('',(0.,1.,0.));
#2445=DIRECTION('center_axis',(0.,0.,1.));
#2446=DIRECTION('ref_axis',(1.,0.,0.));
#2447=DIRECTION('',(1.,0.,0.));
#2448=DIRECTION('',(-1.,0.,0.));
#2449=DIRECTION('',(0.,1.,0.));
#2450=DIRECTION('center_axis',(1.,0.,0.));
#2451=DIRECTION('ref_axis',(0.,0.,-1.));
#2452=DIRECTION('',(0.,0.,-1.));
#2453=DIRECTION('',(0.,0.,1.));
#2454=DIRECTION('center_axis',(1.,0.,0.));
#2455=DIRECTION('ref_axis',(0.,0.,-1.));
#2456=DIRECTION('',(0.,0.,1.));
#2457=DIRECTION('',(0.,0.,-1.));
#2458=DIRECTION('',(0.,1.,0.));
#2459=DIRECTION('center_axis',(0.,0.,1.));
#2460=DIRECTION('ref_axis',(1.,0.,0.));
#2461=DIRECTION('',(-1.,0.,0.));
#2462=DIRECTION('',(1.,-1.94109474709895E-33,0.));
#2463=DIRECTION('center_axis',(0.,-1.,0.));
#2464=DIRECTION('ref_axis',(0.,0.,1.));
#2465=DIRECTION('',(0.,0.,-1.));
#2466=DIRECTION('',(-1.,0.,0.));
#2467=DIRECTION('',(0.,0.,1.));
#2468=DIRECTION('',(-1.,0.,0.));
#2469=DIRECTION('center_axis',(0.,0.,-1.));
#2470=DIRECTION('ref_axis',(0.,-1.,0.));
#2471=DIRECTION('',(0.,1.,0.));
#2472=DIRECTION('',(0.,-1.,0.));
#2473=DIRECTION('',(-1.,0.,0.));
#2474=DIRECTION('center_axis',(0.,1.,0.));
#2475=DIRECTION('ref_axis',(0.,0.,-1.));
#2476=DIRECTION('',(0.,0.,1.));
#2477=DIRECTION('',(0.,0.,-1.));
#2478=DIRECTION('',(-1.,0.,0.));
#2479=DIRECTION('center_axis',(0.,0.,1.));
#2480=DIRECTION('ref_axis',(0.,1.,0.));
#2481=DIRECTION('',(0.,-1.,0.));
#2482=DIRECTION('',(0.,1.,0.));
#2483=DIRECTION('center_axis',(0.,0.,-1.));
#2484=DIRECTION('ref_axis',(-1.,0.,0.));
#2485=DIRECTION('',(0.,-1.,0.));
#2486=DIRECTION('',(-1.,0.,0.));
#2487=DIRECTION('',(0.,-1.,0.));
#2488=DIRECTION('',(-1.,1.94109474709895E-33,0.));
#2489=DIRECTION('center_axis',(0.,1.,0.));
#2490=DIRECTION('ref_axis',(1.,0.,0.));
#2491=DIRECTION('',(0.,0.,-1.));
#2492=DIRECTION('',(1.,0.,0.));
#2493=DIRECTION('',(0.,0.,-1.));
#2494=DIRECTION('center_axis',(-1.,0.,0.));
#2495=DIRECTION('ref_axis',(0.,1.,0.));
#2496=DIRECTION('',(0.,1.,0.));
#2497=DIRECTION('',(0.,0.,-1.));
#2498=DIRECTION('center_axis',(0.,0.,-1.));
#2499=DIRECTION('ref_axis',(-1.,0.,0.));
#2500=DIRECTION('',(0.,-1.,0.));
#2501=DIRECTION('',(-1.,0.,0.));
#2502=DIRECTION('center_axis',(1.,0.,0.));
#2503=DIRECTION('ref_axis',(0.,1.,0.));
#2504=DIRECTION('',(0.,0.,1.));
#2505=DIRECTION('center_axis',(-1.94109474709895E-33,-1.,0.));
#2506=DIRECTION('ref_axis',(1.,-1.94109474709895E-33,0.));
#2507=CARTESIAN_POINT('',(0.,0.,0.));
#2508=CARTESIAN_POINT('Origin',(0.25,0.25,1.75));
#2509=CARTESIAN_POINT('',(0.,0.25,1.75));
#2510=CARTESIAN_POINT('',(0.25,0.25,2.));
#2511=CARTESIAN_POINT('Origin',(0.25,0.25,1.75));
#2512=CARTESIAN_POINT('',(0.25,1.94109474709895E-33,1.75));
#2513=CARTESIAN_POINT('Origin',(0.25,0.25,1.75));
#2514=CARTESIAN_POINT('Origin',(0.25,0.25,1.75));
#2515=CARTESIAN_POINT('Origin',(0.25,0.25,0.));
#2516=CARTESIAN_POINT('',(0.,0.249999999999999,0.));
#2517=CARTESIAN_POINT('',(0.25,-4.85273686774737E-34,0.));
#2518=CARTESIAN_POINT('Origin',(0.25,0.25,0.));
#2519=CARTESIAN_POINT('',(0.25,0.,0.));
#2520=CARTESIAN_POINT('',(0.,0.25,0.));
#2521=CARTESIAN_POINT('Origin',(4.75,0.25,1.75));
#2522=CARTESIAN_POINT('',(4.75,0.,1.75));
#2523=CARTESIAN_POINT('',(4.75,0.25,2.));
#2524=CARTESIAN_POINT('Origin',(4.75,0.25,1.75));
#2525=CARTESIAN_POINT('',(5.,0.25,1.75));
#2526=CARTESIAN_POINT('Origin',(4.75,0.25,1.75));
#2527=CARTESIAN_POINT('Origin',(4.75,0.25,1.75));
#2528=CARTESIAN_POINT('Origin',(4.75,0.25,0.));
#2529=CARTESIAN_POINT('',(4.75,-9.22020004871999E-33,0.));
#2530=CARTESIAN_POINT('',(5.,0.25,0.));
#2531=CARTESIAN_POINT('Origin',(4.75,0.25,0.));
#2532=CARTESIAN_POINT('',(5.,0.25,0.));
#2533=CARTESIAN_POINT('',(4.75,0.,0.));
#2534=CARTESIAN_POINT('Origin',(4.75,2.,1.75));
#2535=CARTESIAN_POINT('',(5.,8.,1.75));
#2536=CARTESIAN_POINT('',(4.75,8.,2.));
#2537=CARTESIAN_POINT('Origin',(4.75,8.,1.75));
#2538=CARTESIAN_POINT('',(4.75,7.75,2.));
#2539=CARTESIAN_POINT('',(4.75,2.,2.));
#2540=CARTESIAN_POINT('',(4.75,2.,2.));
#2541=CARTESIAN_POINT('',(4.75,5.875,2.));
#2542=CARTESIAN_POINT('',(4.75,2.,2.));
#2543=CARTESIAN_POINT('',(5.,2.,1.75));
#2544=CARTESIAN_POINT('Origin',(1.25,0.25,1.75));
#2545=CARTESIAN_POINT('',(1.25,0.25,2.));
#2546=CARTESIAN_POINT('',(1.25,0.,1.75));
#2547=CARTESIAN_POINT('Origin',(0.25,6.,1.75));
#2548=CARTESIAN_POINT('',(0.25,8.,2.));
#2549=CARTESIAN_POINT('',(0.,8.,1.75));
#2550=CARTESIAN_POINT('Origin',(0.25,8.,1.75));
#2551=CARTESIAN_POINT('',(0.,6.,1.75));
#2552=CARTESIAN_POINT('',(0.25,2.,2.));
#2553=CARTESIAN_POINT('',(0.25,6.,2.));
#2554=CARTESIAN_POINT('',(0.25,7.75,2.));
#2555=CARTESIAN_POINT('',(0.25,3.,2.));
#2556=CARTESIAN_POINT('',(0.25,6.,2.));
#2557=CARTESIAN_POINT('Origin',(0.,8.,0.));
#2558=CARTESIAN_POINT('',(0.,8.,0.));
#2559=CARTESIAN_POINT('',(0.,8.,0.));
#2560=CARTESIAN_POINT('',(0.,8.,0.));
#2561=CARTESIAN_POINT('Origin',(5.,8.,0.));
#2562=CARTESIAN_POINT('',(5.,8.,2.));
#2563=CARTESIAN_POINT('',(5.,8.,0.));
#2564=CARTESIAN_POINT('',(5.,8.,0.));
#2565=CARTESIAN_POINT('',(5.,8.,0.));
#2566=CARTESIAN_POINT('Origin',(2.5,4.,2.));
#2567=CARTESIAN_POINT('',(3.625,2.,2.));
#2568=CARTESIAN_POINT('',(2.67716535433071,1.,2.));
#2569=CARTESIAN_POINT('Origin',(2.5,1.,2.));
#2570=CARTESIAN_POINT('',(1.88976377952756,1.31496062992126,2.));
#2571=CARTESIAN_POINT('Origin',(1.81102362204724,1.31496062992126,2.));
#2572=CARTESIAN_POINT('',(3.26771653543307,1.31496062992126,2.));
#2573=CARTESIAN_POINT('Origin',(3.18897637795276,1.31496062992126,2.));
#2574=CARTESIAN_POINT('Origin',(2.5,4.,2.));
#2575=CARTESIAN_POINT('',(1.375,7.75,2.));
#2576=CARTESIAN_POINT('Origin',(2.5,1.,2.));
#2577=CARTESIAN_POINT('',(2.67716535433071,1.,1.875));
#2578=CARTESIAN_POINT('',(2.67716535433071,1.,2.));
#2579=CARTESIAN_POINT('Origin',(2.5,1.,1.875));
#2580=CARTESIAN_POINT('Origin',(1.81102362204724,1.31496062992126,2.));
#2581=CARTESIAN_POINT('',(1.88976377952756,1.31496062992126,1.875));
#2582=CARTESIAN_POINT('',(1.88976377952756,1.31496062992126,2.));
#2583=CARTESIAN_POINT('Origin',(1.81102362204724,1.31496062992126,1.875));
#2584=CARTESIAN_POINT('Origin',(3.18897637795276,1.31496062992126,2.));
#2585=CARTESIAN_POINT('',(3.26771653543307,1.31496062992126,1.875));
#2586=CARTESIAN_POINT('',(3.26771653543307,1.31496062992126,2.));
#2587=CARTESIAN_POINT('Origin',(3.18897637795276,1.31496062992126,1.875));
#2588=CARTESIAN_POINT('Origin',(4.75,2.,1.875));
#2589=CARTESIAN_POINT('',(4.75,2.,1.875));
#2590=CARTESIAN_POINT('',(0.25,2.,1.875));
#2591=CARTESIAN_POINT('',(4.75,2.,1.875));
#2592=CARTESIAN_POINT('',(4.75,0.25,1.875));
#2593=CARTESIAN_POINT('',(4.75,2.,1.875));
#2594=CARTESIAN_POINT('',(0.25,0.25,1.875));
#2595=CARTESIAN_POINT('',(4.75,0.25,1.875));
#2596=CARTESIAN_POINT('',(0.25,2.,1.875));
#2597=CARTESIAN_POINT('Origin',(4.75,2.,2.));
#2598=CARTESIAN_POINT('',(0.25,2.,2.));
#2599=CARTESIAN_POINT('',(4.75,2.,2.));
#2600=CARTESIAN_POINT('Origin',(2.5,4.,0.));
#2601=CARTESIAN_POINT('',(5.,2.,0.));
#2602=CARTESIAN_POINT('',(0.,0.,0.));
#2603=CARTESIAN_POINT('Origin',(2.5,4.875,0.25));
#2604=CARTESIAN_POINT('',(4.75,7.75,0.25));
#2605=CARTESIAN_POINT('',(4.75,0.25,0.25));
#2606=CARTESIAN_POINT('',(4.75,2.,0.25));
#2607=CARTESIAN_POINT('',(0.25,7.75,0.25));
#2608=CARTESIAN_POINT('',(0.25,7.75,0.25));
#2609=CARTESIAN_POINT('',(0.25,0.25,0.25));
#2610=CARTESIAN_POINT('',(0.25,2.,0.25));
#2611=CARTESIAN_POINT('',(0.25,0.25,0.25));
#2612=CARTESIAN_POINT('Origin',(0.25,2.,2.));
#2613=CARTESIAN_POINT('',(0.25,0.25,1.75));
#2614=CARTESIAN_POINT('',(0.25,7.75,2.));
#2615=CARTESIAN_POINT('Origin',(0.25,7.75,2.));
#2616=CARTESIAN_POINT('',(4.75,7.75,2.));
#2617=CARTESIAN_POINT('Origin',(4.75,7.75,2.));
#2618=CARTESIAN_POINT('',(4.75,0.25,1.75));
#2619=CARTESIAN_POINT('Origin',(2.5,0.25,1.));
#2620=CARTESIAN_POINT('Origin',(5.,-9.70547373549473E-33,0.));
#2621=CARTESIAN_POINT('Origin',(0.,0.,0.));
#2622=CARTESIAN_POINT('Origin',(4.75,0.25,0.));
#2623=CARTESIAN_POINT('',(5.,0.25,0.));
#2624=CARTESIAN_POINT('',(4.75,-6.79383161484631E-33,0.));
#2625=CARTESIAN_POINT('Origin',(4.75,0.25,0.));
#2626=CARTESIAN_POINT('',(4.75,-6.99353086378051E-16,-1.24409448818898));
#2627=CARTESIAN_POINT('',(4.75,0.,0.));
#2628=CARTESIAN_POINT('',(5.,0.25,-1.24409448818898));
#2629=CARTESIAN_POINT('Origin',(4.75,0.25,-1.24409448818898));
#2630=CARTESIAN_POINT('',(5.,0.25,-0.994094488188976));
#2631=CARTESIAN_POINT('',(5.,0.25,0.));
#2632=CARTESIAN_POINT('',(5.,0.25,-0.25));
#2633=CARTESIAN_POINT('',(5.,0.25,-0.497047244094488));
#2634=CARTESIAN_POINT('',(5.,0.25,0.));
#2635=CARTESIAN_POINT('Origin',(4.375,1.55,-1.24409448818898));
#2636=CARTESIAN_POINT('',(3.75,-6.99353086378051E-16,-1.24409448818898));
#2637=CARTESIAN_POINT('',(5.,-6.99353086378051E-16,-1.24409448818898));
#2638=CARTESIAN_POINT('',(3.75,3.1,-1.24409448818898));
#2639=CARTESIAN_POINT('',(3.75,-6.99353086378051E-16,-1.24409448818898));
#2640=CARTESIAN_POINT('',(5.,3.1,-1.24409448818898));
#2641=CARTESIAN_POINT('',(3.75,3.1,-1.24409448818898));
#2642=CARTESIAN_POINT('',(5.,3.1,-1.24409448818898));
#2643=CARTESIAN_POINT('Origin',(4.3257874015748,8.,-0.723425196850394));
#2644=CARTESIAN_POINT('',(4.42421259842519,0.,-0.723425196850394));
#2645=CARTESIAN_POINT('',(4.3257874015748,0.,-0.723425196850394));
#2646=CARTESIAN_POINT('',(2.1628937007874,0.,-0.723425196850394));
#2647=CARTESIAN_POINT('',(4.42421259842519,0.249999999999999,-0.723425196850394));
#2648=CARTESIAN_POINT('',(4.42421259842519,8.,-0.723425196850394));
#2649=CARTESIAN_POINT('',(4.3257874015748,0.249999999999999,-0.723425196850394));
#2650=CARTESIAN_POINT('',(4.6628937007874,0.25,-0.723425196850394));
#2651=CARTESIAN_POINT('',(4.3257874015748,8.,-0.723425196850394));
#2652=CARTESIAN_POINT('Origin',(4.3257874015748,8.,-0.723425196850394));
#2653=CARTESIAN_POINT('',(4.42421259842519,2.85,-0.723425196850394));
#2654=CARTESIAN_POINT('',(4.3257874015748,2.85,-0.723425196850394));
#2655=CARTESIAN_POINT('',(4.6628937007874,2.85,-0.723425196850394));
#2656=CARTESIAN_POINT('',(4.42421259842519,3.1,-0.723425196850394));
#2657=CARTESIAN_POINT('',(4.42421259842519,8.,-0.723425196850394));
#2658=CARTESIAN_POINT('',(4.3257874015748,3.1,-0.723425196850394));
#2659=CARTESIAN_POINT('',(4.0378937007874,3.1,-0.723425196850394));
#2660=CARTESIAN_POINT('',(4.3257874015748,8.,-0.723425196850394));
#2661=CARTESIAN_POINT('Origin',(4.3257874015748,-8.49228951855789E-33,-0.720425196850394));
#2662=CARTESIAN_POINT('',(4.3257874015748,3.1,-0.523574803149606));
#2663=CARTESIAN_POINT('',(4.3257874015748,3.1,-0.360212598425197));
#2664=CARTESIAN_POINT('',(4.3257874015748,2.85,-0.523574803149606));
#2665=CARTESIAN_POINT('',(4.3257874015748,-8.49228951855789E-33,-0.523574803149606));
#2666=CARTESIAN_POINT('',(4.3257874015748,2.85,-0.485212598425197));
#2667=CARTESIAN_POINT('Origin',(3.75,3.1,0.));
#2668=CARTESIAN_POINT('',(5.,3.1,0.));
#2669=CARTESIAN_POINT('',(3.75,3.1,0.));
#2670=CARTESIAN_POINT('',(3.125,3.1,0.));
#2671=CARTESIAN_POINT('',(5.,3.1,0.));
#2672=CARTESIAN_POINT('',(3.75,3.1,0.));
#2673=CARTESIAN_POINT('',(4.4242125984252,3.1,-0.523574803149606));
#2674=CARTESIAN_POINT('',(4.4242125984252,3.1,-0.261787401574803));
#2675=CARTESIAN_POINT('',(4.0378937007874,3.1,-0.523574803149606));
#2676=CARTESIAN_POINT('Origin',(4.4242125984252,-8.49228951855789E-33,-0.523574803149606));
#2677=CARTESIAN_POINT('',(4.4242125984252,2.85,-0.523574803149606));
#2678=CARTESIAN_POINT('',(4.4242125984252,2.85,-0.386787401574803));
#2679=CARTESIAN_POINT('',(4.4242125984252,-8.49228951855789E-33,-0.523574803149606));
#2680=CARTESIAN_POINT('Origin',(4.3257874015748,-8.49228951855789E-33,-0.720425196850394));
#2681=CARTESIAN_POINT('',(4.3257874015748,0.25,-0.523574803149606));
#2682=CARTESIAN_POINT('',(4.3257874015748,0.25,-0.857259842519685));
#2683=CARTESIAN_POINT('',(4.3257874015748,-8.49228951855789E-33,-0.523574803149606));
#2684=CARTESIAN_POINT('',(4.3257874015748,-8.49228951855789E-33,-0.523574803149606));
#2685=CARTESIAN_POINT('',(4.3257874015748,-8.39676320226365E-33,-0.360212598425197));
#2686=CARTESIAN_POINT('Origin',(5.,0.25,-0.994094488188976));
#2687=CARTESIAN_POINT('',(3.75,0.25,-0.25));
#2688=CARTESIAN_POINT('',(3.75,0.25,-0.994094488188976));
#2689=CARTESIAN_POINT('',(3.75,0.25,-0.497047244094488));
#2690=CARTESIAN_POINT('',(5.,0.25,-0.25));
#2691=CARTESIAN_POINT('',(5.,0.25,-0.994094488188976));
#2692=CARTESIAN_POINT('',(4.4242125984252,0.25,-0.523574803149606));
#2693=CARTESIAN_POINT('',(4.4242125984252,0.25,-0.758834645669291));
#2694=CARTESIAN_POINT('',(4.6628937007874,0.25,-0.523574803149606));
#2695=CARTESIAN_POINT('Origin',(4.4242125984252,-8.49228951855789E-33,-0.523574803149606));
#2696=CARTESIAN_POINT('',(4.4242125984252,-8.49228951855789E-33,-0.523574803149606));
#2697=CARTESIAN_POINT('',(4.4242125984252,-8.58781583485213E-33,-0.261787401574803));
#2698=CARTESIAN_POINT('',(4.4242125984252,-8.49228951855789E-33,-0.523574803149606));
#2699=CARTESIAN_POINT('Origin',(4.3257874015748,-8.49228951855789E-33,-0.523574803149606));
#2700=CARTESIAN_POINT('',(4.6628937007874,2.85,-0.523574803149606));
#2701=CARTESIAN_POINT('Origin',(4.3257874015748,-8.49228951855789E-33,-0.523574803149606));
#2702=CARTESIAN_POINT('',(2.1628937007874,-4.19838160113182E-33,-0.523574803149606));
#2703=CARTESIAN_POINT('Origin',(5.,2.85,-0.994094488188976));
#2704=CARTESIAN_POINT('',(3.75,2.85,-0.994094488188976));
#2705=CARTESIAN_POINT('',(3.75,1.425,-0.994094488188976));
#2706=CARTESIAN_POINT('',(5.,2.85,-0.994094488188976));
#2707=CARTESIAN_POINT('',(5.,1.425,-0.994094488188976));
#2708=CARTESIAN_POINT('',(5.,2.85,-0.994094488188976));
#2709=CARTESIAN_POINT('Origin',(5.,2.85,-0.25));
#2710=CARTESIAN_POINT('',(3.75,2.85,-0.25));
#2711=CARTESIAN_POINT('',(3.75,2.85,-0.125));
#2712=CARTESIAN_POINT('',(5.,2.85,-0.25));
#2713=CARTESIAN_POINT('',(5.,2.85,-0.125));
#2714=CARTESIAN_POINT('',(5.,2.85,-0.25));
#2715=CARTESIAN_POINT('Origin',(5.,0.25,-0.25));
#2716=CARTESIAN_POINT('',(3.75,0.124999999999999,-0.25));
#2717=CARTESIAN_POINT('',(5.,0.125,-0.25));
#2718=CARTESIAN_POINT('Origin',(2.5,4.,0.));
#2719=CARTESIAN_POINT('',(5.,2.,0.));
#2720=CARTESIAN_POINT('',(3.75,-6.99353086378051E-16,0.));
#2721=CARTESIAN_POINT('',(3.75,2.,0.));
#2722=CARTESIAN_POINT('',(1.25,0.,0.));
#2723=CARTESIAN_POINT('Origin',(3.75,-6.99353086378051E-16,0.));
#2724=CARTESIAN_POINT('',(3.75,-6.99353086378051E-16,0.));
#2725=CARTESIAN_POINT('Origin',(5.,-9.70547373549473E-33,0.));
#2726=CARTESIAN_POINT('Origin',(0.,0.,0.));
#2727=CARTESIAN_POINT('Origin',(0.249999999999999,0.25,0.));
#2728=CARTESIAN_POINT('',(-6.99353086378051E-16,0.25,-1.24409448818898));
#2729=CARTESIAN_POINT('',(0.249999999999999,-6.99353086378051E-16,-1.24409448818898));
#2730=CARTESIAN_POINT('Origin',(0.249999999999999,0.25,-1.24409448818898));
#2731=CARTESIAN_POINT('',(0.249999999999999,-5.3380105545221E-33,0.));
#2732=CARTESIAN_POINT('',(0.249999999999999,0.,0.));
#2733=CARTESIAN_POINT('',(-6.99353086378051E-16,0.25,0.));
#2734=CARTESIAN_POINT('Origin',(0.249999999999999,0.25,0.));
#2735=CARTESIAN_POINT('',(-6.99353086378051E-16,0.25,-0.25));
#2736=CARTESIAN_POINT('',(-6.99353086378051E-16,0.25,0.));
#2737=CARTESIAN_POINT('',(-6.99353086378051E-16,0.25,-0.994094488188976));
#2738=CARTESIAN_POINT('',(-6.99353086378051E-16,0.25,-0.497047244094488));
#2739=CARTESIAN_POINT('',(-6.99353086378051E-16,0.25,0.));
#2740=CARTESIAN_POINT('Origin',(-1.25,4.,0.));
#2741=CARTESIAN_POINT('',(1.25,-9.70547373549473E-33,0.));
#2742=CARTESIAN_POINT('',(-2.5,0.,0.));
#2743=CARTESIAN_POINT('',(1.25,3.1,0.));
#2744=CARTESIAN_POINT('',(1.25,2.,0.));
#2745=CARTESIAN_POINT('',(-6.99353086378051E-16,3.1,0.));
#2746=CARTESIAN_POINT('',(-0.625,3.1,0.));
#2747=CARTESIAN_POINT('',(-6.99353086378051E-16,2.,0.));
#2748=CARTESIAN_POINT('Origin',(0.575787401574802,-8.49228951855789E-33,
-0.723425196850394));
#2749=CARTESIAN_POINT('',(0.575787401574802,2.85,-0.723425196850394));
#2750=CARTESIAN_POINT('',(0.575787401574802,2.85,-0.526574803149606));
#2751=CARTESIAN_POINT('',(0.575787401574802,2.85,-0.486712598425197));
#2752=CARTESIAN_POINT('',(0.575787401574802,3.1,-0.723425196850394));
#2753=CARTESIAN_POINT('',(0.575787401574802,-8.49228951855789E-33,-0.723425196850394));
#2754=CARTESIAN_POINT('',(0.575787401574802,3.1,-0.526574803149606));
#2755=CARTESIAN_POINT('',(0.575787401574802,3.1,-0.361712598425197));
#2756=CARTESIAN_POINT('',(0.575787401574802,-8.49228951855789E-33,-0.526574803149606));
#2757=CARTESIAN_POINT('Origin',(0.575787401574802,-8.49228951855789E-33,
-0.723425196850394));
#2758=CARTESIAN_POINT('',(0.575787401574802,0.25,-0.526574803149606));
#2759=CARTESIAN_POINT('',(0.575787401574802,0.25,-0.723425196850394));
#2760=CARTESIAN_POINT('',(0.575787401574802,0.25,-0.858759842519685));
#2761=CARTESIAN_POINT('',(0.575787401574802,-8.49228951855789E-33,-0.526574803149606));
#2762=CARTESIAN_POINT('',(0.575787401574802,-8.49228951855789E-33,-0.526574803149606));
#2763=CARTESIAN_POINT('',(0.575787401574802,-8.49228951855789E-33,-0.723425196850394));
#2764=CARTESIAN_POINT('',(0.575787401574803,-8.39676320226365E-33,-0.361712598425197));
#2765=CARTESIAN_POINT('',(0.575787401574802,-8.49228951855789E-33,-0.723425196850394));
#2766=CARTESIAN_POINT('Origin',(0.575787401574802,-8.49228951855789E-33,
-0.526574803149606));
#2767=CARTESIAN_POINT('',(0.674212598425196,2.85,-0.526574803149606));
#2768=CARTESIAN_POINT('',(0.912893700787401,2.85,-0.526574803149606));
#2769=CARTESIAN_POINT('',(0.674212598425196,3.1,-0.526574803149606));
#2770=CARTESIAN_POINT('',(0.287893700787401,3.1,-0.526574803149606));
#2771=CARTESIAN_POINT('',(0.674212598425196,-8.49228951855789E-33,-0.526574803149606));
#2772=CARTESIAN_POINT('Origin',(0.674212598425196,-8.49228951855789E-33,
-0.723425196850394));
#2773=CARTESIAN_POINT('',(0.674212598425196,2.85,-0.723425196850394));
#2774=CARTESIAN_POINT('',(0.962106299212598,2.85,-0.723425196850394));
#2775=CARTESIAN_POINT('',(0.674212598425196,3.1,-0.723425196850394));
#2776=CARTESIAN_POINT('',(0.674212598425196,-8.49228951855789E-33,-0.723425196850394));
#2777=CARTESIAN_POINT('',(0.337106299212598,3.1,-0.723425196850394));
#2778=CARTESIAN_POINT('Origin',(0.674212598425196,-8.49228951855789E-33,
-0.723425196850394));
#2779=CARTESIAN_POINT('',(0.674212598425196,0.25,-0.723425196850394));
#2780=CARTESIAN_POINT('',(0.962106299212598,0.25,-0.723425196850394));
#2781=CARTESIAN_POINT('',(0.674212598425196,-8.49228951855789E-33,-0.723425196850394));
#2782=CARTESIAN_POINT('',(-1.5378937007874,-4.29390791742606E-33,-0.723425196850394));
#2783=CARTESIAN_POINT('',(0.674212598425196,-8.49228951855789E-33,-0.723425196850394));
#2784=CARTESIAN_POINT('Origin',(0.674212598425196,-8.49228951855789E-33,
-0.526574803149606));
#2785=CARTESIAN_POINT('',(0.674212598425196,2.85,-0.388287401574803));
#2786=CARTESIAN_POINT('',(0.674212598425196,3.1,-0.263287401574803));
#2787=CARTESIAN_POINT('Origin',(0.674212598425196,-8.49228951855789E-33,
-0.526574803149606));
#2788=CARTESIAN_POINT('',(0.674212598425196,0.25,-0.526574803149606));
#2789=CARTESIAN_POINT('',(0.674212598425196,0.25,-0.760334645669291));
#2790=CARTESIAN_POINT('',(0.674212598425196,-8.49228951855789E-33,-0.526574803149606));
#2791=CARTESIAN_POINT('',(0.674212598425196,-8.58781583485213E-33,-0.263287401574803));
#2792=CARTESIAN_POINT('',(0.674212598425196,-8.49228951855789E-33,-0.526574803149606));
#2793=CARTESIAN_POINT('Origin',(0.575787401574802,-8.49228951855789E-33,
-0.526574803149606));
#2794=CARTESIAN_POINT('',(0.912893700787401,0.25,-0.526574803149606));
#2795=CARTESIAN_POINT('',(-1.5871062992126,-4.19838160113182E-33,-0.526574803149606));
#2796=CARTESIAN_POINT('Origin',(1.25,0.25,-0.994094488188976));
#2797=CARTESIAN_POINT('',(1.25,0.25,-0.25));
#2798=CARTESIAN_POINT('',(1.25,0.25,-0.25));
#2799=CARTESIAN_POINT('',(1.25,0.25,-0.994094488188976));
#2800=CARTESIAN_POINT('',(1.25,0.25,-0.497047244094488));
#2801=CARTESIAN_POINT('',(1.25,0.25,-0.994094488188976));
#2802=CARTESIAN_POINT('Origin',(1.25,2.85,-0.994094488188976));
#2803=CARTESIAN_POINT('',(-6.99353086378051E-16,2.85,-0.994094488188976));
#2804=CARTESIAN_POINT('',(-6.99353086378051E-16,1.425,-0.994094488188976));
#2805=CARTESIAN_POINT('',(1.25,2.85,-0.994094488188976));
#2806=CARTESIAN_POINT('',(1.25,1.425,-0.994094488188976));
#2807=CARTESIAN_POINT('',(1.25,2.85,-0.994094488188976));
#2808=CARTESIAN_POINT('Origin',(1.25,2.85,-0.25));
#2809=CARTESIAN_POINT('',(-6.99353086378051E-16,2.85,-0.25));
#2810=CARTESIAN_POINT('',(-6.99353086378051E-16,2.85,-0.125));
#2811=CARTESIAN_POINT('',(1.25,2.85,-0.25));
#2812=CARTESIAN_POINT('',(1.25,2.85,-0.125));
#2813=CARTESIAN_POINT('',(1.25,2.85,-0.25));
#2814=CARTESIAN_POINT('Origin',(1.25,0.25,-0.25));
#2815=CARTESIAN_POINT('',(-6.99353086378051E-16,0.124999999999999,-0.25));
#2816=CARTESIAN_POINT('',(1.25,0.125,-0.25));
#2817=CARTESIAN_POINT('Origin',(-6.99353086378051E-16,3.1,0.));
#2818=CARTESIAN_POINT('',(1.25,3.1,-1.24409448818898));
#2819=CARTESIAN_POINT('',(1.25,3.1,0.));
#2820=CARTESIAN_POINT('',(-6.99353086378051E-16,3.1,-1.24409448818898));
#2821=CARTESIAN_POINT('',(-6.99353086378051E-16,3.1,-1.24409448818898));
#2822=CARTESIAN_POINT('',(-6.99353086378051E-16,3.1,0.));
#2823=CARTESIAN_POINT('Origin',(-6.99353086378051E-16,-6.99353086378051E-16,
0.));
#2824=CARTESIAN_POINT('',(-6.99353086378051E-16,-6.99353086378051E-16,-1.24409448818898));
#2825=CARTESIAN_POINT('Origin',(0.624999999999999,1.55,-1.24409448818898));
#2826=CARTESIAN_POINT('',(1.25,-6.99353086378051E-16,-1.24409448818898));
#2827=CARTESIAN_POINT('',(1.25,3.1,-1.24409448818898));
#2828=CARTESIAN_POINT('',(1.25,-6.99353086378051E-16,-1.24409448818898));
#2829=CARTESIAN_POINT('Origin',(1.25,-9.70547373549473E-33,0.));
#2830=CARTESIAN_POINT('',(1.25,-9.70547373549473E-33,0.));
#2831=CARTESIAN_POINT('Origin',(-3.75,0.,0.));
#2832=CARTESIAN_POINT('Origin',(4.42421259842519,8.,-0.723425196850394));
#2833=CARTESIAN_POINT('',(4.42421259842519,7.75,-0.526574803149606));
#2834=CARTESIAN_POINT('',(4.42421259842519,7.75,-0.723425196850394));
#2835=CARTESIAN_POINT('',(4.42421259842519,7.75,-0.486712598425197));
#2836=CARTESIAN_POINT('',(4.42421259842519,8.,-0.526574803149606));
#2837=CARTESIAN_POINT('',(4.42421259842519,8.,-0.526574803149606));
#2838=CARTESIAN_POINT('',(4.42421259842519,8.,-0.723425196850394));
#2839=CARTESIAN_POINT('',(4.42421259842519,8.,-0.361712598425197));
#2840=CARTESIAN_POINT('',(4.42421259842519,8.,-0.723425196850394));
#2841=CARTESIAN_POINT('Origin',(4.42421259842519,8.,-0.723425196850394));
#2842=CARTESIAN_POINT('',(4.42421259842519,5.15,-0.723425196850394));
#2843=CARTESIAN_POINT('',(4.42421259842519,5.15,-0.526574803149606));
#2844=CARTESIAN_POINT('',(4.42421259842519,5.15,-0.858759842519685));
#2845=CARTESIAN_POINT('',(4.42421259842519,4.9,-0.723425196850394));
#2846=CARTESIAN_POINT('',(4.42421259842519,8.,-0.723425196850394));
#2847=CARTESIAN_POINT('',(4.42421259842519,4.9,-0.526574803149606));
#2848=CARTESIAN_POINT('',(4.42421259842519,4.9,-0.361712598425197));
#2849=CARTESIAN_POINT('',(4.42421259842519,8.,-0.526574803149606));
#2850=CARTESIAN_POINT('Origin',(4.42421259842519,8.,-0.526574803149606));
#2851=CARTESIAN_POINT('',(4.3257874015748,7.75,-0.526574803149606));
#2852=CARTESIAN_POINT('',(4.7121062992126,7.75,-0.526574803149606));
#2853=CARTESIAN_POINT('',(4.3257874015748,8.,-0.526574803149606));
#2854=CARTESIAN_POINT('',(4.3257874015748,8.,-0.526574803149606));
#2855=CARTESIAN_POINT('',(4.0871062992126,8.,-0.526574803149606));
#2856=CARTESIAN_POINT('Origin',(4.42421259842519,8.,-0.526574803149606));
#2857=CARTESIAN_POINT('',(4.3257874015748,5.15,-0.526574803149606));
#2858=CARTESIAN_POINT('',(4.7121062992126,5.15,-0.526574803149606));
#2859=CARTESIAN_POINT('',(4.3257874015748,4.9,-0.526574803149606));
#2860=CARTESIAN_POINT('',(2.2121062992126,4.9,-0.526574803149606));
#2861=CARTESIAN_POINT('',(4.3257874015748,8.,-0.526574803149606));
#2862=CARTESIAN_POINT('Origin',(4.3257874015748,8.,-0.723425196850394));
#2863=CARTESIAN_POINT('',(4.3257874015748,7.75,-0.723425196850394));
#2864=CARTESIAN_POINT('',(4.6628937007874,7.75,-0.723425196850394));
#2865=CARTESIAN_POINT('',(4.3257874015748,8.,-0.723425196850394));
#2866=CARTESIAN_POINT('',(4.0378937007874,8.,-0.723425196850394));
#2867=CARTESIAN_POINT('',(4.3257874015748,8.,-0.723425196850394));
#2868=CARTESIAN_POINT('Origin',(4.3257874015748,8.,-0.526574803149606));
#2869=CARTESIAN_POINT('',(4.3257874015748,7.75,-0.388287401574803));
#2870=CARTESIAN_POINT('',(4.3257874015748,8.,-0.263287401574803));
#2871=CARTESIAN_POINT('Origin',(4.3257874015748,8.,-0.526574803149606));
#2872=CARTESIAN_POINT('',(4.3257874015748,5.15,-0.723425196850394));
#2873=CARTESIAN_POINT('',(4.3257874015748,5.15,-0.760334645669291));
#2874=CARTESIAN_POINT('',(4.3257874015748,4.9,-0.723425196850394));
#2875=CARTESIAN_POINT('',(4.3257874015748,4.9,-0.263287401574803));
#2876=CARTESIAN_POINT('',(4.3257874015748,8.,-0.723425196850394));
#2877=CARTESIAN_POINT('Origin',(4.3257874015748,8.,-0.723425196850394));
#2878=CARTESIAN_POINT('',(4.6628937007874,5.15,-0.723425196850394));
#2879=CARTESIAN_POINT('',(2.1628937007874,4.9,-0.723425196850394));
#2880=CARTESIAN_POINT('Origin',(5.,5.15,-0.994094488188976));
#2881=CARTESIAN_POINT('',(3.75,5.15,-0.25));
#2882=CARTESIAN_POINT('',(3.75,5.15,-0.994094488188976));
#2883=CARTESIAN_POINT('',(3.75,5.15,-0.497047244094488));
#2884=CARTESIAN_POINT('',(5.,5.15,-0.25));
#2885=CARTESIAN_POINT('',(5.,5.15,-0.25));
#2886=CARTESIAN_POINT('',(5.,5.15,-0.994094488188976));
#2887=CARTESIAN_POINT('',(5.,5.15,-0.497047244094488));
#2888=CARTESIAN_POINT('',(5.,5.15,-0.994094488188976));
#2889=CARTESIAN_POINT('Origin',(5.,7.75,-0.994094488188976));
#2890=CARTESIAN_POINT('',(3.75,7.75,-0.994094488188976));
#2891=CARTESIAN_POINT('',(3.75,6.325,-0.994094488188976));
#2892=CARTESIAN_POINT('',(5.,7.75,-0.994094488188976));
#2893=CARTESIAN_POINT('',(5.,6.325,-0.994094488188976));
#2894=CARTESIAN_POINT('',(5.,7.75,-0.994094488188976));
#2895=CARTESIAN_POINT('Origin',(5.,7.75,-0.25));
#2896=CARTESIAN_POINT('',(3.75,7.75,-0.25));
#2897=CARTESIAN_POINT('',(3.75,7.75,-0.125));
#2898=CARTESIAN_POINT('',(5.,7.75,-0.25));
#2899=CARTESIAN_POINT('',(5.,7.75,-0.125));
#2900=CARTESIAN_POINT('',(5.,7.75,-0.25));
#2901=CARTESIAN_POINT('Origin',(5.,5.15,-0.25));
#2902=CARTESIAN_POINT('',(3.75,5.025,-0.25));
#2903=CARTESIAN_POINT('',(5.,5.025,-0.25));
#2904=CARTESIAN_POINT('Origin',(2.5,8.9,0.));
#2905=CARTESIAN_POINT('',(5.,8.,0.));
#2906=CARTESIAN_POINT('',(5.,4.9,0.));
#2907=CARTESIAN_POINT('',(5.,6.9,0.));
#2908=CARTESIAN_POINT('',(3.75,8.,0.));
#2909=CARTESIAN_POINT('',(3.125,8.,0.));
#2910=CARTESIAN_POINT('',(3.75,4.9,0.));
#2911=CARTESIAN_POINT('',(3.75,6.9,0.));
#2912=CARTESIAN_POINT('',(1.25,4.9,0.));
#2913=CARTESIAN_POINT('Origin',(3.75,8.,0.));
#2914=CARTESIAN_POINT('',(5.,8.,-1.24409448818898));
#2915=CARTESIAN_POINT('',(5.,8.,0.));
#2916=CARTESIAN_POINT('',(3.75,8.,-1.24409448818898));
#2917=CARTESIAN_POINT('',(3.75,8.,-1.24409448818898));
#2918=CARTESIAN_POINT('',(3.75,8.,0.));
#2919=CARTESIAN_POINT('Origin',(3.75,4.9,0.));
#2920=CARTESIAN_POINT('',(3.75,4.9,-1.24409448818898));
#2921=CARTESIAN_POINT('',(3.75,4.9,-1.24409448818898));
#2922=CARTESIAN_POINT('',(3.75,4.9,0.));
#2923=CARTESIAN_POINT('Origin',(4.375,6.45,-1.24409448818898));
#2924=CARTESIAN_POINT('',(5.,4.9,-1.24409448818898));
#2925=CARTESIAN_POINT('',(5.,8.,-1.24409448818898));
#2926=CARTESIAN_POINT('',(5.,4.9,-1.24409448818898));
#2927=CARTESIAN_POINT('Origin',(5.,4.9,0.));
#2928=CARTESIAN_POINT('',(5.,4.9,0.));
#2929=CARTESIAN_POINT('Origin',(0.,4.9,0.));
#2930=CARTESIAN_POINT('Origin',(0.575787401574802,-8.49228951855789E-33,
-0.723425196850394));
#2931=CARTESIAN_POINT('',(0.575787401574802,7.75,-0.723425196850394));
#2932=CARTESIAN_POINT('',(0.575787401574802,7.75,-0.526574803149606));
#2933=CARTESIAN_POINT('',(0.575787401574802,7.75,-0.486712598425197));
#2934=CARTESIAN_POINT('',(0.575787401574802,8.,-0.723425196850394));
#2935=CARTESIAN_POINT('',(0.575787401574802,-8.49228951855789E-33,-0.723425196850394));
#2936=CARTESIAN_POINT('',(0.575787401574802,8.,-0.526574803149606));
#2937=CARTESIAN_POINT('',(0.575787401574802,8.,-0.361712598425197));
#2938=CARTESIAN_POINT('',(0.575787401574802,-8.49228951855789E-33,-0.526574803149606));
#2939=CARTESIAN_POINT('Origin',(0.575787401574802,-8.49228951855789E-33,
-0.723425196850394));
#2940=CARTESIAN_POINT('',(0.575787401574802,5.15,-0.526574803149606));
#2941=CARTESIAN_POINT('',(0.575787401574802,5.15,-0.723425196850394));
#2942=CARTESIAN_POINT('',(0.575787401574802,5.15,-0.858759842519685));
#2943=CARTESIAN_POINT('',(0.575787401574802,4.9,-0.526574803149606));
#2944=CARTESIAN_POINT('',(0.575787401574802,-8.49228951855789E-33,-0.526574803149606));
#2945=CARTESIAN_POINT('',(0.575787401574802,4.9,-0.723425196850394));
#2946=CARTESIAN_POINT('',(0.575787401574803,4.9,-0.361712598425197));
#2947=CARTESIAN_POINT('',(0.575787401574802,-8.49228951855789E-33,-0.723425196850394));
#2948=CARTESIAN_POINT('Origin',(0.674212598425196,-8.49228951855789E-33,
-0.723425196850394));
#2949=CARTESIAN_POINT('',(0.674212598425196,7.75,-0.723425196850394));
#2950=CARTESIAN_POINT('',(0.962106299212598,7.75,-0.723425196850394));
#2951=CARTESIAN_POINT('',(0.674212598425196,8.,-0.723425196850394));
#2952=CARTESIAN_POINT('',(0.674212598425196,-8.49228951855789E-33,-0.723425196850394));
#2953=CARTESIAN_POINT('',(0.337106299212598,8.,-0.723425196850394));
#2954=CARTESIAN_POINT('Origin',(0.674212598425196,-8.49228951855789E-33,
-0.723425196850394));
#2955=CARTESIAN_POINT('',(0.674212598425196,5.15,-0.723425196850394));
#2956=CARTESIAN_POINT('',(0.962106299212598,5.15,-0.723425196850394));
#2957=CARTESIAN_POINT('',(0.674212598425196,4.9,-0.723425196850394));
#2958=CARTESIAN_POINT('',(-1.5378937007874,4.9,-0.723425196850394));
#2959=CARTESIAN_POINT('',(0.674212598425196,-8.49228951855789E-33,-0.723425196850394));
#2960=CARTESIAN_POINT('Origin',(0.575787401574802,-8.49228951855789E-33,
-0.526574803149606));
#2961=CARTESIAN_POINT('',(0.674212598425196,7.75,-0.526574803149606));
#2962=CARTESIAN_POINT('',(0.912893700787401,7.75,-0.526574803149606));
#2963=CARTESIAN_POINT('',(0.674212598425196,8.,-0.526574803149606));
#2964=CARTESIAN_POINT('',(0.287893700787401,8.,-0.526574803149606));
#2965=CARTESIAN_POINT('',(0.674212598425196,-8.49228951855789E-33,-0.526574803149606));
#2966=CARTESIAN_POINT('Origin',(0.674212598425196,-8.49228951855789E-33,
-0.526574803149606));
#2967=CARTESIAN_POINT('',(0.674212598425196,7.75,-0.388287401574803));
#2968=CARTESIAN_POINT('',(0.674212598425196,8.,-0.263287401574803));
#2969=CARTESIAN_POINT('Origin',(0.674212598425196,-8.49228951855789E-33,
-0.526574803149606));
#2970=CARTESIAN_POINT('',(0.674212598425196,5.15,-0.526574803149606));
#2971=CARTESIAN_POINT('',(0.674212598425196,5.15,-0.760334645669291));
#2972=CARTESIAN_POINT('',(0.674212598425196,4.9,-0.526574803149606));
#2973=CARTESIAN_POINT('',(0.674212598425196,4.9,-0.263287401574803));
#2974=CARTESIAN_POINT('',(0.674212598425196,-8.49228951855789E-33,-0.526574803149606));
#2975=CARTESIAN_POINT('Origin',(0.575787401574802,-8.49228951855789E-33,
-0.526574803149606));
#2976=CARTESIAN_POINT('',(0.912893700787401,5.15,-0.526574803149606));
#2977=CARTESIAN_POINT('',(-1.5871062992126,4.9,-0.526574803149606));
#2978=CARTESIAN_POINT('Origin',(1.25,5.15,-0.994094488188976));
#2979=CARTESIAN_POINT('',(-6.99353086378051E-16,5.15,-0.25));
#2980=CARTESIAN_POINT('',(-6.99353086378051E-16,5.15,-0.994094488188976));
#2981=CARTESIAN_POINT('',(-6.99353086378051E-16,5.15,-0.497047244094488));
#2982=CARTESIAN_POINT('',(1.25,5.15,-0.25));
#2983=CARTESIAN_POINT('',(1.25,5.15,-0.25));
#2984=CARTESIAN_POINT('',(1.25,5.15,-0.994094488188976));
#2985=CARTESIAN_POINT('',(1.25,5.15,-0.497047244094488));
#2986=CARTESIAN_POINT('',(1.25,5.15,-0.994094488188976));
#2987=CARTESIAN_POINT('Origin',(1.25,7.75,-0.994094488188976));
#2988=CARTESIAN_POINT('',(-6.99353086378051E-16,7.75,-0.994094488188976));
#2989=CARTESIAN_POINT('',(-6.99353086378051E-16,6.325,-0.994094488188976));
#2990=CARTESIAN_POINT('',(1.25,7.75,-0.994094488188976));
#2991=CARTESIAN_POINT('',(1.25,6.325,-0.994094488188976));
#2992=CARTESIAN_POINT('',(1.25,7.75,-0.994094488188976));
#2993=CARTESIAN_POINT('Origin',(1.25,7.75,-0.25));
#2994=CARTESIAN_POINT('',(-6.99353086378051E-16,7.75,-0.25));
#2995=CARTESIAN_POINT('',(-6.99353086378051E-16,7.75,-0.125));
#2996=CARTESIAN_POINT('',(1.25,7.75,-0.25));
#2997=CARTESIAN_POINT('',(1.25,7.75,-0.125));
#2998=CARTESIAN_POINT('',(1.25,7.75,-0.25));
#2999=CARTESIAN_POINT('Origin',(1.25,5.15,-0.25));
#3000=CARTESIAN_POINT('',(-6.99353086378051E-16,5.025,-0.25));
#3001=CARTESIAN_POINT('',(1.25,5.025,-0.25));
#3002=CARTESIAN_POINT('Origin',(-1.25,8.9,0.));
#3003=CARTESIAN_POINT('',(1.25,8.,0.));
#3004=CARTESIAN_POINT('',(1.25,4.9,0.));
#3005=CARTESIAN_POINT('',(1.25,6.9,0.));
#3006=CARTESIAN_POINT('',(-6.99353086378051E-16,8.,0.));
#3007=CARTESIAN_POINT('',(-0.625,8.,0.));
#3008=CARTESIAN_POINT('',(-6.99353086378051E-16,4.9,0.));
#3009=CARTESIAN_POINT('',(-6.99353086378051E-16,6.9,0.));
#3010=CARTESIAN_POINT('',(-2.5,4.9,0.));
#3011=CARTESIAN_POINT('Origin',(-6.99353086378051E-16,8.,0.));
#3012=CARTESIAN_POINT('',(1.25,8.,-1.24409448818898));
#3013=CARTESIAN_POINT('',(1.25,8.,0.));
#3014=CARTESIAN_POINT('',(-6.99353086378051E-16,8.,-1.24409448818898));
#3015=CARTESIAN_POINT('',(-6.99353086378051E-16,8.,-1.24409448818898));
#3016=CARTESIAN_POINT('',(-6.99353086378051E-16,8.,0.));
#3017=CARTESIAN_POINT('Origin',(-6.99353086378051E-16,4.9,0.));
#3018=CARTESIAN_POINT('',(-6.99353086378051E-16,4.9,-1.24409448818898));
#3019=CARTESIAN_POINT('',(-6.99353086378051E-16,4.9,-1.24409448818898));
#3020=CARTESIAN_POINT('',(-6.99353086378051E-16,4.9,0.));
#3021=CARTESIAN_POINT('Origin',(0.624999999999999,6.45,-1.24409448818898));
#3022=CARTESIAN_POINT('',(1.25,4.9,-1.24409448818898));
#3023=CARTESIAN_POINT('',(1.25,8.,-1.24409448818898));
#3024=CARTESIAN_POINT('',(1.25,4.9,-1.24409448818898));
#3025=CARTESIAN_POINT('Origin',(1.25,4.9,0.));
#3026=CARTESIAN_POINT('',(1.25,4.9,0.));
#3027=CARTESIAN_POINT('Origin',(-3.75,4.9,0.));
#3028=UNCERTAINTY_MEASURE_WITH_UNIT(LENGTH_MEASURE(0.000393700787401575),
#3033,'DISTANCE_ACCURACY_VALUE',
'Maximum model space distance between geometric entities at asserted c
onnectivities');
#3029=UNCERTAINTY_MEASURE_WITH_UNIT(LENGTH_MEASURE(0.000393700787401575),
#3033,'DISTANCE_ACCURACY_VALUE',
'Maximum model space distance between geometric entities at asserted c
onnectivities');
#3030=(
GEOMETRIC_REPRESENTATION_CONTEXT(3)
GLOBAL_UNCERTAINTY_ASSIGNED_CONTEXT((#3028))
GLOBAL_UNIT_ASSIGNED_CONTEXT((#3033,#3037,#3038))
REPRESENTATION_CONTEXT('','3D')
);
#3031=(
GEOMETRIC_REPRESENTATION_CONTEXT(3)
GLOBAL_UNCERTAINTY_ASSIGNED_CONTEXT((#3029))
GLOBAL_UNIT_ASSIGNED_CONTEXT((#3033,#3037,#3038))
REPRESENTATION_CONTEXT('','3D')
);
#3032=DIMENSIONAL_EXPONENTS(1.,0.,0.,0.,0.,0.,0.);
#3033=(
CONVERSION_BASED_UNIT('inch',#3036)
LENGTH_UNIT()
NAMED_UNIT(#3032)
);
#3034=(
LENGTH_UNIT()
NAMED_UNIT(*)
SI_UNIT(.MILLI.,.METRE.)
);
#3035=(
LENGTH_UNIT()
NAMED_UNIT(*)
SI_UNIT($,.METRE.)
);
#3036=LENGTH_MEASURE_WITH_UNIT(LENGTH_MEASURE(25.4),#3034);
#3037=(
NAMED_UNIT(*)
PLANE_ANGLE_UNIT()
SI_UNIT($,.RADIAN.)
);
#3038=(
NAMED_UNIT(*)
SI_UNIT($,.STERADIAN.)
SOLID_ANGLE_UNIT()
);
#3039=SHAPE_DEFINITION_REPRESENTATION(#3040,#3041);
#3040=PRODUCT_DEFINITION_SHAPE('',$,#3043);
#3041=SHAPE_REPRESENTATION('',(#1914),#3030);
#3042=PRODUCT_DEFINITION_CONTEXT('part definition',#3047,'design');
#3043=PRODUCT_DEFINITION('2026-08-15-16-44-42-656','Mini RC Chasis',#3044,
#3042);
#3044=PRODUCT_DEFINITION_FORMATION('',$,#3049);
#3045=PRODUCT_RELATED_PRODUCT_CATEGORY('Mini RC Chasis',
'Mini RC Chasis',(#3049));
#3046=APPLICATION_PROTOCOL_DEFINITION('international standard',
'automotive_design',2009,#3047);
#3047=APPLICATION_CONTEXT(
'Core Data for Automotive Mechanical Design Process');
#3048=PRODUCT_CONTEXT('part definition',#3047,'mechanical');
#3049=PRODUCT('2026-08-15-16-44-42-656','Mini RC Chasis',$,(#3048));
#3050=PRESENTATION_STYLE_ASSIGNMENT((#3051));
#3051=SURFACE_STYLE_USAGE(.BOTH.,#3052);
#3052=SURFACE_SIDE_STYLE('',(#3053));
#3053=SURFACE_STYLE_FILL_AREA(#3054);
#3054=FILL_AREA_STYLE('Steel - Satin',(#3055));
#3055=FILL_AREA_STYLE_COLOUR('Steel - Satin',#3056);
#3056=COLOUR_RGB('Steel - Satin',0.627450980392157,0.627450980392157,0.627450980392157);
ENDSEC;
END-ISO-10303-21;
