ISO-10303-21;
HEADER;
/* Generated by software containing ST-Developer
 * from STEP Tools, Inc. (www.steptools.com) 
 */

FILE_DESCRIPTION(
/* description */ (''),
/* implementation_level */ '2;1');

FILE_NAME(
/* name */ 'Mini RC Turret V2.step',
/* time_stamp */ '2026-08-18T11:44:21-04:00',
/* author */ (''),
/* organization */ (''),
/* preprocessor_version */ 'ST-DEVELOPER v20.1',
/* originating_system */ 'Autodesk Translation Framework v15.8.0.0',
/* authorisation */ '');

FILE_SCHEMA (('AUTOMOTIVE_DESIGN { 1 0 10303 214 3 1 1 }'));
ENDSEC;

DATA;
#10=MECHANICAL_DESIGN_GEOMETRIC_PRESENTATION_REPRESENTATION('',(#25,#26,
#27,#28,#29,#30,#31,#32,#33,#34),#2505);
#11=SHAPE_REPRESENTATION_RELATIONSHIP('SRR','None',#2515,#12);
#12=ADVANCED_BREP_SHAPE_REPRESENTATION('',(#35,#36,#37,#38,#39,#40,#41,
#42,#43,#44),#2504);
#13=ELLIPSE('',#1613,0.176776695296637,0.125);
#14=ELLIPSE('',#1621,0.176776695296637,0.125);
#15=FACE_BOUND('',#245,.T.);
#16=FACE_BOUND('',#247,.T.);
#17=FACE_BOUND('',#250,.T.);
#18=FACE_BOUND('',#282,.T.);
#19=FACE_BOUND('',#283,.T.);
#20=FACE_BOUND('',#285,.T.);
#21=FACE_BOUND('',#286,.T.);
#22=FACE_BOUND('',#287,.T.);
#23=FACE_BOUND('',#291,.T.);
#24=FACE_BOUND('',#298,.T.);
#25=STYLED_ITEM('',(#2524),#35);
#26=STYLED_ITEM('',(#2524),#36);
#27=STYLED_ITEM('',(#2524),#37);
#28=STYLED_ITEM('',(#2524),#38);
#29=STYLED_ITEM('',(#2524),#39);
#30=STYLED_ITEM('',(#2524),#40);
#31=STYLED_ITEM('',(#2524),#41);
#32=STYLED_ITEM('',(#2524),#42);
#33=STYLED_ITEM('',(#2524),#43);
#34=STYLED_ITEM('',(#2524),#44);
#35=MANIFOLD_SOLID_BREP('Body4',#1497);
#36=MANIFOLD_SOLID_BREP('Body5',#1498);
#37=MANIFOLD_SOLID_BREP('Body6',#1499);
#38=MANIFOLD_SOLID_BREP('Body7',#1500);
#39=MANIFOLD_SOLID_BREP('Body8',#1501);
#40=MANIFOLD_SOLID_BREP('Body9',#1502);
#41=MANIFOLD_SOLID_BREP('Body10',#1503);
#42=MANIFOLD_SOLID_BREP('Body11',#1504);
#43=MANIFOLD_SOLID_BREP('Body12',#1505);
#44=MANIFOLD_SOLID_BREP('Body13',#1506);
#45=PLANE('',#1523);
#46=PLANE('',#1524);
#47=PLANE('',#1525);
#48=PLANE('',#1526);
#49=PLANE('',#1527);
#50=PLANE('',#1528);
#51=PLANE('',#1529);
#52=PLANE('',#1530);
#53=PLANE('',#1531);
#54=PLANE('',#1532);
#55=PLANE('',#1533);
#56=PLANE('',#1534);
#57=PLANE('',#1538);
#58=PLANE('',#1539);
#59=PLANE('',#1540);
#60=PLANE('',#1541);
#61=PLANE('',#1545);
#62=PLANE('',#1546);
#63=PLANE('',#1547);
#64=PLANE('',#1548);
#65=PLANE('',#1552);
#66=PLANE('',#1553);
#67=PLANE('',#1554);
#68=PLANE('',#1555);
#69=PLANE('',#1559);
#70=PLANE('',#1560);
#71=PLANE('',#1561);
#72=PLANE('',#1562);
#73=PLANE('',#1566);
#74=PLANE('',#1567);
#75=PLANE('',#1568);
#76=PLANE('',#1569);
#77=PLANE('',#1573);
#78=PLANE('',#1574);
#79=PLANE('',#1575);
#80=PLANE('',#1576);
#81=PLANE('',#1589);
#82=PLANE('',#1599);
#83=PLANE('',#1600);
#84=PLANE('',#1601);
#85=PLANE('',#1602);
#86=PLANE('',#1603);
#87=PLANE('',#1604);
#88=PLANE('',#1605);
#89=PLANE('',#1606);
#90=PLANE('',#1607);
#91=PLANE('',#1608);
#92=PLANE('',#1609);
#93=PLANE('',#1610);
#94=PLANE('',#1616);
#95=PLANE('',#1617);
#96=PLANE('',#1623);
#97=PLANE('',#1627);
#98=PLANE('',#1628);
#99=PLANE('',#1629);
#100=PLANE('',#1630);
#101=PLANE('',#1631);
#102=PLANE('',#1632);
#103=PLANE('',#1633);
#104=PLANE('',#1634);
#105=PLANE('',#1635);
#106=PLANE('',#1636);
#107=PLANE('',#1637);
#108=PLANE('',#1638);
#109=PLANE('',#1642);
#110=PLANE('',#1643);
#111=PLANE('',#1648);
#112=PLANE('',#1651);
#113=PLANE('',#1652);
#114=PLANE('',#1653);
#115=FACE_OUTER_BOUND('',#202,.T.);
#116=FACE_OUTER_BOUND('',#203,.T.);
#117=FACE_OUTER_BOUND('',#204,.T.);
#118=FACE_OUTER_BOUND('',#205,.T.);
#119=FACE_OUTER_BOUND('',#206,.T.);
#120=FACE_OUTER_BOUND('',#207,.T.);
#121=FACE_OUTER_BOUND('',#208,.T.);
#122=FACE_OUTER_BOUND('',#209,.T.);
#123=FACE_OUTER_BOUND('',#210,.T.);
#124=FACE_OUTER_BOUND('',#211,.T.);
#125=FACE_OUTER_BOUND('',#212,.T.);
#126=FACE_OUTER_BOUND('',#213,.T.);
#127=FACE_OUTER_BOUND('',#214,.T.);
#128=FACE_OUTER_BOUND('',#215,.T.);
#129=FACE_OUTER_BOUND('',#216,.T.);
#130=FACE_OUTER_BOUND('',#217,.T.);
#131=FACE_OUTER_BOUND('',#218,.T.);
#132=FACE_OUTER_BOUND('',#219,.T.);
#133=FACE_OUTER_BOUND('',#220,.T.);
#134=FACE_OUTER_BOUND('',#221,.T.);
#135=FACE_OUTER_BOUND('',#222,.T.);
#136=FACE_OUTER_BOUND('',#223,.T.);
#137=FACE_OUTER_BOUND('',#224,.T.);
#138=FACE_OUTER_BOUND('',#225,.T.);
#139=FACE_OUTER_BOUND('',#226,.T.);
#140=FACE_OUTER_BOUND('',#227,.T.);
#141=FACE_OUTER_BOUND('',#228,.T.);
#142=FACE_OUTER_BOUND('',#229,.T.);
#143=FACE_OUTER_BOUND('',#230,.T.);
#144=FACE_OUTER_BOUND('',#231,.T.);
#145=FACE_OUTER_BOUND('',#232,.T.);
#146=FACE_OUTER_BOUND('',#233,.T.);
#147=FACE_OUTER_BOUND('',#234,.T.);
#148=FACE_OUTER_BOUND('',#235,.T.);
#149=FACE_OUTER_BOUND('',#236,.T.);
#150=FACE_OUTER_BOUND('',#237,.T.);
#151=FACE_OUTER_BOUND('',#238,.T.);
#152=FACE_OUTER_BOUND('',#239,.T.);
#153=FACE_OUTER_BOUND('',#240,.T.);
#154=FACE_OUTER_BOUND('',#241,.T.);
#155=FACE_OUTER_BOUND('',#242,.T.);
#156=FACE_OUTER_BOUND('',#243,.T.);
#157=FACE_OUTER_BOUND('',#244,.T.);
#158=FACE_OUTER_BOUND('',#246,.T.);
#159=FACE_OUTER_BOUND('',#248,.T.);
#160=FACE_OUTER_BOUND('',#249,.T.);
#161=FACE_OUTER_BOUND('',#251,.T.);
#162=FACE_OUTER_BOUND('',#252,.T.);
#163=FACE_OUTER_BOUND('',#253,.T.);
#164=FACE_OUTER_BOUND('',#254,.T.);
#165=FACE_OUTER_BOUND('',#255,.T.);
#166=FACE_OUTER_BOUND('',#256,.T.);
#167=FACE_OUTER_BOUND('',#257,.T.);
#168=FACE_OUTER_BOUND('',#258,.T.);
#169=FACE_OUTER_BOUND('',#259,.T.);
#170=FACE_OUTER_BOUND('',#260,.T.);
#171=FACE_OUTER_BOUND('',#261,.T.);
#172=FACE_OUTER_BOUND('',#262,.T.);
#173=FACE_OUTER_BOUND('',#263,.T.);
#174=FACE_OUTER_BOUND('',#264,.T.);
#175=FACE_OUTER_BOUND('',#265,.T.);
#176=FACE_OUTER_BOUND('',#266,.T.);
#177=FACE_OUTER_BOUND('',#267,.T.);
#178=FACE_OUTER_BOUND('',#268,.T.);
#179=FACE_OUTER_BOUND('',#269,.T.);
#180=FACE_OUTER_BOUND('',#270,.T.);
#181=FACE_OUTER_BOUND('',#271,.T.);
#182=FACE_OUTER_BOUND('',#272,.T.);
#183=FACE_OUTER_BOUND('',#273,.T.);
#184=FACE_OUTER_BOUND('',#274,.T.);
#185=FACE_OUTER_BOUND('',#275,.T.);
#186=FACE_OUTER_BOUND('',#276,.T.);
#187=FACE_OUTER_BOUND('',#277,.T.);
#188=FACE_OUTER_BOUND('',#278,.T.);
#189=FACE_OUTER_BOUND('',#279,.T.);
#190=FACE_OUTER_BOUND('',#280,.T.);
#191=FACE_OUTER_BOUND('',#281,.T.);
#192=FACE_OUTER_BOUND('',#284,.T.);
#193=FACE_OUTER_BOUND('',#288,.T.);
#194=FACE_OUTER_BOUND('',#289,.T.);
#195=FACE_OUTER_BOUND('',#290,.T.);
#196=FACE_OUTER_BOUND('',#292,.T.);
#197=FACE_OUTER_BOUND('',#293,.T.);
#198=FACE_OUTER_BOUND('',#294,.T.);
#199=FACE_OUTER_BOUND('',#295,.T.);
#200=FACE_OUTER_BOUND('',#296,.T.);
#201=FACE_OUTER_BOUND('',#297,.T.);
#202=EDGE_LOOP('',(#989,#990,#991,#992,#993,#994));
#203=EDGE_LOOP('',(#995,#996,#997,#998,#999,#1000,#1001,#1002));
#204=EDGE_LOOP('',(#1003,#1004,#1005,#1006,#1007));
#205=EDGE_LOOP('',(#1008,#1009,#1010,#1011));
#206=EDGE_LOOP('',(#1012,#1013,#1014,#1015));
#207=EDGE_LOOP('',(#1016,#1017,#1018,#1019));
#208=EDGE_LOOP('',(#1020,#1021,#1022,#1023));
#209=EDGE_LOOP('',(#1024,#1025,#1026,#1027));
#210=EDGE_LOOP('',(#1028,#1029,#1030,#1031));
#211=EDGE_LOOP('',(#1032,#1033,#1034,#1035));
#212=EDGE_LOOP('',(#1036,#1037,#1038,#1039));
#213=EDGE_LOOP('',(#1040,#1041,#1042,#1043,#1044));
#214=EDGE_LOOP('',(#1045,#1046,#1047,#1048));
#215=EDGE_LOOP('',(#1049,#1050,#1051,#1052));
#216=EDGE_LOOP('',(#1053,#1054,#1055,#1056));
#217=EDGE_LOOP('',(#1057,#1058,#1059));
#218=EDGE_LOOP('',(#1060,#1061,#1062));
#219=EDGE_LOOP('',(#1063,#1064,#1065,#1066));
#220=EDGE_LOOP('',(#1067,#1068,#1069,#1070));
#221=EDGE_LOOP('',(#1071,#1072,#1073,#1074));
#222=EDGE_LOOP('',(#1075,#1076,#1077));
#223=EDGE_LOOP('',(#1078,#1079,#1080));
#224=EDGE_LOOP('',(#1081,#1082,#1083,#1084));
#225=EDGE_LOOP('',(#1085,#1086,#1087,#1088));
#226=EDGE_LOOP('',(#1089,#1090,#1091,#1092));
#227=EDGE_LOOP('',(#1093,#1094,#1095));
#228=EDGE_LOOP('',(#1096,#1097,#1098));
#229=EDGE_LOOP('',(#1099,#1100,#1101,#1102));
#230=EDGE_LOOP('',(#1103,#1104,#1105,#1106));
#231=EDGE_LOOP('',(#1107,#1108,#1109,#1110));
#232=EDGE_LOOP('',(#1111,#1112,#1113));
#233=EDGE_LOOP('',(#1114,#1115,#1116));
#234=EDGE_LOOP('',(#1117,#1118,#1119,#1120));
#235=EDGE_LOOP('',(#1121,#1122,#1123,#1124));
#236=EDGE_LOOP('',(#1125,#1126,#1127,#1128));
#237=EDGE_LOOP('',(#1129,#1130,#1131));
#238=EDGE_LOOP('',(#1132,#1133,#1134));
#239=EDGE_LOOP('',(#1135,#1136,#1137,#1138));
#240=EDGE_LOOP('',(#1139,#1140,#1141,#1142));
#241=EDGE_LOOP('',(#1143,#1144,#1145,#1146));
#242=EDGE_LOOP('',(#1147,#1148,#1149));
#243=EDGE_LOOP('',(#1150,#1151,#1152));
#244=EDGE_LOOP('',(#1153));
#245=EDGE_LOOP('',(#1154));
#246=EDGE_LOOP('',(#1155,#1156,#1157,#1158,#1159,#1160,#1161,#1162,#1163,
#1164,#1165,#1166,#1167,#1168,#1169,#1170));
#247=EDGE_LOOP('',(#1171,#1172,#1173,#1174));
#248=EDGE_LOOP('',(#1175,#1176,#1177,#1178,#1179,#1180));
#249=EDGE_LOOP('',(#1181,#1182,#1183,#1184,#1185,#1186,#1187,#1188,#1189,
#1190,#1191,#1192,#1193,#1194,#1195));
#250=EDGE_LOOP('',(#1196,#1197,#1198,#1199));
#251=EDGE_LOOP('',(#1200,#1201,#1202,#1203,#1204));
#252=EDGE_LOOP('',(#1205,#1206,#1207,#1208));
#253=EDGE_LOOP('',(#1209,#1210,#1211,#1212));
#254=EDGE_LOOP('',(#1213,#1214,#1215,#1216));
#255=EDGE_LOOP('',(#1217,#1218,#1219,#1220));
#256=EDGE_LOOP('',(#1221,#1222,#1223,#1224));
#257=EDGE_LOOP('',(#1225,#1226,#1227,#1228,#1229,#1230));
#258=EDGE_LOOP('',(#1231,#1232,#1233,#1234));
#259=EDGE_LOOP('',(#1235,#1236,#1237,#1238));
#260=EDGE_LOOP('',(#1239,#1240,#1241,#1242));
#261=EDGE_LOOP('',(#1243,#1244,#1245,#1246));
#262=EDGE_LOOP('',(#1247,#1248,#1249,#1250,#1251,#1252));
#263=EDGE_LOOP('',(#1253,#1254,#1255,#1256));
#264=EDGE_LOOP('',(#1257,#1258,#1259,#1260));
#265=EDGE_LOOP('',(#1261,#1262,#1263,#1264));
#266=EDGE_LOOP('',(#1265,#1266,#1267,#1268,#1269,#1270));
#267=EDGE_LOOP('',(#1271,#1272,#1273,#1274));
#268=EDGE_LOOP('',(#1275,#1276,#1277,#1278));
#269=EDGE_LOOP('',(#1279,#1280,#1281,#1282));
#270=EDGE_LOOP('',(#1283,#1284,#1285,#1286));
#271=EDGE_LOOP('',(#1287));
#272=EDGE_LOOP('',(#1288,#1289,#1290,#1291));
#273=EDGE_LOOP('',(#1292,#1293,#1294,#1295));
#274=EDGE_LOOP('',(#1296,#1297,#1298,#1299));
#275=EDGE_LOOP('',(#1300,#1301,#1302,#1303));
#276=EDGE_LOOP('',(#1304,#1305,#1306,#1307));
#277=EDGE_LOOP('',(#1308,#1309,#1310,#1311));
#278=EDGE_LOOP('',(#1312,#1313,#1314,#1315));
#279=EDGE_LOOP('',(#1316,#1317,#1318,#1319));
#280=EDGE_LOOP('',(#1320,#1321,#1322,#1323));
#281=EDGE_LOOP('',(#1324,#1325,#1326,#1327));
#282=EDGE_LOOP('',(#1328,#1329,#1330,#1331));
#283=EDGE_LOOP('',(#1332,#1333,#1334,#1335));
#284=EDGE_LOOP('',(#1336,#1337,#1338,#1339,#1340,#1341));
#285=EDGE_LOOP('',(#1342));
#286=EDGE_LOOP('',(#1343,#1344,#1345,#1346));
#287=EDGE_LOOP('',(#1347,#1348,#1349,#1350));
#288=EDGE_LOOP('',(#1351,#1352,#1353,#1354));
#289=EDGE_LOOP('',(#1355,#1356,#1357,#1358));
#290=EDGE_LOOP('',(#1359,#1360,#1361,#1362,#1363,#1364));
#291=EDGE_LOOP('',(#1365));
#292=EDGE_LOOP('',(#1366,#1367,#1368,#1369));
#293=EDGE_LOOP('',(#1370,#1371,#1372,#1373));
#294=EDGE_LOOP('',(#1374,#1375,#1376,#1377));
#295=EDGE_LOOP('',(#1378,#1379,#1380,#1381));
#296=EDGE_LOOP('',(#1382,#1383,#1384,#1385));
#297=EDGE_LOOP('',(#1386,#1387,#1388,#1389,#1390,#1391));
#298=EDGE_LOOP('',(#1392));
#299=LINE('',#2085,#454);
#300=LINE('',#2089,#455);
#301=LINE('',#2091,#456);
#302=LINE('',#2092,#457);
#303=LINE('',#2095,#458);
#304=LINE('',#2097,#459);
#305=LINE('',#2098,#460);
#306=LINE('',#2100,#461);
#307=LINE('',#2102,#462);
#308=LINE('',#2103,#463);
#309=LINE('',#2106,#464);
#310=LINE('',#2108,#465);
#311=LINE('',#2109,#466);
#312=LINE('',#2112,#467);
#313=LINE('',#2113,#468);
#314=LINE('',#2116,#469);
#315=LINE('',#2118,#470);
#316=LINE('',#2119,#471);
#317=LINE('',#2122,#472);
#318=LINE('',#2123,#473);
#319=LINE('',#2126,#474);
#320=LINE('',#2127,#475);
#321=LINE('',#2129,#476);
#322=LINE('',#2133,#477);
#323=LINE('',#2134,#478);
#324=LINE('',#2136,#479);
#325=LINE('',#2141,#480);
#326=LINE('',#2143,#481);
#327=LINE('',#2145,#482);
#328=LINE('',#2146,#483);
#329=LINE('',#2152,#484);
#330=LINE('',#2154,#485);
#331=LINE('',#2155,#486);
#332=LINE('',#2161,#487);
#333=LINE('',#2163,#488);
#334=LINE('',#2165,#489);
#335=LINE('',#2166,#490);
#336=LINE('',#2172,#491);
#337=LINE('',#2174,#492);
#338=LINE('',#2175,#493);
#339=LINE('',#2181,#494);
#340=LINE('',#2183,#495);
#341=LINE('',#2185,#496);
#342=LINE('',#2186,#497);
#343=LINE('',#2192,#498);
#344=LINE('',#2194,#499);
#345=LINE('',#2195,#500);
#346=LINE('',#2201,#501);
#347=LINE('',#2203,#502);
#348=LINE('',#2205,#503);
#349=LINE('',#2206,#504);
#350=LINE('',#2212,#505);
#351=LINE('',#2214,#506);
#352=LINE('',#2215,#507);
#353=LINE('',#2221,#508);
#354=LINE('',#2223,#509);
#355=LINE('',#2225,#510);
#356=LINE('',#2226,#511);
#357=LINE('',#2232,#512);
#358=LINE('',#2234,#513);
#359=LINE('',#2235,#514);
#360=LINE('',#2241,#515);
#361=LINE('',#2243,#516);
#362=LINE('',#2245,#517);
#363=LINE('',#2246,#518);
#364=LINE('',#2252,#519);
#365=LINE('',#2254,#520);
#366=LINE('',#2255,#521);
#367=LINE('',#2265,#522);
#368=LINE('',#2269,#523);
#369=LINE('',#2273,#524);
#370=LINE('',#2277,#525);
#371=LINE('',#2281,#526);
#372=LINE('',#2286,#527);
#373=LINE('',#2292,#528);
#374=LINE('',#2295,#529);
#375=LINE('',#2298,#530);
#376=LINE('',#2300,#531);
#377=LINE('',#2303,#532);
#378=LINE('',#2306,#533);
#379=LINE('',#2310,#534);
#380=LINE('',#2314,#535);
#381=LINE('',#2317,#536);
#382=LINE('',#2318,#537);
#383=LINE('',#2322,#538);
#384=LINE('',#2328,#539);
#385=LINE('',#2331,#540);
#386=LINE('',#2333,#541);
#387=LINE('',#2335,#542);
#388=LINE('',#2336,#543);
#389=LINE('',#2338,#544);
#390=LINE('',#2342,#545);
#391=LINE('',#2343,#546);
#392=LINE('',#2345,#547);
#393=LINE('',#2347,#548);
#394=LINE('',#2348,#549);
#395=LINE('',#2350,#550);
#396=LINE('',#2352,#551);
#397=LINE('',#2354,#552);
#398=LINE('',#2360,#553);
#399=LINE('',#2364,#554);
#400=LINE('',#2368,#555);
#401=LINE('',#2371,#556);
#402=LINE('',#2374,#557);
#403=LINE('',#2375,#558);
#404=LINE('',#2378,#559);
#405=LINE('',#2382,#560);
#406=LINE('',#2383,#561);
#407=LINE('',#2387,#562);
#408=LINE('',#2391,#563);
#409=LINE('',#2394,#564);
#410=LINE('',#2395,#565);
#411=LINE('',#2397,#566);
#412=LINE('',#2402,#567);
#413=LINE('',#2408,#568);
#414=LINE('',#2410,#569);
#415=LINE('',#2412,#570);
#416=LINE('',#2413,#571);
#417=LINE('',#2416,#572);
#418=LINE('',#2418,#573);
#419=LINE('',#2419,#574);
#420=LINE('',#2422,#575);
#421=LINE('',#2424,#576);
#422=LINE('',#2425,#577);
#423=LINE('',#2427,#578);
#424=LINE('',#2428,#579);
#425=LINE('',#2432,#580);
#426=LINE('',#2434,#581);
#427=LINE('',#2436,#582);
#428=LINE('',#2437,#583);
#429=LINE('',#2440,#584);
#430=LINE('',#2442,#585);
#431=LINE('',#2443,#586);
#432=LINE('',#2446,#587);
#433=LINE('',#2448,#588);
#434=LINE('',#2449,#589);
#435=LINE('',#2451,#590);
#436=LINE('',#2452,#591);
#437=LINE('',#2454,#592);
#438=LINE('',#2455,#593);
#439=LINE('',#2463,#594);
#440=LINE('',#2466,#595);
#441=LINE('',#2469,#596);
#442=LINE('',#2471,#597);
#443=LINE('',#2472,#598);
#444=LINE('',#2475,#599);
#445=LINE('',#2479,#600);
#446=LINE('',#2480,#601);
#447=LINE('',#2487,#602);
#448=LINE('',#2488,#603);
#449=LINE('',#2491,#604);
#450=LINE('',#2492,#605);
#451=LINE('',#2495,#606);
#452=LINE('',#2498,#607);
#453=LINE('',#2500,#608);
#454=VECTOR('',#1660,0.393700787401575);
#455=VECTOR('',#1663,0.393700787401575);
#456=VECTOR('',#1664,0.393700787401575);
#457=VECTOR('',#1665,0.393700787401575);
#458=VECTOR('',#1668,0.393700787401575);
#459=VECTOR('',#1669,0.393700787401575);
#460=VECTOR('',#1670,0.393700787401575);
#461=VECTOR('',#1671,0.393700787401575);
#462=VECTOR('',#1672,0.393700787401575);
#463=VECTOR('',#1673,0.393700787401575);
#464=VECTOR('',#1676,0.393700787401575);
#465=VECTOR('',#1677,0.393700787401575);
#466=VECTOR('',#1678,0.393700787401575);
#467=VECTOR('',#1681,0.393700787401575);
#468=VECTOR('',#1682,0.393700787401575);
#469=VECTOR('',#1685,0.393700787401575);
#470=VECTOR('',#1686,0.393700787401575);
#471=VECTOR('',#1687,0.393700787401575);
#472=VECTOR('',#1690,0.393700787401575);
#473=VECTOR('',#1691,0.393700787401575);
#474=VECTOR('',#1694,0.393700787401575);
#475=VECTOR('',#1695,0.393700787401575);
#476=VECTOR('',#1698,0.393700787401575);
#477=VECTOR('',#1703,0.393700787401575);
#478=VECTOR('',#1704,0.393700787401575);
#479=VECTOR('',#1707,0.393700787401575);
#480=VECTOR('',#1712,0.393700787401575);
#481=VECTOR('',#1713,0.393700787401575);
#482=VECTOR('',#1714,0.393700787401575);
#483=VECTOR('',#1715,0.393700787401575);
#484=VECTOR('',#1722,0.393700787401575);
#485=VECTOR('',#1725,0.393700787401575);
#486=VECTOR('',#1726,0.393700787401575);
#487=VECTOR('',#1733,0.393700787401575);
#488=VECTOR('',#1734,0.393700787401575);
#489=VECTOR('',#1735,0.393700787401575);
#490=VECTOR('',#1736,0.393700787401575);
#491=VECTOR('',#1743,0.393700787401575);
#492=VECTOR('',#1746,0.393700787401575);
#493=VECTOR('',#1747,0.393700787401575);
#494=VECTOR('',#1754,0.393700787401575);
#495=VECTOR('',#1755,0.393700787401575);
#496=VECTOR('',#1756,0.393700787401575);
#497=VECTOR('',#1757,0.393700787401575);
#498=VECTOR('',#1764,0.393700787401575);
#499=VECTOR('',#1767,0.393700787401575);
#500=VECTOR('',#1768,0.393700787401575);
#501=VECTOR('',#1775,0.393700787401575);
#502=VECTOR('',#1776,0.393700787401575);
#503=VECTOR('',#1777,0.393700787401575);
#504=VECTOR('',#1778,0.393700787401575);
#505=VECTOR('',#1785,0.393700787401575);
#506=VECTOR('',#1788,0.393700787401575);
#507=VECTOR('',#1789,0.393700787401575);
#508=VECTOR('',#1796,0.393700787401575);
#509=VECTOR('',#1797,0.393700787401575);
#510=VECTOR('',#1798,0.393700787401575);
#511=VECTOR('',#1799,0.393700787401575);
#512=VECTOR('',#1806,0.393700787401575);
#513=VECTOR('',#1809,0.393700787401575);
#514=VECTOR('',#1810,0.393700787401575);
#515=VECTOR('',#1817,0.393700787401575);
#516=VECTOR('',#1818,0.393700787401575);
#517=VECTOR('',#1819,0.393700787401575);
#518=VECTOR('',#1820,0.393700787401575);
#519=VECTOR('',#1827,0.393700787401575);
#520=VECTOR('',#1830,0.393700787401575);
#521=VECTOR('',#1831,0.393700787401575);
#522=VECTOR('',#1844,0.375);
#523=VECTOR('',#1847,0.393700787401575);
#524=VECTOR('',#1850,0.375);
#525=VECTOR('',#1853,0.393700787401575);
#526=VECTOR('',#1856,0.393700787401575);
#527=VECTOR('',#1861,0.393700787401575);
#528=VECTOR('',#1866,0.393700787401575);
#529=VECTOR('',#1869,0.393700787401575);
#530=VECTOR('',#1872,0.393700787401575);
#531=VECTOR('',#1873,0.393700787401575);
#532=VECTOR('',#1876,0.393700787401575);
#533=VECTOR('',#1879,0.325);
#534=VECTOR('',#1882,0.393700787401575);
#535=VECTOR('',#1885,0.325);
#536=VECTOR('',#1888,0.393700787401575);
#537=VECTOR('',#1889,0.393700787401575);
#538=VECTOR('',#1892,0.393700787401575);
#539=VECTOR('',#1897,0.393700787401575);
#540=VECTOR('',#1900,0.393700787401575);
#541=VECTOR('',#1903,0.393700787401575);
#542=VECTOR('',#1904,0.393700787401575);
#543=VECTOR('',#1905,0.393700787401575);
#544=VECTOR('',#1908,0.393700787401575);
#545=VECTOR('',#1915,0.393700787401575);
#546=VECTOR('',#1916,0.393700787401575);
#547=VECTOR('',#1919,0.393700787401575);
#548=VECTOR('',#1922,0.393700787401575);
#549=VECTOR('',#1923,0.393700787401575);
#550=VECTOR('',#1926,0.393700787401575);
#551=VECTOR('',#1929,0.393700787401575);
#552=VECTOR('',#1932,0.393700787401575);
#553=VECTOR('',#1939,0.393700787401575);
#554=VECTOR('',#1942,0.393700787401575);
#555=VECTOR('',#1947,0.393700787401575);
#556=VECTOR('',#1950,0.393700787401575);
#557=VECTOR('',#1953,0.393700787401575);
#558=VECTOR('',#1954,0.393700787401575);
#559=VECTOR('',#1957,0.393700787401575);
#560=VECTOR('',#1960,0.393700787401575);
#561=VECTOR('',#1961,0.393700787401575);
#562=VECTOR('',#1964,0.393700787401575);
#563=VECTOR('',#1967,0.393700787401575);
#564=VECTOR('',#1972,0.393700787401575);
#565=VECTOR('',#1973,0.393700787401575);
#566=VECTOR('',#1976,0.393700787401575);
#567=VECTOR('',#1981,0.0984251968503937);
#568=VECTOR('',#1988,0.393700787401575);
#569=VECTOR('',#1989,0.393700787401575);
#570=VECTOR('',#1990,0.393700787401575);
#571=VECTOR('',#1991,0.393700787401575);
#572=VECTOR('',#1994,0.393700787401575);
#573=VECTOR('',#1995,0.393700787401575);
#574=VECTOR('',#1996,0.393700787401575);
#575=VECTOR('',#1999,0.393700787401575);
#576=VECTOR('',#2000,0.393700787401575);
#577=VECTOR('',#2001,0.393700787401575);
#578=VECTOR('',#2004,0.393700787401575);
#579=VECTOR('',#2005,0.393700787401575);
#580=VECTOR('',#2008,0.393700787401575);
#581=VECTOR('',#2009,0.393700787401575);
#582=VECTOR('',#2010,0.393700787401575);
#583=VECTOR('',#2011,0.393700787401575);
#584=VECTOR('',#2014,0.393700787401575);
#585=VECTOR('',#2015,0.393700787401575);
#586=VECTOR('',#2016,0.393700787401575);
#587=VECTOR('',#2019,0.393700787401575);
#588=VECTOR('',#2020,0.393700787401575);
#589=VECTOR('',#2021,0.393700787401575);
#590=VECTOR('',#2024,0.393700787401575);
#591=VECTOR('',#2025,0.393700787401575);
#592=VECTOR('',#2028,0.393700787401575);
#593=VECTOR('',#2029,0.393700787401575);
#594=VECTOR('',#2038,0.393700787401575);
#595=VECTOR('',#2041,0.393700787401575);
#596=VECTOR('',#2044,0.393700787401575);
#597=VECTOR('',#2045,0.393700787401575);
#598=VECTOR('',#2046,0.393700787401575);
#599=VECTOR('',#2049,0.393700787401575);
#600=VECTOR('',#2052,0.393700787401575);
#601=VECTOR('',#2053,0.393700787401575);
#602=VECTOR('',#2060,0.393700787401575);
#603=VECTOR('',#2061,0.393700787401575);
#604=VECTOR('',#2064,0.393700787401575);
#605=VECTOR('',#2065,0.393700787401575);
#606=VECTOR('',#2068,0.0984251968503937);
#607=VECTOR('',#2073,0.393700787401575);
#608=VECTOR('',#2076,0.393700787401575);
#609=CIRCLE('',#1521,0.125);
#610=CIRCLE('',#1522,0.125);
#611=CIRCLE('',#1536,0.375);
#612=CIRCLE('',#1537,0.375);
#613=CIRCLE('',#1543,0.375);
#614=CIRCLE('',#1544,0.375);
#615=CIRCLE('',#1550,0.375);
#616=CIRCLE('',#1551,0.375);
#617=CIRCLE('',#1557,0.375);
#618=CIRCLE('',#1558,0.375);
#619=CIRCLE('',#1564,0.375);
#620=CIRCLE('',#1565,0.375);
#621=CIRCLE('',#1571,0.375);
#622=CIRCLE('',#1572,0.375);
#623=CIRCLE('',#1577,0.375);
#624=CIRCLE('',#1578,0.325);
#625=CIRCLE('',#1580,0.375);
#626=CIRCLE('',#1581,0.375);
#627=CIRCLE('',#1582,0.375);
#628=CIRCLE('',#1583,0.375);
#629=CIRCLE('',#1584,0.375);
#630=CIRCLE('',#1585,0.375);
#631=CIRCLE('',#1586,0.375);
#632=CIRCLE('',#1587,0.375);
#633=CIRCLE('',#1588,0.375);
#634=CIRCLE('',#1590,0.325);
#635=CIRCLE('',#1592,0.325);
#636=CIRCLE('',#1593,0.325);
#637=CIRCLE('',#1594,0.325);
#638=CIRCLE('',#1595,0.325);
#639=CIRCLE('',#1596,0.325);
#640=CIRCLE('',#1597,0.325);
#641=CIRCLE('',#1598,0.325);
#642=CIRCLE('',#1612,0.125);
#643=CIRCLE('',#1615,0.125);
#644=CIRCLE('',#1618,0.125);
#645=CIRCLE('',#1620,0.125);
#646=CIRCLE('',#1625,0.0984251968503937);
#647=CIRCLE('',#1626,0.0984251968503937);
#648=CIRCLE('',#1640,0.125);
#649=CIRCLE('',#1641,0.125);
#650=CIRCLE('',#1644,0.125);
#651=CIRCLE('',#1645,0.0984251968503937);
#652=CIRCLE('',#1647,0.125);
#653=CIRCLE('',#1650,0.0984251968503937);
#654=VERTEX_POINT('',#2081);
#655=VERTEX_POINT('',#2082);
#656=VERTEX_POINT('',#2084);
#657=VERTEX_POINT('',#2086);
#658=VERTEX_POINT('',#2088);
#659=VERTEX_POINT('',#2090);
#660=VERTEX_POINT('',#2094);
#661=VERTEX_POINT('',#2096);
#662=VERTEX_POINT('',#2099);
#663=VERTEX_POINT('',#2101);
#664=VERTEX_POINT('',#2105);
#665=VERTEX_POINT('',#2107);
#666=VERTEX_POINT('',#2111);
#667=VERTEX_POINT('',#2115);
#668=VERTEX_POINT('',#2117);
#669=VERTEX_POINT('',#2121);
#670=VERTEX_POINT('',#2125);
#671=VERTEX_POINT('',#2132);
#672=VERTEX_POINT('',#2139);
#673=VERTEX_POINT('',#2140);
#674=VERTEX_POINT('',#2142);
#675=VERTEX_POINT('',#2144);
#676=VERTEX_POINT('',#2148);
#677=VERTEX_POINT('',#2150);
#678=VERTEX_POINT('',#2159);
#679=VERTEX_POINT('',#2160);
#680=VERTEX_POINT('',#2162);
#681=VERTEX_POINT('',#2164);
#682=VERTEX_POINT('',#2168);
#683=VERTEX_POINT('',#2170);
#684=VERTEX_POINT('',#2179);
#685=VERTEX_POINT('',#2180);
#686=VERTEX_POINT('',#2182);
#687=VERTEX_POINT('',#2184);
#688=VERTEX_POINT('',#2188);
#689=VERTEX_POINT('',#2190);
#690=VERTEX_POINT('',#2199);
#691=VERTEX_POINT('',#2200);
#692=VERTEX_POINT('',#2202);
#693=VERTEX_POINT('',#2204);
#694=VERTEX_POINT('',#2208);
#695=VERTEX_POINT('',#2210);
#696=VERTEX_POINT('',#2219);
#697=VERTEX_POINT('',#2220);
#698=VERTEX_POINT('',#2222);
#699=VERTEX_POINT('',#2224);
#700=VERTEX_POINT('',#2228);
#701=VERTEX_POINT('',#2230);
#702=VERTEX_POINT('',#2239);
#703=VERTEX_POINT('',#2240);
#704=VERTEX_POINT('',#2242);
#705=VERTEX_POINT('',#2244);
#706=VERTEX_POINT('',#2248);
#707=VERTEX_POINT('',#2250);
#708=VERTEX_POINT('',#2259);
#709=VERTEX_POINT('',#2261);
#710=VERTEX_POINT('',#2264);
#711=VERTEX_POINT('',#2266);
#712=VERTEX_POINT('',#2268);
#713=VERTEX_POINT('',#2270);
#714=VERTEX_POINT('',#2272);
#715=VERTEX_POINT('',#2274);
#716=VERTEX_POINT('',#2276);
#717=VERTEX_POINT('',#2278);
#718=VERTEX_POINT('',#2280);
#719=VERTEX_POINT('',#2283);
#720=VERTEX_POINT('',#2285);
#721=VERTEX_POINT('',#2288);
#722=VERTEX_POINT('',#2289);
#723=VERTEX_POINT('',#2291);
#724=VERTEX_POINT('',#2293);
#725=VERTEX_POINT('',#2297);
#726=VERTEX_POINT('',#2299);
#727=VERTEX_POINT('',#2301);
#728=VERTEX_POINT('',#2305);
#729=VERTEX_POINT('',#2307);
#730=VERTEX_POINT('',#2309);
#731=VERTEX_POINT('',#2311);
#732=VERTEX_POINT('',#2313);
#733=VERTEX_POINT('',#2315);
#734=VERTEX_POINT('',#2319);
#735=VERTEX_POINT('',#2321);
#736=VERTEX_POINT('',#2324);
#737=VERTEX_POINT('',#2325);
#738=VERTEX_POINT('',#2327);
#739=VERTEX_POINT('',#2329);
#740=VERTEX_POINT('',#2334);
#741=VERTEX_POINT('',#2358);
#742=VERTEX_POINT('',#2359);
#743=VERTEX_POINT('',#2361);
#744=VERTEX_POINT('',#2363);
#745=VERTEX_POINT('',#2367);
#746=VERTEX_POINT('',#2369);
#747=VERTEX_POINT('',#2373);
#748=VERTEX_POINT('',#2377);
#749=VERTEX_POINT('',#2379);
#750=VERTEX_POINT('',#2381);
#751=VERTEX_POINT('',#2385);
#752=VERTEX_POINT('',#2386);
#753=VERTEX_POINT('',#2388);
#754=VERTEX_POINT('',#2390);
#755=VERTEX_POINT('',#2399);
#756=VERTEX_POINT('',#2401);
#757=VERTEX_POINT('',#2406);
#758=VERTEX_POINT('',#2407);
#759=VERTEX_POINT('',#2409);
#760=VERTEX_POINT('',#2411);
#761=VERTEX_POINT('',#2415);
#762=VERTEX_POINT('',#2417);
#763=VERTEX_POINT('',#2421);
#764=VERTEX_POINT('',#2423);
#765=VERTEX_POINT('',#2430);
#766=VERTEX_POINT('',#2431);
#767=VERTEX_POINT('',#2433);
#768=VERTEX_POINT('',#2435);
#769=VERTEX_POINT('',#2439);
#770=VERTEX_POINT('',#2441);
#771=VERTEX_POINT('',#2445);
#772=VERTEX_POINT('',#2447);
#773=VERTEX_POINT('',#2459);
#774=VERTEX_POINT('',#2460);
#775=VERTEX_POINT('',#2462);
#776=VERTEX_POINT('',#2464);
#777=VERTEX_POINT('',#2468);
#778=VERTEX_POINT('',#2470);
#779=VERTEX_POINT('',#2474);
#780=VERTEX_POINT('',#2476);
#781=VERTEX_POINT('',#2478);
#782=VERTEX_POINT('',#2481);
#783=VERTEX_POINT('',#2484);
#784=VERTEX_POINT('',#2485);
#785=VERTEX_POINT('',#2490);
#786=VERTEX_POINT('',#2494);
#787=EDGE_CURVE('',#654,#655,#609,.T.);
#788=EDGE_CURVE('',#655,#656,#299,.T.);
#789=EDGE_CURVE('',#656,#657,#610,.T.);
#790=EDGE_CURVE('',#657,#658,#300,.T.);
#791=EDGE_CURVE('',#658,#659,#301,.T.);
#792=EDGE_CURVE('',#659,#654,#302,.T.);
#793=EDGE_CURVE('',#660,#657,#303,.T.);
#794=EDGE_CURVE('',#660,#661,#304,.T.);
#795=EDGE_CURVE('',#654,#661,#305,.T.);
#796=EDGE_CURVE('',#659,#662,#306,.T.);
#797=EDGE_CURVE('',#662,#663,#307,.T.);
#798=EDGE_CURVE('',#663,#658,#308,.T.);
#799=EDGE_CURVE('',#656,#664,#309,.T.);
#800=EDGE_CURVE('',#664,#665,#310,.T.);
#801=EDGE_CURVE('',#665,#660,#311,.T.);
#802=EDGE_CURVE('',#666,#655,#312,.T.);
#803=EDGE_CURVE('',#664,#666,#313,.T.);
#804=EDGE_CURVE('',#658,#667,#314,.T.);
#805=EDGE_CURVE('',#667,#668,#315,.T.);
#806=EDGE_CURVE('',#659,#668,#316,.T.);
#807=EDGE_CURVE('',#663,#669,#317,.T.);
#808=EDGE_CURVE('',#669,#667,#318,.T.);
#809=EDGE_CURVE('',#662,#670,#319,.T.);
#810=EDGE_CURVE('',#670,#669,#320,.T.);
#811=EDGE_CURVE('',#668,#670,#321,.T.);
#812=EDGE_CURVE('',#665,#671,#322,.T.);
#813=EDGE_CURVE('',#661,#671,#323,.T.);
#814=EDGE_CURVE('',#671,#666,#324,.T.);
#815=EDGE_CURVE('',#672,#673,#325,.T.);
#816=EDGE_CURVE('',#672,#674,#326,.T.);
#817=EDGE_CURVE('',#675,#674,#327,.T.);
#818=EDGE_CURVE('',#673,#675,#328,.T.);
#819=EDGE_CURVE('',#676,#673,#611,.T.);
#820=EDGE_CURVE('',#677,#675,#612,.T.);
#821=EDGE_CURVE('',#676,#677,#329,.T.);
#822=EDGE_CURVE('',#676,#672,#330,.T.);
#823=EDGE_CURVE('',#674,#677,#331,.T.);
#824=EDGE_CURVE('',#678,#679,#332,.T.);
#825=EDGE_CURVE('',#678,#680,#333,.T.);
#826=EDGE_CURVE('',#681,#680,#334,.T.);
#827=EDGE_CURVE('',#679,#681,#335,.T.);
#828=EDGE_CURVE('',#682,#679,#613,.T.);
#829=EDGE_CURVE('',#683,#681,#614,.T.);
#830=EDGE_CURVE('',#682,#683,#336,.T.);
#831=EDGE_CURVE('',#682,#678,#337,.T.);
#832=EDGE_CURVE('',#680,#683,#338,.T.);
#833=EDGE_CURVE('',#684,#685,#339,.T.);
#834=EDGE_CURVE('',#684,#686,#340,.T.);
#835=EDGE_CURVE('',#687,#686,#341,.T.);
#836=EDGE_CURVE('',#685,#687,#342,.T.);
#837=EDGE_CURVE('',#688,#685,#615,.T.);
#838=EDGE_CURVE('',#689,#687,#616,.T.);
#839=EDGE_CURVE('',#688,#689,#343,.T.);
#840=EDGE_CURVE('',#688,#684,#344,.T.);
#841=EDGE_CURVE('',#686,#689,#345,.T.);
#842=EDGE_CURVE('',#690,#691,#346,.T.);
#843=EDGE_CURVE('',#690,#692,#347,.T.);
#844=EDGE_CURVE('',#693,#692,#348,.T.);
#845=EDGE_CURVE('',#691,#693,#349,.T.);
#846=EDGE_CURVE('',#694,#691,#617,.T.);
#847=EDGE_CURVE('',#695,#693,#618,.T.);
#848=EDGE_CURVE('',#694,#695,#350,.T.);
#849=EDGE_CURVE('',#694,#690,#351,.T.);
#850=EDGE_CURVE('',#692,#695,#352,.T.);
#851=EDGE_CURVE('',#696,#697,#353,.T.);
#852=EDGE_CURVE('',#696,#698,#354,.T.);
#853=EDGE_CURVE('',#699,#698,#355,.T.);
#854=EDGE_CURVE('',#697,#699,#356,.T.);
#855=EDGE_CURVE('',#700,#697,#619,.T.);
#856=EDGE_CURVE('',#701,#699,#620,.T.);
#857=EDGE_CURVE('',#700,#701,#357,.T.);
#858=EDGE_CURVE('',#700,#696,#358,.T.);
#859=EDGE_CURVE('',#698,#701,#359,.T.);
#860=EDGE_CURVE('',#702,#703,#360,.T.);
#861=EDGE_CURVE('',#702,#704,#361,.T.);
#862=EDGE_CURVE('',#705,#704,#362,.T.);
#863=EDGE_CURVE('',#703,#705,#363,.T.);
#864=EDGE_CURVE('',#706,#703,#621,.T.);
#865=EDGE_CURVE('',#707,#705,#622,.T.);
#866=EDGE_CURVE('',#706,#707,#364,.T.);
#867=EDGE_CURVE('',#706,#702,#365,.T.);
#868=EDGE_CURVE('',#704,#707,#366,.T.);
#869=EDGE_CURVE('',#708,#708,#623,.T.);
#870=EDGE_CURVE('',#709,#709,#624,.T.);
#871=EDGE_CURVE('',#708,#710,#367,.T.);
#872=EDGE_CURVE('',#710,#711,#625,.T.);
#873=EDGE_CURVE('',#711,#712,#368,.T.);
#874=EDGE_CURVE('',#712,#713,#626,.T.);
#875=EDGE_CURVE('',#713,#714,#369,.T.);
#876=EDGE_CURVE('',#715,#714,#627,.T.);
#877=EDGE_CURVE('',#715,#716,#370,.T.);
#878=EDGE_CURVE('',#716,#717,#628,.T.);
#879=EDGE_CURVE('',#717,#718,#371,.T.);
#880=EDGE_CURVE('',#714,#718,#629,.T.);
#881=EDGE_CURVE('',#713,#719,#630,.T.);
#882=EDGE_CURVE('',#719,#720,#372,.T.);
#883=EDGE_CURVE('',#720,#710,#631,.T.);
#884=EDGE_CURVE('',#721,#722,#632,.T.);
#885=EDGE_CURVE('',#722,#723,#373,.T.);
#886=EDGE_CURVE('',#723,#724,#633,.T.);
#887=EDGE_CURVE('',#724,#721,#374,.T.);
#888=EDGE_CURVE('',#718,#725,#375,.T.);
#889=EDGE_CURVE('',#725,#726,#376,.T.);
#890=EDGE_CURVE('',#726,#727,#634,.T.);
#891=EDGE_CURVE('',#727,#715,#377,.T.);
#892=EDGE_CURVE('',#709,#728,#378,.T.);
#893=EDGE_CURVE('',#728,#729,#635,.T.);
#894=EDGE_CURVE('',#729,#730,#379,.T.);
#895=EDGE_CURVE('',#730,#731,#636,.T.);
#896=EDGE_CURVE('',#731,#732,#380,.T.);
#897=EDGE_CURVE('',#732,#733,#637,.T.);
#898=EDGE_CURVE('',#733,#727,#381,.T.);
#899=EDGE_CURVE('',#726,#732,#382,.T.);
#900=EDGE_CURVE('',#731,#734,#638,.T.);
#901=EDGE_CURVE('',#734,#735,#383,.T.);
#902=EDGE_CURVE('',#735,#728,#639,.T.);
#903=EDGE_CURVE('',#736,#737,#640,.T.);
#904=EDGE_CURVE('',#737,#738,#384,.T.);
#905=EDGE_CURVE('',#738,#739,#641,.T.);
#906=EDGE_CURVE('',#739,#736,#385,.T.);
#907=EDGE_CURVE('',#716,#733,#386,.T.);
#908=EDGE_CURVE('',#732,#740,#387,.T.);
#909=EDGE_CURVE('',#717,#740,#388,.T.);
#910=EDGE_CURVE('',#740,#725,#389,.T.);
#911=EDGE_CURVE('',#721,#737,#390,.T.);
#912=EDGE_CURVE('',#738,#724,#391,.T.);
#913=EDGE_CURVE('',#736,#722,#392,.T.);
#914=EDGE_CURVE('',#735,#711,#393,.T.);
#915=EDGE_CURVE('',#720,#729,#394,.T.);
#916=EDGE_CURVE('',#739,#723,#395,.T.);
#917=EDGE_CURVE('',#719,#730,#396,.T.);
#918=EDGE_CURVE('',#712,#734,#397,.T.);
#919=EDGE_CURVE('',#741,#742,#398,.T.);
#920=EDGE_CURVE('',#742,#743,#642,.T.);
#921=EDGE_CURVE('',#743,#744,#399,.T.);
#922=EDGE_CURVE('',#744,#741,#13,.T.);
#923=EDGE_CURVE('',#744,#745,#400,.T.);
#924=EDGE_CURVE('',#745,#746,#643,.T.);
#925=EDGE_CURVE('',#746,#741,#401,.T.);
#926=EDGE_CURVE('',#743,#747,#402,.T.);
#927=EDGE_CURVE('',#745,#747,#403,.T.);
#928=EDGE_CURVE('',#748,#742,#404,.T.);
#929=EDGE_CURVE('',#749,#748,#644,.T.);
#930=EDGE_CURVE('',#749,#750,#405,.T.);
#931=EDGE_CURVE('',#747,#750,#406,.T.);
#932=EDGE_CURVE('',#751,#752,#407,.T.);
#933=EDGE_CURVE('',#752,#753,#645,.T.);
#934=EDGE_CURVE('',#753,#754,#408,.T.);
#935=EDGE_CURVE('',#754,#751,#14,.T.);
#936=EDGE_CURVE('',#754,#749,#409,.T.);
#937=EDGE_CURVE('',#748,#751,#410,.T.);
#938=EDGE_CURVE('',#750,#753,#411,.T.);
#939=EDGE_CURVE('',#755,#755,#646,.T.);
#940=EDGE_CURVE('',#755,#756,#412,.T.);
#941=EDGE_CURVE('',#756,#756,#647,.T.);
#942=EDGE_CURVE('',#757,#758,#413,.T.);
#943=EDGE_CURVE('',#757,#759,#414,.T.);
#944=EDGE_CURVE('',#760,#759,#415,.T.);
#945=EDGE_CURVE('',#758,#760,#416,.T.);
#946=EDGE_CURVE('',#758,#761,#417,.T.);
#947=EDGE_CURVE('',#762,#760,#418,.T.);
#948=EDGE_CURVE('',#761,#762,#419,.T.);
#949=EDGE_CURVE('',#761,#763,#420,.T.);
#950=EDGE_CURVE('',#764,#762,#421,.T.);
#951=EDGE_CURVE('',#763,#764,#422,.T.);
#952=EDGE_CURVE('',#763,#757,#423,.T.);
#953=EDGE_CURVE('',#759,#764,#424,.T.);
#954=EDGE_CURVE('',#765,#766,#425,.T.);
#955=EDGE_CURVE('',#765,#767,#426,.T.);
#956=EDGE_CURVE('',#768,#767,#427,.T.);
#957=EDGE_CURVE('',#766,#768,#428,.T.);
#958=EDGE_CURVE('',#766,#769,#429,.T.);
#959=EDGE_CURVE('',#770,#768,#430,.T.);
#960=EDGE_CURVE('',#769,#770,#431,.T.);
#961=EDGE_CURVE('',#769,#771,#432,.T.);
#962=EDGE_CURVE('',#772,#770,#433,.T.);
#963=EDGE_CURVE('',#771,#772,#434,.T.);
#964=EDGE_CURVE('',#771,#765,#435,.T.);
#965=EDGE_CURVE('',#767,#772,#436,.T.);
#966=EDGE_CURVE('',#752,#746,#437,.T.);
#967=EDGE_CURVE('',#741,#751,#438,.T.);
#968=EDGE_CURVE('',#773,#774,#648,.T.);
#969=EDGE_CURVE('',#774,#775,#439,.T.);
#970=EDGE_CURVE('',#775,#776,#649,.T.);
#971=EDGE_CURVE('',#776,#773,#440,.T.);
#972=EDGE_CURVE('',#776,#777,#441,.T.);
#973=EDGE_CURVE('',#777,#778,#442,.T.);
#974=EDGE_CURVE('',#773,#778,#443,.T.);
#975=EDGE_CURVE('',#779,#775,#444,.T.);
#976=EDGE_CURVE('',#780,#779,#650,.T.);
#977=EDGE_CURVE('',#781,#780,#445,.T.);
#978=EDGE_CURVE('',#777,#781,#446,.T.);
#979=EDGE_CURVE('',#782,#782,#651,.T.);
#980=EDGE_CURVE('',#783,#784,#652,.T.);
#981=EDGE_CURVE('',#784,#780,#447,.T.);
#982=EDGE_CURVE('',#779,#783,#448,.T.);
#983=EDGE_CURVE('',#785,#784,#449,.T.);
#984=EDGE_CURVE('',#781,#785,#450,.T.);
#985=EDGE_CURVE('',#782,#786,#451,.T.);
#986=EDGE_CURVE('',#786,#786,#653,.T.);
#987=EDGE_CURVE('',#783,#774,#452,.T.);
#988=EDGE_CURVE('',#778,#785,#453,.T.);
#989=ORIENTED_EDGE('',*,*,#787,.T.);
#990=ORIENTED_EDGE('',*,*,#788,.T.);
#991=ORIENTED_EDGE('',*,*,#789,.T.);
#992=ORIENTED_EDGE('',*,*,#790,.T.);
#993=ORIENTED_EDGE('',*,*,#791,.T.);
#994=ORIENTED_EDGE('',*,*,#792,.T.);
#995=ORIENTED_EDGE('',*,*,#790,.F.);
#996=ORIENTED_EDGE('',*,*,#793,.F.);
#997=ORIENTED_EDGE('',*,*,#794,.T.);
#998=ORIENTED_EDGE('',*,*,#795,.F.);
#999=ORIENTED_EDGE('',*,*,#792,.F.);
#1000=ORIENTED_EDGE('',*,*,#796,.T.);
#1001=ORIENTED_EDGE('',*,*,#797,.T.);
#1002=ORIENTED_EDGE('',*,*,#798,.T.);
#1003=ORIENTED_EDGE('',*,*,#789,.F.);
#1004=ORIENTED_EDGE('',*,*,#799,.T.);
#1005=ORIENTED_EDGE('',*,*,#800,.T.);
#1006=ORIENTED_EDGE('',*,*,#801,.T.);
#1007=ORIENTED_EDGE('',*,*,#793,.T.);
#1008=ORIENTED_EDGE('',*,*,#788,.F.);
#1009=ORIENTED_EDGE('',*,*,#802,.F.);
#1010=ORIENTED_EDGE('',*,*,#803,.F.);
#1011=ORIENTED_EDGE('',*,*,#799,.F.);
#1012=ORIENTED_EDGE('',*,*,#791,.F.);
#1013=ORIENTED_EDGE('',*,*,#804,.T.);
#1014=ORIENTED_EDGE('',*,*,#805,.T.);
#1015=ORIENTED_EDGE('',*,*,#806,.F.);
#1016=ORIENTED_EDGE('',*,*,#798,.F.);
#1017=ORIENTED_EDGE('',*,*,#807,.T.);
#1018=ORIENTED_EDGE('',*,*,#808,.T.);
#1019=ORIENTED_EDGE('',*,*,#804,.F.);
#1020=ORIENTED_EDGE('',*,*,#797,.F.);
#1021=ORIENTED_EDGE('',*,*,#809,.T.);
#1022=ORIENTED_EDGE('',*,*,#810,.T.);
#1023=ORIENTED_EDGE('',*,*,#807,.F.);
#1024=ORIENTED_EDGE('',*,*,#796,.F.);
#1025=ORIENTED_EDGE('',*,*,#806,.T.);
#1026=ORIENTED_EDGE('',*,*,#811,.T.);
#1027=ORIENTED_EDGE('',*,*,#809,.F.);
#1028=ORIENTED_EDGE('',*,*,#811,.F.);
#1029=ORIENTED_EDGE('',*,*,#805,.F.);
#1030=ORIENTED_EDGE('',*,*,#808,.F.);
#1031=ORIENTED_EDGE('',*,*,#810,.F.);
#1032=ORIENTED_EDGE('',*,*,#801,.F.);
#1033=ORIENTED_EDGE('',*,*,#812,.T.);
#1034=ORIENTED_EDGE('',*,*,#813,.F.);
#1035=ORIENTED_EDGE('',*,*,#794,.F.);
#1036=ORIENTED_EDGE('',*,*,#800,.F.);
#1037=ORIENTED_EDGE('',*,*,#803,.T.);
#1038=ORIENTED_EDGE('',*,*,#814,.F.);
#1039=ORIENTED_EDGE('',*,*,#812,.F.);
#1040=ORIENTED_EDGE('',*,*,#787,.F.);
#1041=ORIENTED_EDGE('',*,*,#795,.T.);
#1042=ORIENTED_EDGE('',*,*,#813,.T.);
#1043=ORIENTED_EDGE('',*,*,#814,.T.);
#1044=ORIENTED_EDGE('',*,*,#802,.T.);
#1045=ORIENTED_EDGE('',*,*,#815,.F.);
#1046=ORIENTED_EDGE('',*,*,#816,.T.);
#1047=ORIENTED_EDGE('',*,*,#817,.F.);
#1048=ORIENTED_EDGE('',*,*,#818,.F.);
#1049=ORIENTED_EDGE('',*,*,#819,.T.);
#1050=ORIENTED_EDGE('',*,*,#818,.T.);
#1051=ORIENTED_EDGE('',*,*,#820,.F.);
#1052=ORIENTED_EDGE('',*,*,#821,.F.);
#1053=ORIENTED_EDGE('',*,*,#822,.F.);
#1054=ORIENTED_EDGE('',*,*,#821,.T.);
#1055=ORIENTED_EDGE('',*,*,#823,.F.);
#1056=ORIENTED_EDGE('',*,*,#816,.F.);
#1057=ORIENTED_EDGE('',*,*,#822,.T.);
#1058=ORIENTED_EDGE('',*,*,#815,.T.);
#1059=ORIENTED_EDGE('',*,*,#819,.F.);
#1060=ORIENTED_EDGE('',*,*,#823,.T.);
#1061=ORIENTED_EDGE('',*,*,#820,.T.);
#1062=ORIENTED_EDGE('',*,*,#817,.T.);
#1063=ORIENTED_EDGE('',*,*,#824,.F.);
#1064=ORIENTED_EDGE('',*,*,#825,.T.);
#1065=ORIENTED_EDGE('',*,*,#826,.F.);
#1066=ORIENTED_EDGE('',*,*,#827,.F.);
#1067=ORIENTED_EDGE('',*,*,#828,.T.);
#1068=ORIENTED_EDGE('',*,*,#827,.T.);
#1069=ORIENTED_EDGE('',*,*,#829,.F.);
#1070=ORIENTED_EDGE('',*,*,#830,.F.);
#1071=ORIENTED_EDGE('',*,*,#831,.F.);
#1072=ORIENTED_EDGE('',*,*,#830,.T.);
#1073=ORIENTED_EDGE('',*,*,#832,.F.);
#1074=ORIENTED_EDGE('',*,*,#825,.F.);
#1075=ORIENTED_EDGE('',*,*,#831,.T.);
#1076=ORIENTED_EDGE('',*,*,#824,.T.);
#1077=ORIENTED_EDGE('',*,*,#828,.F.);
#1078=ORIENTED_EDGE('',*,*,#832,.T.);
#1079=ORIENTED_EDGE('',*,*,#829,.T.);
#1080=ORIENTED_EDGE('',*,*,#826,.T.);
#1081=ORIENTED_EDGE('',*,*,#833,.F.);
#1082=ORIENTED_EDGE('',*,*,#834,.T.);
#1083=ORIENTED_EDGE('',*,*,#835,.F.);
#1084=ORIENTED_EDGE('',*,*,#836,.F.);
#1085=ORIENTED_EDGE('',*,*,#837,.T.);
#1086=ORIENTED_EDGE('',*,*,#836,.T.);
#1087=ORIENTED_EDGE('',*,*,#838,.F.);
#1088=ORIENTED_EDGE('',*,*,#839,.F.);
#1089=ORIENTED_EDGE('',*,*,#840,.F.);
#1090=ORIENTED_EDGE('',*,*,#839,.T.);
#1091=ORIENTED_EDGE('',*,*,#841,.F.);
#1092=ORIENTED_EDGE('',*,*,#834,.F.);
#1093=ORIENTED_EDGE('',*,*,#840,.T.);
#1094=ORIENTED_EDGE('',*,*,#833,.T.);
#1095=ORIENTED_EDGE('',*,*,#837,.F.);
#1096=ORIENTED_EDGE('',*,*,#841,.T.);
#1097=ORIENTED_EDGE('',*,*,#838,.T.);
#1098=ORIENTED_EDGE('',*,*,#835,.T.);
#1099=ORIENTED_EDGE('',*,*,#842,.F.);
#1100=ORIENTED_EDGE('',*,*,#843,.T.);
#1101=ORIENTED_EDGE('',*,*,#844,.F.);
#1102=ORIENTED_EDGE('',*,*,#845,.F.);
#1103=ORIENTED_EDGE('',*,*,#846,.T.);
#1104=ORIENTED_EDGE('',*,*,#845,.T.);
#1105=ORIENTED_EDGE('',*,*,#847,.F.);
#1106=ORIENTED_EDGE('',*,*,#848,.F.);
#1107=ORIENTED_EDGE('',*,*,#849,.F.);
#1108=ORIENTED_EDGE('',*,*,#848,.T.);
#1109=ORIENTED_EDGE('',*,*,#850,.F.);
#1110=ORIENTED_EDGE('',*,*,#843,.F.);
#1111=ORIENTED_EDGE('',*,*,#849,.T.);
#1112=ORIENTED_EDGE('',*,*,#842,.T.);
#1113=ORIENTED_EDGE('',*,*,#846,.F.);
#1114=ORIENTED_EDGE('',*,*,#850,.T.);
#1115=ORIENTED_EDGE('',*,*,#847,.T.);
#1116=ORIENTED_EDGE('',*,*,#844,.T.);
#1117=ORIENTED_EDGE('',*,*,#851,.F.);
#1118=ORIENTED_EDGE('',*,*,#852,.T.);
#1119=ORIENTED_EDGE('',*,*,#853,.F.);
#1120=ORIENTED_EDGE('',*,*,#854,.F.);
#1121=ORIENTED_EDGE('',*,*,#855,.T.);
#1122=ORIENTED_EDGE('',*,*,#854,.T.);
#1123=ORIENTED_EDGE('',*,*,#856,.F.);
#1124=ORIENTED_EDGE('',*,*,#857,.F.);
#1125=ORIENTED_EDGE('',*,*,#858,.F.);
#1126=ORIENTED_EDGE('',*,*,#857,.T.);
#1127=ORIENTED_EDGE('',*,*,#859,.F.);
#1128=ORIENTED_EDGE('',*,*,#852,.F.);
#1129=ORIENTED_EDGE('',*,*,#858,.T.);
#1130=ORIENTED_EDGE('',*,*,#851,.T.);
#1131=ORIENTED_EDGE('',*,*,#855,.F.);
#1132=ORIENTED_EDGE('',*,*,#859,.T.);
#1133=ORIENTED_EDGE('',*,*,#856,.T.);
#1134=ORIENTED_EDGE('',*,*,#853,.T.);
#1135=ORIENTED_EDGE('',*,*,#860,.F.);
#1136=ORIENTED_EDGE('',*,*,#861,.T.);
#1137=ORIENTED_EDGE('',*,*,#862,.F.);
#1138=ORIENTED_EDGE('',*,*,#863,.F.);
#1139=ORIENTED_EDGE('',*,*,#864,.T.);
#1140=ORIENTED_EDGE('',*,*,#863,.T.);
#1141=ORIENTED_EDGE('',*,*,#865,.F.);
#1142=ORIENTED_EDGE('',*,*,#866,.F.);
#1143=ORIENTED_EDGE('',*,*,#867,.F.);
#1144=ORIENTED_EDGE('',*,*,#866,.T.);
#1145=ORIENTED_EDGE('',*,*,#868,.F.);
#1146=ORIENTED_EDGE('',*,*,#861,.F.);
#1147=ORIENTED_EDGE('',*,*,#867,.T.);
#1148=ORIENTED_EDGE('',*,*,#860,.T.);
#1149=ORIENTED_EDGE('',*,*,#864,.F.);
#1150=ORIENTED_EDGE('',*,*,#868,.T.);
#1151=ORIENTED_EDGE('',*,*,#865,.T.);
#1152=ORIENTED_EDGE('',*,*,#862,.T.);
#1153=ORIENTED_EDGE('',*,*,#869,.T.);
#1154=ORIENTED_EDGE('',*,*,#870,.T.);
#1155=ORIENTED_EDGE('',*,*,#869,.F.);
#1156=ORIENTED_EDGE('',*,*,#871,.T.);
#1157=ORIENTED_EDGE('',*,*,#872,.T.);
#1158=ORIENTED_EDGE('',*,*,#873,.T.);
#1159=ORIENTED_EDGE('',*,*,#874,.T.);
#1160=ORIENTED_EDGE('',*,*,#875,.T.);
#1161=ORIENTED_EDGE('',*,*,#876,.F.);
#1162=ORIENTED_EDGE('',*,*,#877,.T.);
#1163=ORIENTED_EDGE('',*,*,#878,.T.);
#1164=ORIENTED_EDGE('',*,*,#879,.T.);
#1165=ORIENTED_EDGE('',*,*,#880,.F.);
#1166=ORIENTED_EDGE('',*,*,#875,.F.);
#1167=ORIENTED_EDGE('',*,*,#881,.T.);
#1168=ORIENTED_EDGE('',*,*,#882,.T.);
#1169=ORIENTED_EDGE('',*,*,#883,.T.);
#1170=ORIENTED_EDGE('',*,*,#871,.F.);
#1171=ORIENTED_EDGE('',*,*,#884,.T.);
#1172=ORIENTED_EDGE('',*,*,#885,.T.);
#1173=ORIENTED_EDGE('',*,*,#886,.T.);
#1174=ORIENTED_EDGE('',*,*,#887,.T.);
#1175=ORIENTED_EDGE('',*,*,#888,.T.);
#1176=ORIENTED_EDGE('',*,*,#889,.T.);
#1177=ORIENTED_EDGE('',*,*,#890,.T.);
#1178=ORIENTED_EDGE('',*,*,#891,.T.);
#1179=ORIENTED_EDGE('',*,*,#876,.T.);
#1180=ORIENTED_EDGE('',*,*,#880,.T.);
#1181=ORIENTED_EDGE('',*,*,#870,.F.);
#1182=ORIENTED_EDGE('',*,*,#892,.T.);
#1183=ORIENTED_EDGE('',*,*,#893,.T.);
#1184=ORIENTED_EDGE('',*,*,#894,.T.);
#1185=ORIENTED_EDGE('',*,*,#895,.T.);
#1186=ORIENTED_EDGE('',*,*,#896,.T.);
#1187=ORIENTED_EDGE('',*,*,#897,.T.);
#1188=ORIENTED_EDGE('',*,*,#898,.T.);
#1189=ORIENTED_EDGE('',*,*,#890,.F.);
#1190=ORIENTED_EDGE('',*,*,#899,.T.);
#1191=ORIENTED_EDGE('',*,*,#896,.F.);
#1192=ORIENTED_EDGE('',*,*,#900,.T.);
#1193=ORIENTED_EDGE('',*,*,#901,.T.);
#1194=ORIENTED_EDGE('',*,*,#902,.T.);
#1195=ORIENTED_EDGE('',*,*,#892,.F.);
#1196=ORIENTED_EDGE('',*,*,#903,.T.);
#1197=ORIENTED_EDGE('',*,*,#904,.T.);
#1198=ORIENTED_EDGE('',*,*,#905,.T.);
#1199=ORIENTED_EDGE('',*,*,#906,.T.);
#1200=ORIENTED_EDGE('',*,*,#878,.F.);
#1201=ORIENTED_EDGE('',*,*,#907,.T.);
#1202=ORIENTED_EDGE('',*,*,#897,.F.);
#1203=ORIENTED_EDGE('',*,*,#908,.T.);
#1204=ORIENTED_EDGE('',*,*,#909,.F.);
#1205=ORIENTED_EDGE('',*,*,#888,.F.);
#1206=ORIENTED_EDGE('',*,*,#879,.F.);
#1207=ORIENTED_EDGE('',*,*,#909,.T.);
#1208=ORIENTED_EDGE('',*,*,#910,.T.);
#1209=ORIENTED_EDGE('',*,*,#889,.F.);
#1210=ORIENTED_EDGE('',*,*,#910,.F.);
#1211=ORIENTED_EDGE('',*,*,#908,.F.);
#1212=ORIENTED_EDGE('',*,*,#899,.F.);
#1213=ORIENTED_EDGE('',*,*,#877,.F.);
#1214=ORIENTED_EDGE('',*,*,#891,.F.);
#1215=ORIENTED_EDGE('',*,*,#898,.F.);
#1216=ORIENTED_EDGE('',*,*,#907,.F.);
#1217=ORIENTED_EDGE('',*,*,#904,.F.);
#1218=ORIENTED_EDGE('',*,*,#911,.F.);
#1219=ORIENTED_EDGE('',*,*,#887,.F.);
#1220=ORIENTED_EDGE('',*,*,#912,.F.);
#1221=ORIENTED_EDGE('',*,*,#903,.F.);
#1222=ORIENTED_EDGE('',*,*,#913,.T.);
#1223=ORIENTED_EDGE('',*,*,#884,.F.);
#1224=ORIENTED_EDGE('',*,*,#911,.T.);
#1225=ORIENTED_EDGE('',*,*,#902,.F.);
#1226=ORIENTED_EDGE('',*,*,#914,.T.);
#1227=ORIENTED_EDGE('',*,*,#872,.F.);
#1228=ORIENTED_EDGE('',*,*,#883,.F.);
#1229=ORIENTED_EDGE('',*,*,#915,.T.);
#1230=ORIENTED_EDGE('',*,*,#893,.F.);
#1231=ORIENTED_EDGE('',*,*,#906,.F.);
#1232=ORIENTED_EDGE('',*,*,#916,.T.);
#1233=ORIENTED_EDGE('',*,*,#885,.F.);
#1234=ORIENTED_EDGE('',*,*,#913,.F.);
#1235=ORIENTED_EDGE('',*,*,#894,.F.);
#1236=ORIENTED_EDGE('',*,*,#915,.F.);
#1237=ORIENTED_EDGE('',*,*,#882,.F.);
#1238=ORIENTED_EDGE('',*,*,#917,.T.);
#1239=ORIENTED_EDGE('',*,*,#901,.F.);
#1240=ORIENTED_EDGE('',*,*,#918,.F.);
#1241=ORIENTED_EDGE('',*,*,#873,.F.);
#1242=ORIENTED_EDGE('',*,*,#914,.F.);
#1243=ORIENTED_EDGE('',*,*,#905,.F.);
#1244=ORIENTED_EDGE('',*,*,#912,.T.);
#1245=ORIENTED_EDGE('',*,*,#886,.F.);
#1246=ORIENTED_EDGE('',*,*,#916,.F.);
#1247=ORIENTED_EDGE('',*,*,#895,.F.);
#1248=ORIENTED_EDGE('',*,*,#917,.F.);
#1249=ORIENTED_EDGE('',*,*,#881,.F.);
#1250=ORIENTED_EDGE('',*,*,#874,.F.);
#1251=ORIENTED_EDGE('',*,*,#918,.T.);
#1252=ORIENTED_EDGE('',*,*,#900,.F.);
#1253=ORIENTED_EDGE('',*,*,#919,.T.);
#1254=ORIENTED_EDGE('',*,*,#920,.T.);
#1255=ORIENTED_EDGE('',*,*,#921,.T.);
#1256=ORIENTED_EDGE('',*,*,#922,.T.);
#1257=ORIENTED_EDGE('',*,*,#923,.T.);
#1258=ORIENTED_EDGE('',*,*,#924,.T.);
#1259=ORIENTED_EDGE('',*,*,#925,.T.);
#1260=ORIENTED_EDGE('',*,*,#922,.F.);
#1261=ORIENTED_EDGE('',*,*,#923,.F.);
#1262=ORIENTED_EDGE('',*,*,#921,.F.);
#1263=ORIENTED_EDGE('',*,*,#926,.T.);
#1264=ORIENTED_EDGE('',*,*,#927,.F.);
#1265=ORIENTED_EDGE('',*,*,#920,.F.);
#1266=ORIENTED_EDGE('',*,*,#928,.F.);
#1267=ORIENTED_EDGE('',*,*,#929,.F.);
#1268=ORIENTED_EDGE('',*,*,#930,.T.);
#1269=ORIENTED_EDGE('',*,*,#931,.F.);
#1270=ORIENTED_EDGE('',*,*,#926,.F.);
#1271=ORIENTED_EDGE('',*,*,#932,.T.);
#1272=ORIENTED_EDGE('',*,*,#933,.T.);
#1273=ORIENTED_EDGE('',*,*,#934,.T.);
#1274=ORIENTED_EDGE('',*,*,#935,.T.);
#1275=ORIENTED_EDGE('',*,*,#936,.T.);
#1276=ORIENTED_EDGE('',*,*,#929,.T.);
#1277=ORIENTED_EDGE('',*,*,#937,.T.);
#1278=ORIENTED_EDGE('',*,*,#935,.F.);
#1279=ORIENTED_EDGE('',*,*,#936,.F.);
#1280=ORIENTED_EDGE('',*,*,#934,.F.);
#1281=ORIENTED_EDGE('',*,*,#938,.F.);
#1282=ORIENTED_EDGE('',*,*,#930,.F.);
#1283=ORIENTED_EDGE('',*,*,#939,.F.);
#1284=ORIENTED_EDGE('',*,*,#940,.T.);
#1285=ORIENTED_EDGE('',*,*,#941,.T.);
#1286=ORIENTED_EDGE('',*,*,#940,.F.);
#1287=ORIENTED_EDGE('',*,*,#941,.F.);
#1288=ORIENTED_EDGE('',*,*,#942,.F.);
#1289=ORIENTED_EDGE('',*,*,#943,.T.);
#1290=ORIENTED_EDGE('',*,*,#944,.F.);
#1291=ORIENTED_EDGE('',*,*,#945,.F.);
#1292=ORIENTED_EDGE('',*,*,#946,.F.);
#1293=ORIENTED_EDGE('',*,*,#945,.T.);
#1294=ORIENTED_EDGE('',*,*,#947,.F.);
#1295=ORIENTED_EDGE('',*,*,#948,.F.);
#1296=ORIENTED_EDGE('',*,*,#949,.F.);
#1297=ORIENTED_EDGE('',*,*,#948,.T.);
#1298=ORIENTED_EDGE('',*,*,#950,.F.);
#1299=ORIENTED_EDGE('',*,*,#951,.F.);
#1300=ORIENTED_EDGE('',*,*,#952,.F.);
#1301=ORIENTED_EDGE('',*,*,#951,.T.);
#1302=ORIENTED_EDGE('',*,*,#953,.F.);
#1303=ORIENTED_EDGE('',*,*,#943,.F.);
#1304=ORIENTED_EDGE('',*,*,#954,.F.);
#1305=ORIENTED_EDGE('',*,*,#955,.T.);
#1306=ORIENTED_EDGE('',*,*,#956,.F.);
#1307=ORIENTED_EDGE('',*,*,#957,.F.);
#1308=ORIENTED_EDGE('',*,*,#958,.F.);
#1309=ORIENTED_EDGE('',*,*,#957,.T.);
#1310=ORIENTED_EDGE('',*,*,#959,.F.);
#1311=ORIENTED_EDGE('',*,*,#960,.F.);
#1312=ORIENTED_EDGE('',*,*,#961,.F.);
#1313=ORIENTED_EDGE('',*,*,#960,.T.);
#1314=ORIENTED_EDGE('',*,*,#962,.F.);
#1315=ORIENTED_EDGE('',*,*,#963,.F.);
#1316=ORIENTED_EDGE('',*,*,#964,.F.);
#1317=ORIENTED_EDGE('',*,*,#963,.T.);
#1318=ORIENTED_EDGE('',*,*,#965,.F.);
#1319=ORIENTED_EDGE('',*,*,#955,.F.);
#1320=ORIENTED_EDGE('',*,*,#925,.F.);
#1321=ORIENTED_EDGE('',*,*,#966,.F.);
#1322=ORIENTED_EDGE('',*,*,#932,.F.);
#1323=ORIENTED_EDGE('',*,*,#967,.F.);
#1324=ORIENTED_EDGE('',*,*,#919,.F.);
#1325=ORIENTED_EDGE('',*,*,#967,.T.);
#1326=ORIENTED_EDGE('',*,*,#937,.F.);
#1327=ORIENTED_EDGE('',*,*,#928,.T.);
#1328=ORIENTED_EDGE('',*,*,#964,.T.);
#1329=ORIENTED_EDGE('',*,*,#954,.T.);
#1330=ORIENTED_EDGE('',*,*,#958,.T.);
#1331=ORIENTED_EDGE('',*,*,#961,.T.);
#1332=ORIENTED_EDGE('',*,*,#952,.T.);
#1333=ORIENTED_EDGE('',*,*,#942,.T.);
#1334=ORIENTED_EDGE('',*,*,#946,.T.);
#1335=ORIENTED_EDGE('',*,*,#949,.T.);
#1336=ORIENTED_EDGE('',*,*,#924,.F.);
#1337=ORIENTED_EDGE('',*,*,#927,.T.);
#1338=ORIENTED_EDGE('',*,*,#931,.T.);
#1339=ORIENTED_EDGE('',*,*,#938,.T.);
#1340=ORIENTED_EDGE('',*,*,#933,.F.);
#1341=ORIENTED_EDGE('',*,*,#966,.T.);
#1342=ORIENTED_EDGE('',*,*,#939,.T.);
#1343=ORIENTED_EDGE('',*,*,#965,.T.);
#1344=ORIENTED_EDGE('',*,*,#962,.T.);
#1345=ORIENTED_EDGE('',*,*,#959,.T.);
#1346=ORIENTED_EDGE('',*,*,#956,.T.);
#1347=ORIENTED_EDGE('',*,*,#953,.T.);
#1348=ORIENTED_EDGE('',*,*,#950,.T.);
#1349=ORIENTED_EDGE('',*,*,#947,.T.);
#1350=ORIENTED_EDGE('',*,*,#944,.T.);
#1351=ORIENTED_EDGE('',*,*,#968,.T.);
#1352=ORIENTED_EDGE('',*,*,#969,.T.);
#1353=ORIENTED_EDGE('',*,*,#970,.T.);
#1354=ORIENTED_EDGE('',*,*,#971,.T.);
#1355=ORIENTED_EDGE('',*,*,#971,.F.);
#1356=ORIENTED_EDGE('',*,*,#972,.T.);
#1357=ORIENTED_EDGE('',*,*,#973,.T.);
#1358=ORIENTED_EDGE('',*,*,#974,.F.);
#1359=ORIENTED_EDGE('',*,*,#970,.F.);
#1360=ORIENTED_EDGE('',*,*,#975,.F.);
#1361=ORIENTED_EDGE('',*,*,#976,.F.);
#1362=ORIENTED_EDGE('',*,*,#977,.F.);
#1363=ORIENTED_EDGE('',*,*,#978,.F.);
#1364=ORIENTED_EDGE('',*,*,#972,.F.);
#1365=ORIENTED_EDGE('',*,*,#979,.T.);
#1366=ORIENTED_EDGE('',*,*,#980,.T.);
#1367=ORIENTED_EDGE('',*,*,#981,.T.);
#1368=ORIENTED_EDGE('',*,*,#976,.T.);
#1369=ORIENTED_EDGE('',*,*,#982,.T.);
#1370=ORIENTED_EDGE('',*,*,#981,.F.);
#1371=ORIENTED_EDGE('',*,*,#983,.F.);
#1372=ORIENTED_EDGE('',*,*,#984,.F.);
#1373=ORIENTED_EDGE('',*,*,#977,.T.);
#1374=ORIENTED_EDGE('',*,*,#979,.F.);
#1375=ORIENTED_EDGE('',*,*,#985,.T.);
#1376=ORIENTED_EDGE('',*,*,#986,.F.);
#1377=ORIENTED_EDGE('',*,*,#985,.F.);
#1378=ORIENTED_EDGE('',*,*,#969,.F.);
#1379=ORIENTED_EDGE('',*,*,#987,.F.);
#1380=ORIENTED_EDGE('',*,*,#982,.F.);
#1381=ORIENTED_EDGE('',*,*,#975,.T.);
#1382=ORIENTED_EDGE('',*,*,#978,.T.);
#1383=ORIENTED_EDGE('',*,*,#984,.T.);
#1384=ORIENTED_EDGE('',*,*,#988,.F.);
#1385=ORIENTED_EDGE('',*,*,#973,.F.);
#1386=ORIENTED_EDGE('',*,*,#968,.F.);
#1387=ORIENTED_EDGE('',*,*,#974,.T.);
#1388=ORIENTED_EDGE('',*,*,#988,.T.);
#1389=ORIENTED_EDGE('',*,*,#983,.T.);
#1390=ORIENTED_EDGE('',*,*,#980,.F.);
#1391=ORIENTED_EDGE('',*,*,#987,.T.);
#1392=ORIENTED_EDGE('',*,*,#986,.T.);
#1393=CYLINDRICAL_SURFACE('',#1520,0.125);
#1394=CYLINDRICAL_SURFACE('',#1535,0.375);
#1395=CYLINDRICAL_SURFACE('',#1542,0.375);
#1396=CYLINDRICAL_SURFACE('',#1549,0.375);
#1397=CYLINDRICAL_SURFACE('',#1556,0.375);
#1398=CYLINDRICAL_SURFACE('',#1563,0.375);
#1399=CYLINDRICAL_SURFACE('',#1570,0.375);
#1400=CYLINDRICAL_SURFACE('',#1579,0.375);
#1401=CYLINDRICAL_SURFACE('',#1591,0.325);
#1402=CYLINDRICAL_SURFACE('',#1611,0.125);
#1403=CYLINDRICAL_SURFACE('',#1614,0.125);
#1404=CYLINDRICAL_SURFACE('',#1619,0.125);
#1405=CYLINDRICAL_SURFACE('',#1622,0.125);
#1406=CYLINDRICAL_SURFACE('',#1624,0.0984251968503937);
#1407=CYLINDRICAL_SURFACE('',#1639,0.125);
#1408=CYLINDRICAL_SURFACE('',#1646,0.125);
#1409=CYLINDRICAL_SURFACE('',#1649,0.0984251968503937);
#1410=ADVANCED_FACE('',(#115),#1393,.T.);
#1411=ADVANCED_FACE('',(#116),#45,.T.);
#1412=ADVANCED_FACE('',(#117),#46,.F.);
#1413=ADVANCED_FACE('',(#118),#47,.T.);
#1414=ADVANCED_FACE('',(#119),#48,.F.);
#1415=ADVANCED_FACE('',(#120),#49,.F.);
#1416=ADVANCED_FACE('',(#121),#50,.F.);
#1417=ADVANCED_FACE('',(#122),#51,.F.);
#1418=ADVANCED_FACE('',(#123),#52,.F.);
#1419=ADVANCED_FACE('',(#124),#53,.T.);
#1420=ADVANCED_FACE('',(#125),#54,.T.);
#1421=ADVANCED_FACE('',(#126),#55,.T.);
#1422=ADVANCED_FACE('',(#127),#56,.T.);
#1423=ADVANCED_FACE('',(#128),#1394,.F.);
#1424=ADVANCED_FACE('',(#129),#57,.T.);
#1425=ADVANCED_FACE('',(#130),#58,.T.);
#1426=ADVANCED_FACE('',(#131),#59,.F.);
#1427=ADVANCED_FACE('',(#132),#60,.T.);
#1428=ADVANCED_FACE('',(#133),#1395,.F.);
#1429=ADVANCED_FACE('',(#134),#61,.T.);
#1430=ADVANCED_FACE('',(#135),#62,.T.);
#1431=ADVANCED_FACE('',(#136),#63,.F.);
#1432=ADVANCED_FACE('',(#137),#64,.T.);
#1433=ADVANCED_FACE('',(#138),#1396,.F.);
#1434=ADVANCED_FACE('',(#139),#65,.T.);
#1435=ADVANCED_FACE('',(#140),#66,.T.);
#1436=ADVANCED_FACE('',(#141),#67,.F.);
#1437=ADVANCED_FACE('',(#142),#68,.T.);
#1438=ADVANCED_FACE('',(#143),#1397,.F.);
#1439=ADVANCED_FACE('',(#144),#69,.T.);
#1440=ADVANCED_FACE('',(#145),#70,.T.);
#1441=ADVANCED_FACE('',(#146),#71,.F.);
#1442=ADVANCED_FACE('',(#147),#72,.T.);
#1443=ADVANCED_FACE('',(#148),#1398,.F.);
#1444=ADVANCED_FACE('',(#149),#73,.T.);
#1445=ADVANCED_FACE('',(#150),#74,.T.);
#1446=ADVANCED_FACE('',(#151),#75,.F.);
#1447=ADVANCED_FACE('',(#152),#76,.T.);
#1448=ADVANCED_FACE('',(#153),#1399,.F.);
#1449=ADVANCED_FACE('',(#154),#77,.T.);
#1450=ADVANCED_FACE('',(#155),#78,.T.);
#1451=ADVANCED_FACE('',(#156),#79,.F.);
#1452=ADVANCED_FACE('',(#157,#15),#80,.T.);
#1453=ADVANCED_FACE('',(#158,#16),#1400,.T.);
#1454=ADVANCED_FACE('',(#159),#81,.F.);
#1455=ADVANCED_FACE('',(#160,#17),#1401,.F.);
#1456=ADVANCED_FACE('',(#161),#82,.F.);
#1457=ADVANCED_FACE('',(#162),#83,.F.);
#1458=ADVANCED_FACE('',(#163),#84,.F.);
#1459=ADVANCED_FACE('',(#164),#85,.F.);
#1460=ADVANCED_FACE('',(#165),#86,.F.);
#1461=ADVANCED_FACE('',(#166),#87,.F.);
#1462=ADVANCED_FACE('',(#167),#88,.F.);
#1463=ADVANCED_FACE('',(#168),#89,.F.);
#1464=ADVANCED_FACE('',(#169),#90,.F.);
#1465=ADVANCED_FACE('',(#170),#91,.F.);
#1466=ADVANCED_FACE('',(#171),#92,.F.);
#1467=ADVANCED_FACE('',(#172),#93,.F.);
#1468=ADVANCED_FACE('',(#173),#1402,.T.);
#1469=ADVANCED_FACE('',(#174),#1403,.T.);
#1470=ADVANCED_FACE('',(#175),#94,.T.);
#1471=ADVANCED_FACE('',(#176),#95,.T.);
#1472=ADVANCED_FACE('',(#177),#1404,.T.);
#1473=ADVANCED_FACE('',(#178),#1405,.T.);
#1474=ADVANCED_FACE('',(#179),#96,.T.);
#1475=ADVANCED_FACE('',(#180),#1406,.F.);
#1476=ADVANCED_FACE('',(#181),#97,.T.);
#1477=ADVANCED_FACE('',(#182),#98,.T.);
#1478=ADVANCED_FACE('',(#183),#99,.T.);
#1479=ADVANCED_FACE('',(#184),#100,.T.);
#1480=ADVANCED_FACE('',(#185),#101,.T.);
#1481=ADVANCED_FACE('',(#186),#102,.T.);
#1482=ADVANCED_FACE('',(#187),#103,.T.);
#1483=ADVANCED_FACE('',(#188),#104,.T.);
#1484=ADVANCED_FACE('',(#189),#105,.T.);
#1485=ADVANCED_FACE('',(#190),#106,.T.);
#1486=ADVANCED_FACE('',(#191,#18,#19),#107,.T.);
#1487=ADVANCED_FACE('',(#192,#20,#21,#22),#108,.T.);
#1488=ADVANCED_FACE('',(#193),#1407,.T.);
#1489=ADVANCED_FACE('',(#194),#109,.T.);
#1490=ADVANCED_FACE('',(#195,#23),#110,.T.);
#1491=ADVANCED_FACE('',(#196),#1408,.T.);
#1492=ADVANCED_FACE('',(#197),#111,.T.);
#1493=ADVANCED_FACE('',(#198),#1409,.F.);
#1494=ADVANCED_FACE('',(#199),#112,.T.);
#1495=ADVANCED_FACE('',(#200),#113,.T.);
#1496=ADVANCED_FACE('',(#201,#24),#114,.T.);
#1497=CLOSED_SHELL('',(#1410,#1411,#1412,#1413,#1414,#1415,#1416,#1417,
#1418,#1419,#1420,#1421));
#1498=CLOSED_SHELL('',(#1422,#1423,#1424,#1425,#1426));
#1499=CLOSED_SHELL('',(#1427,#1428,#1429,#1430,#1431));
#1500=CLOSED_SHELL('',(#1432,#1433,#1434,#1435,#1436));
#1501=CLOSED_SHELL('',(#1437,#1438,#1439,#1440,#1441));
#1502=CLOSED_SHELL('',(#1442,#1443,#1444,#1445,#1446));
#1503=CLOSED_SHELL('',(#1447,#1448,#1449,#1450,#1451));
#1504=CLOSED_SHELL('',(#1452,#1453,#1454,#1455,#1456,#1457,#1458,#1459,
#1460,#1461,#1462,#1463,#1464,#1465,#1466,#1467));
#1505=CLOSED_SHELL('',(#1468,#1469,#1470,#1471,#1472,#1473,#1474,#1475,
#1476,#1477,#1478,#1479,#1480,#1481,#1482,#1483,#1484,#1485,#1486,#1487));
#1506=CLOSED_SHELL('',(#1488,#1489,#1490,#1491,#1492,#1493,#1494,#1495,
#1496));
#1507=DERIVED_UNIT_ELEMENT(#1509,1.);
#1508=DERIVED_UNIT_ELEMENT(#2509,-3.);
#1509=(
MASS_UNIT()
NAMED_UNIT(*)
SI_UNIT(.KILO.,.GRAM.)
);
#1510=DERIVED_UNIT((#1507,#1508));
#1511=MEASURE_REPRESENTATION_ITEM('density measure',
POSITIVE_RATIO_MEASURE(7850.),#1510);
#1512=PROPERTY_DEFINITION_REPRESENTATION(#1517,#1514);
#1513=PROPERTY_DEFINITION_REPRESENTATION(#1518,#1515);
#1514=REPRESENTATION('material name',(#1516),#2504);
#1515=REPRESENTATION('density',(#1511),#2504);
#1516=DESCRIPTIVE_REPRESENTATION_ITEM('Steel','Steel');
#1517=PROPERTY_DEFINITION('material property','material name',#2517);
#1518=PROPERTY_DEFINITION('material property','density of part',#2517);
#1519=AXIS2_PLACEMENT_3D('',#2079,#1654,#1655);
#1520=AXIS2_PLACEMENT_3D('',#2080,#1656,#1657);
#1521=AXIS2_PLACEMENT_3D('',#2083,#1658,#1659);
#1522=AXIS2_PLACEMENT_3D('',#2087,#1661,#1662);
#1523=AXIS2_PLACEMENT_3D('',#2093,#1666,#1667);
#1524=AXIS2_PLACEMENT_3D('',#2104,#1674,#1675);
#1525=AXIS2_PLACEMENT_3D('',#2110,#1679,#1680);
#1526=AXIS2_PLACEMENT_3D('',#2114,#1683,#1684);
#1527=AXIS2_PLACEMENT_3D('',#2120,#1688,#1689);
#1528=AXIS2_PLACEMENT_3D('',#2124,#1692,#1693);
#1529=AXIS2_PLACEMENT_3D('',#2128,#1696,#1697);
#1530=AXIS2_PLACEMENT_3D('',#2130,#1699,#1700);
#1531=AXIS2_PLACEMENT_3D('',#2131,#1701,#1702);
#1532=AXIS2_PLACEMENT_3D('',#2135,#1705,#1706);
#1533=AXIS2_PLACEMENT_3D('',#2137,#1708,#1709);
#1534=AXIS2_PLACEMENT_3D('',#2138,#1710,#1711);
#1535=AXIS2_PLACEMENT_3D('',#2147,#1716,#1717);
#1536=AXIS2_PLACEMENT_3D('',#2149,#1718,#1719);
#1537=AXIS2_PLACEMENT_3D('',#2151,#1720,#1721);
#1538=AXIS2_PLACEMENT_3D('',#2153,#1723,#1724);
#1539=AXIS2_PLACEMENT_3D('',#2156,#1727,#1728);
#1540=AXIS2_PLACEMENT_3D('',#2157,#1729,#1730);
#1541=AXIS2_PLACEMENT_3D('',#2158,#1731,#1732);
#1542=AXIS2_PLACEMENT_3D('',#2167,#1737,#1738);
#1543=AXIS2_PLACEMENT_3D('',#2169,#1739,#1740);
#1544=AXIS2_PLACEMENT_3D('',#2171,#1741,#1742);
#1545=AXIS2_PLACEMENT_3D('',#2173,#1744,#1745);
#1546=AXIS2_PLACEMENT_3D('',#2176,#1748,#1749);
#1547=AXIS2_PLACEMENT_3D('',#2177,#1750,#1751);
#1548=AXIS2_PLACEMENT_3D('',#2178,#1752,#1753);
#1549=AXIS2_PLACEMENT_3D('',#2187,#1758,#1759);
#1550=AXIS2_PLACEMENT_3D('',#2189,#1760,#1761);
#1551=AXIS2_PLACEMENT_3D('',#2191,#1762,#1763);
#1552=AXIS2_PLACEMENT_3D('',#2193,#1765,#1766);
#1553=AXIS2_PLACEMENT_3D('',#2196,#1769,#1770);
#1554=AXIS2_PLACEMENT_3D('',#2197,#1771,#1772);
#1555=AXIS2_PLACEMENT_3D('',#2198,#1773,#1774);
#1556=AXIS2_PLACEMENT_3D('',#2207,#1779,#1780);
#1557=AXIS2_PLACEMENT_3D('',#2209,#1781,#1782);
#1558=AXIS2_PLACEMENT_3D('',#2211,#1783,#1784);
#1559=AXIS2_PLACEMENT_3D('',#2213,#1786,#1787);
#1560=AXIS2_PLACEMENT_3D('',#2216,#1790,#1791);
#1561=AXIS2_PLACEMENT_3D('',#2217,#1792,#1793);
#1562=AXIS2_PLACEMENT_3D('',#2218,#1794,#1795);
#1563=AXIS2_PLACEMENT_3D('',#2227,#1800,#1801);
#1564=AXIS2_PLACEMENT_3D('',#2229,#1802,#1803);
#1565=AXIS2_PLACEMENT_3D('',#2231,#1804,#1805);
#1566=AXIS2_PLACEMENT_3D('',#2233,#1807,#1808);
#1567=AXIS2_PLACEMENT_3D('',#2236,#1811,#1812);
#1568=AXIS2_PLACEMENT_3D('',#2237,#1813,#1814);
#1569=AXIS2_PLACEMENT_3D('',#2238,#1815,#1816);
#1570=AXIS2_PLACEMENT_3D('',#2247,#1821,#1822);
#1571=AXIS2_PLACEMENT_3D('',#2249,#1823,#1824);
#1572=AXIS2_PLACEMENT_3D('',#2251,#1825,#1826);
#1573=AXIS2_PLACEMENT_3D('',#2253,#1828,#1829);
#1574=AXIS2_PLACEMENT_3D('',#2256,#1832,#1833);
#1575=AXIS2_PLACEMENT_3D('',#2257,#1834,#1835);
#1576=AXIS2_PLACEMENT_3D('',#2258,#1836,#1837);
#1577=AXIS2_PLACEMENT_3D('',#2260,#1838,#1839);
#1578=AXIS2_PLACEMENT_3D('',#2262,#1840,#1841);
#1579=AXIS2_PLACEMENT_3D('',#2263,#1842,#1843);
#1580=AXIS2_PLACEMENT_3D('',#2267,#1845,#1846);
#1581=AXIS2_PLACEMENT_3D('',#2271,#1848,#1849);
#1582=AXIS2_PLACEMENT_3D('',#2275,#1851,#1852);
#1583=AXIS2_PLACEMENT_3D('',#2279,#1854,#1855);
#1584=AXIS2_PLACEMENT_3D('',#2282,#1857,#1858);
#1585=AXIS2_PLACEMENT_3D('',#2284,#1859,#1860);
#1586=AXIS2_PLACEMENT_3D('',#2287,#1862,#1863);
#1587=AXIS2_PLACEMENT_3D('',#2290,#1864,#1865);
#1588=AXIS2_PLACEMENT_3D('',#2294,#1867,#1868);
#1589=AXIS2_PLACEMENT_3D('',#2296,#1870,#1871);
#1590=AXIS2_PLACEMENT_3D('',#2302,#1874,#1875);
#1591=AXIS2_PLACEMENT_3D('',#2304,#1877,#1878);
#1592=AXIS2_PLACEMENT_3D('',#2308,#1880,#1881);
#1593=AXIS2_PLACEMENT_3D('',#2312,#1883,#1884);
#1594=AXIS2_PLACEMENT_3D('',#2316,#1886,#1887);
#1595=AXIS2_PLACEMENT_3D('',#2320,#1890,#1891);
#1596=AXIS2_PLACEMENT_3D('',#2323,#1893,#1894);
#1597=AXIS2_PLACEMENT_3D('',#2326,#1895,#1896);
#1598=AXIS2_PLACEMENT_3D('',#2330,#1898,#1899);
#1599=AXIS2_PLACEMENT_3D('',#2332,#1901,#1902);
#1600=AXIS2_PLACEMENT_3D('',#2337,#1906,#1907);
#1601=AXIS2_PLACEMENT_3D('',#2339,#1909,#1910);
#1602=AXIS2_PLACEMENT_3D('',#2340,#1911,#1912);
#1603=AXIS2_PLACEMENT_3D('',#2341,#1913,#1914);
#1604=AXIS2_PLACEMENT_3D('',#2344,#1917,#1918);
#1605=AXIS2_PLACEMENT_3D('',#2346,#1920,#1921);
#1606=AXIS2_PLACEMENT_3D('',#2349,#1924,#1925);
#1607=AXIS2_PLACEMENT_3D('',#2351,#1927,#1928);
#1608=AXIS2_PLACEMENT_3D('',#2353,#1930,#1931);
#1609=AXIS2_PLACEMENT_3D('',#2355,#1933,#1934);
#1610=AXIS2_PLACEMENT_3D('',#2356,#1935,#1936);
#1611=AXIS2_PLACEMENT_3D('',#2357,#1937,#1938);
#1612=AXIS2_PLACEMENT_3D('',#2362,#1940,#1941);
#1613=AXIS2_PLACEMENT_3D('',#2365,#1943,#1944);
#1614=AXIS2_PLACEMENT_3D('',#2366,#1945,#1946);
#1615=AXIS2_PLACEMENT_3D('',#2370,#1948,#1949);
#1616=AXIS2_PLACEMENT_3D('',#2372,#1951,#1952);
#1617=AXIS2_PLACEMENT_3D('',#2376,#1955,#1956);
#1618=AXIS2_PLACEMENT_3D('',#2380,#1958,#1959);
#1619=AXIS2_PLACEMENT_3D('',#2384,#1962,#1963);
#1620=AXIS2_PLACEMENT_3D('',#2389,#1965,#1966);
#1621=AXIS2_PLACEMENT_3D('',#2392,#1968,#1969);
#1622=AXIS2_PLACEMENT_3D('',#2393,#1970,#1971);
#1623=AXIS2_PLACEMENT_3D('',#2396,#1974,#1975);
#1624=AXIS2_PLACEMENT_3D('',#2398,#1977,#1978);
#1625=AXIS2_PLACEMENT_3D('',#2400,#1979,#1980);
#1626=AXIS2_PLACEMENT_3D('',#2403,#1982,#1983);
#1627=AXIS2_PLACEMENT_3D('',#2404,#1984,#1985);
#1628=AXIS2_PLACEMENT_3D('',#2405,#1986,#1987);
#1629=AXIS2_PLACEMENT_3D('',#2414,#1992,#1993);
#1630=AXIS2_PLACEMENT_3D('',#2420,#1997,#1998);
#1631=AXIS2_PLACEMENT_3D('',#2426,#2002,#2003);
#1632=AXIS2_PLACEMENT_3D('',#2429,#2006,#2007);
#1633=AXIS2_PLACEMENT_3D('',#2438,#2012,#2013);
#1634=AXIS2_PLACEMENT_3D('',#2444,#2017,#2018);
#1635=AXIS2_PLACEMENT_3D('',#2450,#2022,#2023);
#1636=AXIS2_PLACEMENT_3D('',#2453,#2026,#2027);
#1637=AXIS2_PLACEMENT_3D('',#2456,#2030,#2031);
#1638=AXIS2_PLACEMENT_3D('',#2457,#2032,#2033);
#1639=AXIS2_PLACEMENT_3D('',#2458,#2034,#2035);
#1640=AXIS2_PLACEMENT_3D('',#2461,#2036,#2037);
#1641=AXIS2_PLACEMENT_3D('',#2465,#2039,#2040);
#1642=AXIS2_PLACEMENT_3D('',#2467,#2042,#2043);
#1643=AXIS2_PLACEMENT_3D('',#2473,#2047,#2048);
#1644=AXIS2_PLACEMENT_3D('',#2477,#2050,#2051);
#1645=AXIS2_PLACEMENT_3D('',#2482,#2054,#2055);
#1646=AXIS2_PLACEMENT_3D('',#2483,#2056,#2057);
#1647=AXIS2_PLACEMENT_3D('',#2486,#2058,#2059);
#1648=AXIS2_PLACEMENT_3D('',#2489,#2062,#2063);
#1649=AXIS2_PLACEMENT_3D('',#2493,#2066,#2067);
#1650=AXIS2_PLACEMENT_3D('',#2496,#2069,#2070);
#1651=AXIS2_PLACEMENT_3D('',#2497,#2071,#2072);
#1652=AXIS2_PLACEMENT_3D('',#2499,#2074,#2075);
#1653=AXIS2_PLACEMENT_3D('',#2501,#2077,#2078);
#1654=DIRECTION('axis',(0.,0.,1.));
#1655=DIRECTION('refdir',(1.,0.,0.));
#1656=DIRECTION('center_axis',(0.,1.,0.));
#1657=DIRECTION('ref_axis',(-0.707106781186548,0.,0.707106781186548));
#1658=DIRECTION('center_axis',(0.,-1.,0.));
#1659=DIRECTION('ref_axis',(-0.707106781186548,0.,0.707106781186548));
#1660=DIRECTION('',(0.,-1.,0.));
#1661=DIRECTION('center_axis',(0.,1.,0.));
#1662=DIRECTION('ref_axis',(-0.707106781186548,0.,0.707106781186548));
#1663=DIRECTION('',(0.,1.,0.));
#1664=DIRECTION('',(0.,1.,0.));
#1665=DIRECTION('',(0.,1.,0.));
#1666=DIRECTION('center_axis',(0.,0.,1.));
#1667=DIRECTION('ref_axis',(1.,0.,0.));
#1668=DIRECTION('',(-1.,0.,0.));
#1669=DIRECTION('',(0.,1.,0.));
#1670=DIRECTION('',(1.,0.,0.));
#1671=DIRECTION('',(1.,0.,0.));
#1672=DIRECTION('',(0.,-1.,0.));
#1673=DIRECTION('',(-1.,0.,0.));
#1674=DIRECTION('center_axis',(0.,1.,0.));
#1675=DIRECTION('ref_axis',(-1.,0.,0.));
#1676=DIRECTION('',(0.,0.,-1.));
#1677=DIRECTION('',(1.,0.,0.));
#1678=DIRECTION('',(0.,0.,1.));
#1679=DIRECTION('center_axis',(-1.,0.,0.));
#1680=DIRECTION('ref_axis',(0.,0.,1.));
#1681=DIRECTION('',(0.,0.,1.));
#1682=DIRECTION('',(0.,1.,0.));
#1683=DIRECTION('center_axis',(-1.,0.,0.));
#1684=DIRECTION('ref_axis',(0.,1.,0.));
#1685=DIRECTION('',(0.,0.,-1.));
#1686=DIRECTION('',(0.,1.,0.));
#1687=DIRECTION('',(0.,0.,-1.));
#1688=DIRECTION('center_axis',(0.,-1.,0.));
#1689=DIRECTION('ref_axis',(-1.,0.,0.));
#1690=DIRECTION('',(0.,0.,-1.));
#1691=DIRECTION('',(-1.,0.,0.));
#1692=DIRECTION('center_axis',(1.,0.,0.));
#1693=DIRECTION('ref_axis',(0.,-1.,0.));
#1694=DIRECTION('',(0.,0.,-1.));
#1695=DIRECTION('',(0.,-1.,0.));
#1696=DIRECTION('center_axis',(0.,1.,0.));
#1697=DIRECTION('ref_axis',(1.,0.,0.));
#1698=DIRECTION('',(1.,0.,0.));
#1699=DIRECTION('center_axis',(0.,0.,-1.));
#1700=DIRECTION('ref_axis',(-1.,0.,0.));
#1701=DIRECTION('center_axis',(1.,0.,0.));
#1702=DIRECTION('ref_axis',(0.,0.,-1.));
#1703=DIRECTION('',(0.,1.,0.));
#1704=DIRECTION('',(0.,0.,-1.));
#1705=DIRECTION('center_axis',(0.,0.,-1.));
#1706=DIRECTION('ref_axis',(-1.,0.,0.));
#1707=DIRECTION('',(-1.,0.,0.));
#1708=DIRECTION('center_axis',(0.,1.,0.));
#1709=DIRECTION('ref_axis',(0.,0.,1.));
#1710=DIRECTION('center_axis',(1.,0.,0.));
#1711=DIRECTION('ref_axis',(0.,0.,-1.));
#1712=DIRECTION('',(0.,0.,1.));
#1713=DIRECTION('',(0.,1.,0.));
#1714=DIRECTION('',(0.,0.,-1.));
#1715=DIRECTION('',(0.,1.,0.));
#1716=DIRECTION('center_axis',(0.,1.,0.));
#1717=DIRECTION('ref_axis',(1.,0.,0.));
#1718=DIRECTION('center_axis',(0.,-1.,0.));
#1719=DIRECTION('ref_axis',(1.,0.,0.));
#1720=DIRECTION('center_axis',(0.,-1.,0.));
#1721=DIRECTION('ref_axis',(1.,0.,0.));
#1722=DIRECTION('',(0.,1.,0.));
#1723=DIRECTION('center_axis',(0.,0.,-1.));
#1724=DIRECTION('ref_axis',(-1.,0.,0.));
#1725=DIRECTION('',(1.,0.,0.));
#1726=DIRECTION('',(-1.,0.,0.));
#1727=DIRECTION('center_axis',(0.,-1.,0.));
#1728=DIRECTION('ref_axis',(1.,0.,0.));
#1729=DIRECTION('center_axis',(0.,-1.,0.));
#1730=DIRECTION('ref_axis',(1.,0.,0.));
#1731=DIRECTION('center_axis',(0.,0.,-1.));
#1732=DIRECTION('ref_axis',(-1.,0.,0.));
#1733=DIRECTION('',(1.,0.,0.));
#1734=DIRECTION('',(0.,1.,0.));
#1735=DIRECTION('',(-1.,0.,0.));
#1736=DIRECTION('',(0.,1.,0.));
#1737=DIRECTION('center_axis',(0.,1.,0.));
#1738=DIRECTION('ref_axis',(1.,0.,0.));
#1739=DIRECTION('center_axis',(0.,-1.,0.));
#1740=DIRECTION('ref_axis',(1.,0.,0.));
#1741=DIRECTION('center_axis',(0.,-1.,0.));
#1742=DIRECTION('ref_axis',(1.,0.,0.));
#1743=DIRECTION('',(0.,1.,0.));
#1744=DIRECTION('center_axis',(-1.,0.,4.66235390918701E-16));
#1745=DIRECTION('ref_axis',(4.66235390918701E-16,0.,1.));
#1746=DIRECTION('',(-4.66235390918701E-16,0.,-1.));
#1747=DIRECTION('',(4.66235390918701E-16,0.,1.));
#1748=DIRECTION('center_axis',(0.,-1.,0.));
#1749=DIRECTION('ref_axis',(1.,0.,0.));
#1750=DIRECTION('center_axis',(0.,-1.,0.));
#1751=DIRECTION('ref_axis',(1.,0.,0.));
#1752=DIRECTION('center_axis',(1.,0.,0.));
#1753=DIRECTION('ref_axis',(0.,0.,-1.));
#1754=DIRECTION('',(0.,0.,1.));
#1755=DIRECTION('',(0.,1.,0.));
#1756=DIRECTION('',(0.,0.,-1.));
#1757=DIRECTION('',(0.,1.,0.));
#1758=DIRECTION('center_axis',(0.,1.,0.));
#1759=DIRECTION('ref_axis',(1.,0.,0.));
#1760=DIRECTION('center_axis',(0.,-1.,0.));
#1761=DIRECTION('ref_axis',(1.,0.,0.));
#1762=DIRECTION('center_axis',(0.,-1.,0.));
#1763=DIRECTION('ref_axis',(1.,0.,0.));
#1764=DIRECTION('',(0.,1.,0.));
#1765=DIRECTION('center_axis',(0.,0.,-1.));
#1766=DIRECTION('ref_axis',(-1.,0.,0.));
#1767=DIRECTION('',(1.,0.,0.));
#1768=DIRECTION('',(-1.,0.,0.));
#1769=DIRECTION('center_axis',(0.,-1.,0.));
#1770=DIRECTION('ref_axis',(1.,0.,0.));
#1771=DIRECTION('center_axis',(0.,-1.,0.));
#1772=DIRECTION('ref_axis',(1.,0.,0.));
#1773=DIRECTION('center_axis',(1.,0.,0.));
#1774=DIRECTION('ref_axis',(0.,0.,-1.));
#1775=DIRECTION('',(0.,0.,1.));
#1776=DIRECTION('',(0.,1.,0.));
#1777=DIRECTION('',(0.,0.,-1.));
#1778=DIRECTION('',(0.,1.,0.));
#1779=DIRECTION('center_axis',(0.,1.,0.));
#1780=DIRECTION('ref_axis',(1.,0.,0.));
#1781=DIRECTION('center_axis',(0.,-1.,0.));
#1782=DIRECTION('ref_axis',(1.,0.,0.));
#1783=DIRECTION('center_axis',(0.,-1.,0.));
#1784=DIRECTION('ref_axis',(1.,0.,0.));
#1785=DIRECTION('',(0.,1.,0.));
#1786=DIRECTION('center_axis',(0.,0.,-1.));
#1787=DIRECTION('ref_axis',(-1.,0.,0.));
#1788=DIRECTION('',(1.,0.,0.));
#1789=DIRECTION('',(-1.,0.,0.));
#1790=DIRECTION('center_axis',(0.,-1.,0.));
#1791=DIRECTION('ref_axis',(1.,0.,0.));
#1792=DIRECTION('center_axis',(0.,-1.,0.));
#1793=DIRECTION('ref_axis',(1.,0.,0.));
#1794=DIRECTION('center_axis',(0.,0.,-1.));
#1795=DIRECTION('ref_axis',(-1.,0.,0.));
#1796=DIRECTION('',(1.,0.,0.));
#1797=DIRECTION('',(0.,1.,0.));
#1798=DIRECTION('',(-1.,0.,0.));
#1799=DIRECTION('',(0.,1.,0.));
#1800=DIRECTION('center_axis',(0.,1.,0.));
#1801=DIRECTION('ref_axis',(1.,0.,0.));
#1802=DIRECTION('center_axis',(0.,-1.,0.));
#1803=DIRECTION('ref_axis',(1.,0.,0.));
#1804=DIRECTION('center_axis',(0.,-1.,0.));
#1805=DIRECTION('ref_axis',(1.,0.,0.));
#1806=DIRECTION('',(0.,1.,0.));
#1807=DIRECTION('center_axis',(-1.,0.,4.66235390918701E-16));
#1808=DIRECTION('ref_axis',(4.66235390918701E-16,0.,1.));
#1809=DIRECTION('',(-4.66235390918701E-16,0.,-1.));
#1810=DIRECTION('',(4.66235390918701E-16,0.,1.));
#1811=DIRECTION('center_axis',(0.,-1.,0.));
#1812=DIRECTION('ref_axis',(1.,0.,0.));
#1813=DIRECTION('center_axis',(0.,-1.,0.));
#1814=DIRECTION('ref_axis',(1.,0.,0.));
#1815=DIRECTION('center_axis',(0.,0.,-1.));
#1816=DIRECTION('ref_axis',(-1.,0.,0.));
#1817=DIRECTION('',(1.,0.,0.));
#1818=DIRECTION('',(0.,1.,0.));
#1819=DIRECTION('',(-1.,0.,0.));
#1820=DIRECTION('',(0.,1.,0.));
#1821=DIRECTION('center_axis',(0.,1.,0.));
#1822=DIRECTION('ref_axis',(1.,0.,0.));
#1823=DIRECTION('center_axis',(0.,-1.,0.));
#1824=DIRECTION('ref_axis',(1.,0.,0.));
#1825=DIRECTION('center_axis',(0.,-1.,0.));
#1826=DIRECTION('ref_axis',(1.,0.,0.));
#1827=DIRECTION('',(0.,1.,0.));
#1828=DIRECTION('center_axis',(-1.,0.,4.66235390918701E-16));
#1829=DIRECTION('ref_axis',(4.66235390918701E-16,0.,1.));
#1830=DIRECTION('',(-4.66235390918701E-16,0.,-1.));
#1831=DIRECTION('',(4.66235390918701E-16,0.,1.));
#1832=DIRECTION('center_axis',(0.,-1.,0.));
#1833=DIRECTION('ref_axis',(1.,0.,0.));
#1834=DIRECTION('center_axis',(0.,-1.,0.));
#1835=DIRECTION('ref_axis',(1.,0.,0.));
#1836=DIRECTION('center_axis',(0.,-1.,0.));
#1837=DIRECTION('ref_axis',(1.,0.,0.));
#1838=DIRECTION('center_axis',(0.,-1.,0.));
#1839=DIRECTION('ref_axis',(1.,0.,0.));
#1840=DIRECTION('center_axis',(0.,1.,0.));
#1841=DIRECTION('ref_axis',(1.,0.,0.));
#1842=DIRECTION('center_axis',(0.,-1.,0.));
#1843=DIRECTION('ref_axis',(1.,0.,0.));
#1844=DIRECTION('',(0.,1.,0.));
#1845=DIRECTION('center_axis',(0.,-1.,0.));
#1846=DIRECTION('ref_axis',(1.,0.,0.));
#1847=DIRECTION('',(0.,1.,0.));
#1848=DIRECTION('center_axis',(0.,1.,0.));
#1849=DIRECTION('ref_axis',(1.,0.,0.));
#1850=DIRECTION('',(0.,1.,0.));
#1851=DIRECTION('center_axis',(0.,1.,0.));
#1852=DIRECTION('ref_axis',(1.,0.,0.));
#1853=DIRECTION('',(0.,-1.,0.));
#1854=DIRECTION('center_axis',(0.,-1.,0.));
#1855=DIRECTION('ref_axis',(1.,0.,0.));
#1856=DIRECTION('',(0.,1.,0.));
#1857=DIRECTION('center_axis',(0.,1.,0.));
#1858=DIRECTION('ref_axis',(1.,0.,0.));
#1859=DIRECTION('center_axis',(0.,1.,0.));
#1860=DIRECTION('ref_axis',(1.,0.,0.));
#1861=DIRECTION('',(0.,-1.,0.));
#1862=DIRECTION('center_axis',(0.,-1.,0.));
#1863=DIRECTION('ref_axis',(1.,0.,0.));
#1864=DIRECTION('center_axis',(0.,-1.,0.));
#1865=DIRECTION('ref_axis',(1.,0.,0.));
#1866=DIRECTION('',(0.,1.,0.));
#1867=DIRECTION('center_axis',(0.,1.,0.));
#1868=DIRECTION('ref_axis',(1.,0.,0.));
#1869=DIRECTION('',(0.,-1.,0.));
#1870=DIRECTION('center_axis',(0.,-1.,0.));
#1871=DIRECTION('ref_axis',(1.,0.,0.));
#1872=DIRECTION('',(0.,0.,-1.));
#1873=DIRECTION('',(1.,0.,0.));
#1874=DIRECTION('center_axis',(0.,-1.,0.));
#1875=DIRECTION('ref_axis',(1.,0.,0.));
#1876=DIRECTION('',(1.,0.,0.));
#1877=DIRECTION('center_axis',(0.,-1.,0.));
#1878=DIRECTION('ref_axis',(1.,0.,0.));
#1879=DIRECTION('',(0.,1.,0.));
#1880=DIRECTION('center_axis',(0.,1.,0.));
#1881=DIRECTION('ref_axis',(1.,0.,0.));
#1882=DIRECTION('',(0.,1.,0.));
#1883=DIRECTION('center_axis',(0.,-1.,0.));
#1884=DIRECTION('ref_axis',(1.,0.,0.));
#1885=DIRECTION('',(0.,1.,0.));
#1886=DIRECTION('center_axis',(0.,1.,0.));
#1887=DIRECTION('ref_axis',(1.,0.,0.));
#1888=DIRECTION('',(0.,1.,0.));
#1889=DIRECTION('',(0.,-1.,0.));
#1890=DIRECTION('center_axis',(0.,-1.,0.));
#1891=DIRECTION('ref_axis',(1.,0.,0.));
#1892=DIRECTION('',(0.,-1.,0.));
#1893=DIRECTION('center_axis',(0.,1.,0.));
#1894=DIRECTION('ref_axis',(1.,0.,0.));
#1895=DIRECTION('center_axis',(0.,1.,0.));
#1896=DIRECTION('ref_axis',(1.,0.,0.));
#1897=DIRECTION('',(0.,1.,0.));
#1898=DIRECTION('center_axis',(0.,-1.,0.));
#1899=DIRECTION('ref_axis',(1.,0.,0.));
#1900=DIRECTION('',(0.,-1.,0.));
#1901=DIRECTION('center_axis',(0.,-1.,0.));
#1902=DIRECTION('ref_axis',(-1.,0.,0.));
#1903=DIRECTION('',(-1.,0.,0.));
#1904=DIRECTION('',(-1.,0.,0.));
#1905=DIRECTION('',(0.,0.,-1.));
#1906=DIRECTION('center_axis',(-1.,0.,0.));
#1907=DIRECTION('ref_axis',(0.,1.,0.));
#1908=DIRECTION('',(0.,1.,0.));
#1909=DIRECTION('center_axis',(0.,0.,-1.));
#1910=DIRECTION('ref_axis',(-1.,0.,0.));
#1911=DIRECTION('center_axis',(0.,0.,-1.));
#1912=DIRECTION('ref_axis',(-1.,0.,0.));
#1913=DIRECTION('center_axis',(0.,0.,-1.));
#1914=DIRECTION('ref_axis',(0.,1.,0.));
#1915=DIRECTION('',(-1.,0.,0.));
#1916=DIRECTION('',(1.,0.,0.));
#1917=DIRECTION('center_axis',(0.,-1.,0.));
#1918=DIRECTION('ref_axis',(0.,0.,-1.));
#1919=DIRECTION('',(1.,0.,0.));
#1920=DIRECTION('center_axis',(0.,-1.,0.));
#1921=DIRECTION('ref_axis',(0.,0.,-1.));
#1922=DIRECTION('',(-1.,0.,0.));
#1923=DIRECTION('',(1.,0.,0.));
#1924=DIRECTION('center_axis',(0.,0.,1.));
#1925=DIRECTION('ref_axis',(0.,-1.,0.));
#1926=DIRECTION('',(1.,0.,0.));
#1927=DIRECTION('center_axis',(0.,0.,1.));
#1928=DIRECTION('ref_axis',(0.,-1.,0.));
#1929=DIRECTION('',(1.,0.,0.));
#1930=DIRECTION('center_axis',(0.,0.,-1.));
#1931=DIRECTION('ref_axis',(0.,1.,0.));
#1932=DIRECTION('',(1.,0.,0.));
#1933=DIRECTION('center_axis',(0.,1.,0.));
#1934=DIRECTION('ref_axis',(0.,0.,1.));
#1935=DIRECTION('center_axis',(0.,1.,0.));
#1936=DIRECTION('ref_axis',(0.,0.,1.));
#1937=DIRECTION('center_axis',(0.,-1.,0.));
#1938=DIRECTION('ref_axis',(-0.707106781186548,0.,0.707106781186548));
#1939=DIRECTION('',(0.,1.,0.));
#1940=DIRECTION('center_axis',(0.,-1.,0.));
#1941=DIRECTION('ref_axis',(-0.707106781186548,0.,0.707106781186548));
#1942=DIRECTION('',(0.,-1.,0.));
#1943=DIRECTION('center_axis',(2.47258654910831E-16,0.707106781186548,0.707106781186548));
#1944=DIRECTION('ref_axis',(-2.47258654910831E-16,0.707106781186548,-0.707106781186548));
#1945=DIRECTION('center_axis',(0.,0.,-1.));
#1946=DIRECTION('ref_axis',(-0.707106781186547,-0.707106781186548,0.));
#1947=DIRECTION('',(0.,0.,-1.));
#1948=DIRECTION('center_axis',(0.,0.,1.));
#1949=DIRECTION('ref_axis',(-0.707106781186547,-0.707106781186548,0.));
#1950=DIRECTION('',(0.,0.,1.));
#1951=DIRECTION('center_axis',(-1.,0.,0.));
#1952=DIRECTION('ref_axis',(0.,1.,0.));
#1953=DIRECTION('',(0.,0.,-1.));
#1954=DIRECTION('',(0.,1.,0.));
#1955=DIRECTION('center_axis',(0.,1.,0.));
#1956=DIRECTION('ref_axis',(1.,0.,0.));
#1957=DIRECTION('',(-1.,0.,0.));
#1958=DIRECTION('center_axis',(0.,-1.,0.));
#1959=DIRECTION('ref_axis',(0.707106781186549,0.,0.707106781186546));
#1960=DIRECTION('',(0.,0.,-1.));
#1961=DIRECTION('',(1.,0.,0.));
#1962=DIRECTION('center_axis',(0.,0.,-1.));
#1963=DIRECTION('ref_axis',(0.707106781186547,-0.707106781186549,0.));
#1964=DIRECTION('',(0.,0.,-1.));
#1965=DIRECTION('center_axis',(0.,0.,1.));
#1966=DIRECTION('ref_axis',(0.707106781186547,-0.707106781186549,0.));
#1967=DIRECTION('',(0.,0.,1.));
#1968=DIRECTION('center_axis',(0.,-0.707106781186548,-0.707106781186548));
#1969=DIRECTION('ref_axis',(0.,-0.707106781186547,0.707106781186547));
#1970=DIRECTION('center_axis',(0.,1.,0.));
#1971=DIRECTION('ref_axis',(0.707106781186549,0.,0.707106781186546));
#1972=DIRECTION('',(0.,1.,0.));
#1973=DIRECTION('',(0.,-1.,0.));
#1974=DIRECTION('center_axis',(1.,0.,0.));
#1975=DIRECTION('ref_axis',(0.,-1.,0.));
#1976=DIRECTION('',(0.,-1.,0.));
#1977=DIRECTION('center_axis',(0.,0.,1.));
#1978=DIRECTION('ref_axis',(1.,0.,0.));
#1979=DIRECTION('center_axis',(0.,0.,1.));
#1980=DIRECTION('ref_axis',(1.,0.,0.));
#1981=DIRECTION('',(0.,0.,1.));
#1982=DIRECTION('center_axis',(0.,0.,1.));
#1983=DIRECTION('ref_axis',(1.,0.,0.));
#1984=DIRECTION('center_axis',(0.,0.,-1.));
#1985=DIRECTION('ref_axis',(1.,0.,0.));
#1986=DIRECTION('center_axis',(-2.3311769545935E-16,-1.,0.));
#1987=DIRECTION('ref_axis',(-1.,2.3311769545935E-16,0.));
#1988=DIRECTION('',(1.,-2.3311769545935E-16,0.));
#1989=DIRECTION('',(0.,0.,-1.));
#1990=DIRECTION('',(-1.,2.3311769545935E-16,0.));
#1991=DIRECTION('',(0.,0.,-1.));
#1992=DIRECTION('center_axis',(-1.,0.,0.));
#1993=DIRECTION('ref_axis',(0.,1.,0.));
#1994=DIRECTION('',(0.,-1.,0.));
#1995=DIRECTION('',(0.,1.,0.));
#1996=DIRECTION('',(0.,0.,-1.));
#1997=DIRECTION('center_axis',(0.,1.,0.));
#1998=DIRECTION('ref_axis',(1.,0.,0.));
#1999=DIRECTION('',(-1.,0.,0.));
#2000=DIRECTION('',(1.,0.,0.));
#2001=DIRECTION('',(0.,0.,-1.));
#2002=DIRECTION('center_axis',(1.,0.,0.));
#2003=DIRECTION('ref_axis',(0.,-1.,0.));
#2004=DIRECTION('',(0.,1.,0.));
#2005=DIRECTION('',(0.,-1.,0.));
#2006=DIRECTION('center_axis',(-1.,0.,0.));
#2007=DIRECTION('ref_axis',(0.,1.,0.));
#2008=DIRECTION('',(0.,-1.,0.));
#2009=DIRECTION('',(0.,0.,-1.));
#2010=DIRECTION('',(0.,1.,0.));
#2011=DIRECTION('',(0.,0.,-1.));
#2012=DIRECTION('center_axis',(0.,1.,0.));
#2013=DIRECTION('ref_axis',(1.,0.,0.));
#2014=DIRECTION('',(-1.,0.,0.));
#2015=DIRECTION('',(1.,0.,0.));
#2016=DIRECTION('',(0.,0.,-1.));
#2017=DIRECTION('center_axis',(1.,0.,0.));
#2018=DIRECTION('ref_axis',(0.,-1.,0.));
#2019=DIRECTION('',(0.,1.,0.));
#2020=DIRECTION('',(0.,-1.,0.));
#2021=DIRECTION('',(0.,0.,-1.));
#2022=DIRECTION('center_axis',(-2.3311769545935E-16,-1.,0.));
#2023=DIRECTION('ref_axis',(-1.,2.3311769545935E-16,0.));
#2024=DIRECTION('',(1.,-2.3311769545935E-16,0.));
#2025=DIRECTION('',(-1.,2.3311769545935E-16,0.));
#2026=DIRECTION('center_axis',(0.,-1.,0.));
#2027=DIRECTION('ref_axis',(-1.,0.,0.));
#2028=DIRECTION('',(-1.,0.,0.));
#2029=DIRECTION('',(1.,0.,0.));
#2030=DIRECTION('center_axis',(0.,0.,1.));
#2031=DIRECTION('ref_axis',(-1.,0.,0.));
#2032=DIRECTION('center_axis',(0.,0.,-1.));
#2033=DIRECTION('ref_axis',(-1.,0.,0.));
#2034=DIRECTION('center_axis',(0.,0.,1.));
#2035=DIRECTION('ref_axis',(0.707106781186548,-0.707106781186547,0.));
#2036=DIRECTION('center_axis',(0.,0.,-1.));
#2037=DIRECTION('ref_axis',(0.707106781186548,-0.707106781186547,0.));
#2038=DIRECTION('',(0.,0.,-1.));
#2039=DIRECTION('center_axis',(0.,0.,1.));
#2040=DIRECTION('ref_axis',(0.707106781186548,-0.707106781186547,0.));
#2041=DIRECTION('',(0.,0.,1.));
#2042=DIRECTION('center_axis',(1.,0.,0.));
#2043=DIRECTION('ref_axis',(0.,1.,0.));
#2044=DIRECTION('',(0.,1.,0.));
#2045=DIRECTION('',(0.,0.,1.));
#2046=DIRECTION('',(0.,1.,0.));
#2047=DIRECTION('center_axis',(0.,0.,-1.));
#2048=DIRECTION('ref_axis',(1.,0.,0.));
#2049=DIRECTION('',(1.,0.,0.));
#2050=DIRECTION('center_axis',(0.,0.,1.));
#2051=DIRECTION('ref_axis',(-0.707106781186548,-0.707106781186548,0.));
#2052=DIRECTION('',(0.,-1.,0.));
#2053=DIRECTION('',(-1.,0.,0.));
#2054=DIRECTION('center_axis',(0.,0.,1.));
#2055=DIRECTION('ref_axis',(1.,0.,0.));
#2056=DIRECTION('center_axis',(0.,0.,1.));
#2057=DIRECTION('ref_axis',(-0.707106781186548,-0.707106781186548,0.));
#2058=DIRECTION('center_axis',(0.,0.,-1.));
#2059=DIRECTION('ref_axis',(-0.707106781186548,-0.707106781186548,0.));
#2060=DIRECTION('',(0.,0.,-1.));
#2061=DIRECTION('',(0.,0.,1.));
#2062=DIRECTION('center_axis',(-1.,0.,0.));
#2063=DIRECTION('ref_axis',(0.,-1.,0.));
#2064=DIRECTION('',(0.,-1.,0.));
#2065=DIRECTION('',(0.,0.,1.));
#2066=DIRECTION('center_axis',(0.,0.,1.));
#2067=DIRECTION('ref_axis',(1.,0.,0.));
#2068=DIRECTION('',(0.,0.,1.));
#2069=DIRECTION('center_axis',(0.,0.,-1.));
#2070=DIRECTION('ref_axis',(1.,0.,0.));
#2071=DIRECTION('center_axis',(0.,-1.,0.));
#2072=DIRECTION('ref_axis',(1.,0.,0.));
#2073=DIRECTION('',(1.,0.,0.));
#2074=DIRECTION('center_axis',(0.,1.,0.));
#2075=DIRECTION('ref_axis',(-1.,0.,0.));
#2076=DIRECTION('',(-1.,0.,0.));
#2077=DIRECTION('center_axis',(0.,0.,1.));
#2078=DIRECTION('ref_axis',(1.,0.,0.));
#2079=CARTESIAN_POINT('',(0.,0.,0.));
#2080=CARTESIAN_POINT('Origin',(0.754003937007874,4.,1.35137795275591));
#2081=CARTESIAN_POINT('',(0.754003937007874,4.75,1.47637795275591));
#2082=CARTESIAN_POINT('',(0.629003937007874,4.75,1.35137795275591));
#2083=CARTESIAN_POINT('Origin',(0.754003937007874,4.75,1.35137795275591));
#2084=CARTESIAN_POINT('',(0.629003937007874,4.,1.35137795275591));
#2085=CARTESIAN_POINT('',(0.629003937007874,4.,1.35137795275591));
#2086=CARTESIAN_POINT('',(0.754003937007874,4.,1.47637795275591));
#2087=CARTESIAN_POINT('Origin',(0.754003937007874,4.,1.35137795275591));
#2088=CARTESIAN_POINT('',(0.754003937007874,4.125,1.47637795275591));
#2089=CARTESIAN_POINT('',(0.754003937007874,4.,1.47637795275591));
#2090=CARTESIAN_POINT('',(0.754003937007874,4.625,1.47637795275591));
#2091=CARTESIAN_POINT('',(0.754003937007874,4.0625,1.47637795275591));
#2092=CARTESIAN_POINT('',(0.754003937007874,4.,1.47637795275591));
#2093=CARTESIAN_POINT('Origin',(0.629003937007874,4.,1.47637795275591));
#2094=CARTESIAN_POINT('',(1.87900393700787,4.,1.47637795275591));
#2095=CARTESIAN_POINT('',(1.87900393700787,4.,1.47637795275591));
#2096=CARTESIAN_POINT('',(1.87900393700787,4.75,1.47637795275591));
#2097=CARTESIAN_POINT('',(1.87900393700787,4.,1.47637795275591));
#2098=CARTESIAN_POINT('',(1.87900393700787,4.75,1.47637795275591));
#2099=CARTESIAN_POINT('',(1.75400393700787,4.625,1.47637795275591));
#2100=CARTESIAN_POINT('',(0.691503937007874,4.625,1.47637795275591));
#2101=CARTESIAN_POINT('',(1.75400393700787,4.125,1.47637795275591));
#2102=CARTESIAN_POINT('',(1.75400393700787,4.3125,1.47637795275591));
#2103=CARTESIAN_POINT('',(1.19150393700787,4.125,1.47637795275591));
#2104=CARTESIAN_POINT('Origin',(1.25400393700787,4.,0.976377952755905));
#2105=CARTESIAN_POINT('',(0.629003937007874,4.,0.476377952755905));
#2106=CARTESIAN_POINT('',(0.629003937007874,4.,1.47637795275591));
#2107=CARTESIAN_POINT('',(1.87900393700787,4.,0.476377952755905));
#2108=CARTESIAN_POINT('',(0.629003937007874,4.,0.476377952755905));
#2109=CARTESIAN_POINT('',(1.87900393700787,4.,0.476377952755905));
#2110=CARTESIAN_POINT('Origin',(0.629003937007874,4.,0.476377952755905));
#2111=CARTESIAN_POINT('',(0.629003937007874,4.75,0.476377952755905));
#2112=CARTESIAN_POINT('',(0.629003937007874,4.75,1.47637795275591));
#2113=CARTESIAN_POINT('',(0.629003937007874,4.,0.476377952755905));
#2114=CARTESIAN_POINT('Origin',(0.754003937007874,4.125,1.47637795275591));
#2115=CARTESIAN_POINT('',(0.754003937007874,4.125,0.601377952755905));
#2116=CARTESIAN_POINT('',(0.754003937007874,4.125,1.47637795275591));
#2117=CARTESIAN_POINT('',(0.754003937007874,4.625,0.601377952755905));
#2118=CARTESIAN_POINT('',(0.754003937007874,4.125,0.601377952755905));
#2119=CARTESIAN_POINT('',(0.754003937007874,4.625,1.47637795275591));
#2120=CARTESIAN_POINT('Origin',(1.75400393700787,4.125,1.47637795275591));
#2121=CARTESIAN_POINT('',(1.75400393700787,4.125,0.601377952755905));
#2122=CARTESIAN_POINT('',(1.75400393700787,4.125,1.47637795275591));
#2123=CARTESIAN_POINT('',(1.75400393700787,4.125,0.601377952755905));
#2124=CARTESIAN_POINT('Origin',(1.75400393700787,4.625,1.47637795275591));
#2125=CARTESIAN_POINT('',(1.75400393700787,4.625,0.601377952755905));
#2126=CARTESIAN_POINT('',(1.75400393700787,4.625,1.47637795275591));
#2127=CARTESIAN_POINT('',(1.75400393700787,4.625,0.601377952755905));
#2128=CARTESIAN_POINT('Origin',(0.754003937007874,4.625,1.47637795275591));
#2129=CARTESIAN_POINT('',(0.754003937007874,4.625,0.601377952755905));
#2130=CARTESIAN_POINT('Origin',(1.25400393700787,4.375,0.601377952755905));
#2131=CARTESIAN_POINT('Origin',(1.87900393700787,4.,1.47637795275591));
#2132=CARTESIAN_POINT('',(1.87900393700787,4.75,0.476377952755905));
#2133=CARTESIAN_POINT('',(1.87900393700787,4.,0.476377952755905));
#2134=CARTESIAN_POINT('',(1.87900393700787,4.75,0.476377952755905));
#2135=CARTESIAN_POINT('Origin',(1.87900393700787,4.,0.476377952755905));
#2136=CARTESIAN_POINT('',(0.629003937007874,4.75,0.476377952755905));
#2137=CARTESIAN_POINT('Origin',(1.25400393700787,4.75,0.976377952755905));
#2138=CARTESIAN_POINT('Origin',(2.2345,0.,1.85137795275591));
#2139=CARTESIAN_POINT('',(2.2345,0.,1.47637795275591));
#2140=CARTESIAN_POINT('',(2.2345,0.,1.85137795275591));
#2141=CARTESIAN_POINT('',(2.2345,0.,1.47637795275591));
#2142=CARTESIAN_POINT('',(2.2345,0.484,1.47637795275591));
#2143=CARTESIAN_POINT('',(2.2345,0.,1.47637795275591));
#2144=CARTESIAN_POINT('',(2.2345,0.484,1.85137795275591));
#2145=CARTESIAN_POINT('',(2.2345,0.484,1.47637795275591));
#2146=CARTESIAN_POINT('',(2.2345,0.,1.85137795275591));
#2147=CARTESIAN_POINT('Origin',(1.8595,0.,1.85137795275591));
#2148=CARTESIAN_POINT('',(1.85950000888506,0.,1.47637795275591));
#2149=CARTESIAN_POINT('Origin',(1.8595,0.,1.85137795275591));
#2150=CARTESIAN_POINT('',(1.85950000888506,0.484,1.47637795275591));
#2151=CARTESIAN_POINT('Origin',(1.8595,0.484,1.85137795275591));
#2152=CARTESIAN_POINT('',(1.85950000888506,0.,1.47637795275591));
#2153=CARTESIAN_POINT('Origin',(2.2345,0.,1.47637795275591));
#2154=CARTESIAN_POINT('',(1.4845,0.,1.47637795275591));
#2155=CARTESIAN_POINT('',(1.4845,0.484,1.47637795275591));
#2156=CARTESIAN_POINT('Origin',(2.04699999555747,0.,1.66387795275591));
#2157=CARTESIAN_POINT('Origin',(2.04699999555747,0.484,1.66387795275591));
#2158=CARTESIAN_POINT('Origin',(1.85925196850394,0.,1.47637795275591));
#2159=CARTESIAN_POINT('',(1.4845,0.,1.47637795275591));
#2160=CARTESIAN_POINT('',(1.85925196850394,0.,1.47637803478208));
#2161=CARTESIAN_POINT('',(1.4845,0.,1.47637795275591));
#2162=CARTESIAN_POINT('',(1.4845,0.484,1.47637795275591));
#2163=CARTESIAN_POINT('',(1.4845,0.,1.47637795275591));
#2164=CARTESIAN_POINT('',(1.85925196850394,0.484,1.47637803478208));
#2165=CARTESIAN_POINT('',(1.4845,0.484,1.47637795275591));
#2166=CARTESIAN_POINT('',(1.85925196850394,0.,1.47637803478208));
#2167=CARTESIAN_POINT('Origin',(1.8595,0.,1.85137795275591));
#2168=CARTESIAN_POINT('',(1.4845,0.,1.85137795275591));
#2169=CARTESIAN_POINT('Origin',(1.8595,0.,1.85137795275591));
#2170=CARTESIAN_POINT('',(1.4845,0.484,1.85137795275591));
#2171=CARTESIAN_POINT('Origin',(1.8595,0.484,1.85137795275591));
#2172=CARTESIAN_POINT('',(1.4845,0.,1.85137795275591));
#2173=CARTESIAN_POINT('Origin',(1.4845,0.,1.47637795275591));
#2174=CARTESIAN_POINT('',(1.4845,0.,1.85137795275591));
#2175=CARTESIAN_POINT('',(1.4845,0.484,1.85137795275591));
#2176=CARTESIAN_POINT('Origin',(1.67187598425197,0.,1.66387795275591));
#2177=CARTESIAN_POINT('Origin',(1.67187598425197,0.484,1.66387795275591));
#2178=CARTESIAN_POINT('Origin',(2.2345,1.6205,1.85137795275591));
#2179=CARTESIAN_POINT('',(2.2345,1.6205,1.47637795275591));
#2180=CARTESIAN_POINT('',(2.2345,1.6205,1.85137795275591));
#2181=CARTESIAN_POINT('',(2.2345,1.6205,1.47637795275591));
#2182=CARTESIAN_POINT('',(2.2345,2.1045,1.47637795275591));
#2183=CARTESIAN_POINT('',(2.2345,1.6205,1.47637795275591));
#2184=CARTESIAN_POINT('',(2.2345,2.1045,1.85137795275591));
#2185=CARTESIAN_POINT('',(2.2345,2.1045,1.47637795275591));
#2186=CARTESIAN_POINT('',(2.2345,1.6205,1.85137795275591));
#2187=CARTESIAN_POINT('Origin',(1.8595,1.6205,1.85137795275591));
#2188=CARTESIAN_POINT('',(1.85950000888506,1.6205,1.47637795275591));
#2189=CARTESIAN_POINT('Origin',(1.8595,1.6205,1.85137795275591));
#2190=CARTESIAN_POINT('',(1.85950000888506,2.1045,1.47637795275591));
#2191=CARTESIAN_POINT('Origin',(1.8595,2.1045,1.85137795275591));
#2192=CARTESIAN_POINT('',(1.85950000888506,1.6205,1.47637795275591));
#2193=CARTESIAN_POINT('Origin',(2.2345,1.6205,1.47637795275591));
#2194=CARTESIAN_POINT('',(1.4845,1.6205,1.47637795275591));
#2195=CARTESIAN_POINT('',(1.4845,2.1045,1.47637795275591));
#2196=CARTESIAN_POINT('Origin',(2.04699999555747,1.6205,1.66387795275591));
#2197=CARTESIAN_POINT('Origin',(2.04699999555747,2.1045,1.66387795275591));
#2198=CARTESIAN_POINT('Origin',(2.2345,3.241,1.85137795275591));
#2199=CARTESIAN_POINT('',(2.2345,3.241,1.47637795275591));
#2200=CARTESIAN_POINT('',(2.2345,3.241,1.85137795275591));
#2201=CARTESIAN_POINT('',(2.2345,3.241,1.47637795275591));
#2202=CARTESIAN_POINT('',(2.2345,3.725,1.47637795275591));
#2203=CARTESIAN_POINT('',(2.2345,3.241,1.47637795275591));
#2204=CARTESIAN_POINT('',(2.2345,3.725,1.85137795275591));
#2205=CARTESIAN_POINT('',(2.2345,3.725,1.47637795275591));
#2206=CARTESIAN_POINT('',(2.2345,3.241,1.85137795275591));
#2207=CARTESIAN_POINT('Origin',(1.8595,3.241,1.85137795275591));
#2208=CARTESIAN_POINT('',(1.85950000888506,3.241,1.47637795275591));
#2209=CARTESIAN_POINT('Origin',(1.8595,3.241,1.85137795275591));
#2210=CARTESIAN_POINT('',(1.85950000888506,3.725,1.47637795275591));
#2211=CARTESIAN_POINT('Origin',(1.8595,3.725,1.85137795275591));
#2212=CARTESIAN_POINT('',(1.85950000888506,3.241,1.47637795275591));
#2213=CARTESIAN_POINT('Origin',(2.2345,3.241,1.47637795275591));
#2214=CARTESIAN_POINT('',(1.4845,3.241,1.47637795275591));
#2215=CARTESIAN_POINT('',(1.4845,3.725,1.47637795275591));
#2216=CARTESIAN_POINT('Origin',(2.04699999555747,3.241,1.66387795275591));
#2217=CARTESIAN_POINT('Origin',(2.04699999555747,3.725,1.66387795275591));
#2218=CARTESIAN_POINT('Origin',(1.85925196850394,1.6205,1.47637795275591));
#2219=CARTESIAN_POINT('',(1.4845,1.6205,1.47637795275591));
#2220=CARTESIAN_POINT('',(1.85925196850394,1.6205,1.47637803478208));
#2221=CARTESIAN_POINT('',(1.4845,1.6205,1.47637795275591));
#2222=CARTESIAN_POINT('',(1.4845,2.1045,1.47637795275591));
#2223=CARTESIAN_POINT('',(1.4845,1.6205,1.47637795275591));
#2224=CARTESIAN_POINT('',(1.85925196850394,2.1045,1.47637803478208));
#2225=CARTESIAN_POINT('',(1.4845,2.1045,1.47637795275591));
#2226=CARTESIAN_POINT('',(1.85925196850394,1.6205,1.47637803478208));
#2227=CARTESIAN_POINT('Origin',(1.8595,1.6205,1.85137795275591));
#2228=CARTESIAN_POINT('',(1.4845,1.6205,1.85137795275591));
#2229=CARTESIAN_POINT('Origin',(1.8595,1.6205,1.85137795275591));
#2230=CARTESIAN_POINT('',(1.4845,2.1045,1.85137795275591));
#2231=CARTESIAN_POINT('Origin',(1.8595,2.1045,1.85137795275591));
#2232=CARTESIAN_POINT('',(1.4845,1.6205,1.85137795275591));
#2233=CARTESIAN_POINT('Origin',(1.4845,1.6205,1.47637795275591));
#2234=CARTESIAN_POINT('',(1.4845,1.6205,1.85137795275591));
#2235=CARTESIAN_POINT('',(1.4845,2.1045,1.85137795275591));
#2236=CARTESIAN_POINT('Origin',(1.67187598425197,1.6205,1.66387795275591));
#2237=CARTESIAN_POINT('Origin',(1.67187598425197,2.1045,1.66387795275591));
#2238=CARTESIAN_POINT('Origin',(1.85925196850394,3.241,1.47637795275591));
#2239=CARTESIAN_POINT('',(1.4845,3.241,1.47637795275591));
#2240=CARTESIAN_POINT('',(1.85925196850394,3.241,1.47637803478208));
#2241=CARTESIAN_POINT('',(1.4845,3.241,1.47637795275591));
#2242=CARTESIAN_POINT('',(1.4845,3.725,1.47637795275591));
#2243=CARTESIAN_POINT('',(1.4845,3.241,1.47637795275591));
#2244=CARTESIAN_POINT('',(1.85925196850394,3.725,1.47637803478208));
#2245=CARTESIAN_POINT('',(1.4845,3.725,1.47637795275591));
#2246=CARTESIAN_POINT('',(1.85925196850394,3.241,1.47637803478208));
#2247=CARTESIAN_POINT('Origin',(1.8595,3.241,1.85137795275591));
#2248=CARTESIAN_POINT('',(1.4845,3.241,1.85137795275591));
#2249=CARTESIAN_POINT('Origin',(1.8595,3.241,1.85137795275591));
#2250=CARTESIAN_POINT('',(1.4845,3.725,1.85137795275591));
#2251=CARTESIAN_POINT('Origin',(1.8595,3.725,1.85137795275591));
#2252=CARTESIAN_POINT('',(1.4845,3.241,1.85137795275591));
#2253=CARTESIAN_POINT('Origin',(1.4845,3.241,1.47637795275591));
#2254=CARTESIAN_POINT('',(1.4845,3.241,1.85137795275591));
#2255=CARTESIAN_POINT('',(1.4845,3.725,1.85137795275591));
#2256=CARTESIAN_POINT('Origin',(1.67187598425197,3.241,1.66387795275591));
#2257=CARTESIAN_POINT('Origin',(1.67187598425197,3.725,1.66387795275591));
#2258=CARTESIAN_POINT('Origin',(1.85925196850394,-0.75,1.85137795275591));
#2259=CARTESIAN_POINT('',(1.48425196850394,-0.75,1.85137795275591));
#2260=CARTESIAN_POINT('Origin',(1.85925196850394,-0.75,1.85137795275591));
#2261=CARTESIAN_POINT('',(1.53425196850394,-0.75,1.85137795275591));
#2262=CARTESIAN_POINT('Origin',(1.85925196850394,-0.75,1.85137795275591));
#2263=CARTESIAN_POINT('Origin',(1.85925196850394,0.,1.85137795275591));
#2264=CARTESIAN_POINT('',(1.48425196850394,0.483700787401575,1.85137795275591));
#2265=CARTESIAN_POINT('',(1.48425196850394,0.,1.85137795275591));
#2266=CARTESIAN_POINT('',(1.55925196850394,0.483700787401575,1.62637795275591));
#2267=CARTESIAN_POINT('Origin',(1.85925196850394,0.483700787401575,1.85137795275591));
#2268=CARTESIAN_POINT('',(1.55925196850394,1.48370078740157,1.62637795275591));
#2269=CARTESIAN_POINT('',(1.55925196850394,0.,1.62637795275591));
#2270=CARTESIAN_POINT('',(1.48425196850394,1.48370078740157,1.85137795275591));
#2271=CARTESIAN_POINT('Origin',(1.85925196850394,1.48370078740157,1.85137795275591));
#2272=CARTESIAN_POINT('',(1.48425196850394,4.,1.85137795275591));
#2273=CARTESIAN_POINT('',(1.48425196850394,0.,1.85137795275591));
#2274=CARTESIAN_POINT('',(2.23425196850394,4.,1.85137795275591));
#2275=CARTESIAN_POINT('Origin',(1.85925196850394,4.,1.85137795275591));
#2276=CARTESIAN_POINT('',(2.23425196850394,1.77165354330709,1.85137795275591));
#2277=CARTESIAN_POINT('',(2.23425196850394,0.,1.85137795275591));
#2278=CARTESIAN_POINT('',(1.4845,1.77165354330709,1.86501474498956));
#2279=CARTESIAN_POINT('Origin',(1.85925196850394,1.77165354330709,1.85137795275591));
#2280=CARTESIAN_POINT('',(1.4845,4.,1.86501474498956));
#2281=CARTESIAN_POINT('',(1.4845,0.,1.86501474498956));
#2282=CARTESIAN_POINT('Origin',(1.85925196850394,4.,1.85137795275591));
#2283=CARTESIAN_POINT('',(1.55925196850394,1.48370078740157,2.07637795275591));
#2284=CARTESIAN_POINT('Origin',(1.85925196850394,1.48370078740157,1.85137795275591));
#2285=CARTESIAN_POINT('',(1.55925196850394,0.483700787401575,2.07637795275591));
#2286=CARTESIAN_POINT('',(1.55925196850394,0.,2.07637795275591));
#2287=CARTESIAN_POINT('Origin',(1.85925196850394,0.483700787401575,1.85137795275591));
#2288=CARTESIAN_POINT('',(2.15925196850394,0.483700787401575,1.62637795275591));
#2289=CARTESIAN_POINT('',(2.15925196850394,0.483700787401575,2.07637795275591));
#2290=CARTESIAN_POINT('Origin',(1.85925196850394,0.483700787401575,1.85137795275591));
#2291=CARTESIAN_POINT('',(2.15925196850394,1.48370078740157,2.07637795275591));
#2292=CARTESIAN_POINT('',(2.15925196850394,0.,2.07637795275591));
#2293=CARTESIAN_POINT('',(2.15925196850394,1.48370078740157,1.62637795275591));
#2294=CARTESIAN_POINT('Origin',(1.85925196850394,1.48370078740157,1.85137795275591));
#2295=CARTESIAN_POINT('',(2.15925196850394,0.,1.62637795275591));
#2296=CARTESIAN_POINT('Origin',(1.85925196850394,4.,1.85137795275591));
#2297=CARTESIAN_POINT('',(1.4845,4.,1.85137795275591));
#2298=CARTESIAN_POINT('',(1.4845,4.,2.03887795275591));
#2299=CARTESIAN_POINT('',(1.53425196850394,4.,1.85137795275591));
#2300=CARTESIAN_POINT('',(1.85937598425197,4.,1.85137795275591));
#2301=CARTESIAN_POINT('',(2.18425196850394,4.,1.85137795275591));
#2302=CARTESIAN_POINT('Origin',(1.85925196850394,4.,1.85137795275591));
#2303=CARTESIAN_POINT('',(1.85937598425197,4.,1.85137795275591));
#2304=CARTESIAN_POINT('Origin',(1.85925196850394,0.,1.85137795275591));
#2305=CARTESIAN_POINT('',(1.53425196850394,0.483700787401575,1.85137795275591));
#2306=CARTESIAN_POINT('',(1.53425196850394,0.,1.85137795275591));
#2307=CARTESIAN_POINT('',(1.62473118051277,0.483700787401575,2.07637795275591));
#2308=CARTESIAN_POINT('Origin',(1.85925196850394,0.483700787401575,1.85137795275591));
#2309=CARTESIAN_POINT('',(1.62473118051277,1.48370078740157,2.07637795275591));
#2310=CARTESIAN_POINT('',(1.62473118051277,0.,2.07637795275591));
#2311=CARTESIAN_POINT('',(1.53425196850394,1.48370078740157,1.85137795275591));
#2312=CARTESIAN_POINT('Origin',(1.85925196850394,1.48370078740157,1.85137795275591));
#2313=CARTESIAN_POINT('',(1.53425196850394,1.77165354330709,1.85137795275591));
#2314=CARTESIAN_POINT('',(1.53425196850394,0.,1.85137795275591));
#2315=CARTESIAN_POINT('',(2.18425196850394,1.77165354330709,1.85137795275591));
#2316=CARTESIAN_POINT('Origin',(1.85925196850394,1.77165354330709,1.85137795275591));
#2317=CARTESIAN_POINT('',(2.18425196850394,0.,1.85137795275591));
#2318=CARTESIAN_POINT('',(1.53425196850394,0.,1.85137795275591));
#2319=CARTESIAN_POINT('',(1.62473118051277,1.48370078740157,1.62637795275591));
#2320=CARTESIAN_POINT('Origin',(1.85925196850394,1.48370078740157,1.85137795275591));
#2321=CARTESIAN_POINT('',(1.62473118051277,0.483700787401575,1.62637795275591));
#2322=CARTESIAN_POINT('',(1.62473118051277,0.,1.62637795275591));
#2323=CARTESIAN_POINT('Origin',(1.85925196850394,0.483700787401575,1.85137795275591));
#2324=CARTESIAN_POINT('',(2.09377275649511,0.483700787401575,2.07637795275591));
#2325=CARTESIAN_POINT('',(2.09377275649511,0.483700787401575,1.62637795275591));
#2326=CARTESIAN_POINT('Origin',(1.85925196850394,0.483700787401575,1.85137795275591));
#2327=CARTESIAN_POINT('',(2.09377275649511,1.48370078740157,1.62637795275591));
#2328=CARTESIAN_POINT('',(2.09377275649511,0.,1.62637795275591));
#2329=CARTESIAN_POINT('',(2.09377275649511,1.48370078740157,2.07637795275591));
#2330=CARTESIAN_POINT('Origin',(1.85925196850394,1.48370078740157,1.85137795275591));
#2331=CARTESIAN_POINT('',(2.09377275649511,0.,2.07637795275591));
#2332=CARTESIAN_POINT('Origin',(2.2345,1.77165354330709,2.22637795275591));
#2333=CARTESIAN_POINT('',(2.2345,1.77165354330709,1.85137795275591));
#2334=CARTESIAN_POINT('',(1.4845,1.77165354330709,1.85137795275591));
#2335=CARTESIAN_POINT('',(2.2345,1.77165354330709,1.85137795275591));
#2336=CARTESIAN_POINT('',(1.4845,1.77165354330709,2.22637795275591));
#2337=CARTESIAN_POINT('Origin',(1.4845,1.77165354330709,2.22637795275591));
#2338=CARTESIAN_POINT('',(1.4845,1.77165354330709,1.85137795275591));
#2339=CARTESIAN_POINT('Origin',(1.8595,3.02165354330709,1.85137795275591));
#2340=CARTESIAN_POINT('Origin',(1.8595,3.02165354330709,1.85137795275591));
#2341=CARTESIAN_POINT('Origin',(1.8595,0.483700787401575,1.62637795275591));
#2342=CARTESIAN_POINT('',(1.8595,0.483700787401575,1.62637795275591));
#2343=CARTESIAN_POINT('',(1.8595,1.48370078740157,1.62637795275591));
#2344=CARTESIAN_POINT('Origin',(1.8595,0.483700787401575,2.07637795275591));
#2345=CARTESIAN_POINT('',(1.8595,0.483700787401575,2.07637795275591));
#2346=CARTESIAN_POINT('Origin',(1.8595,0.483700787401575,2.07637795275591));
#2347=CARTESIAN_POINT('',(1.8595,0.483700787401575,1.62637795275591));
#2348=CARTESIAN_POINT('',(1.8595,0.483700787401575,2.07637795275591));
#2349=CARTESIAN_POINT('Origin',(1.8595,1.48370078740157,2.07637795275591));
#2350=CARTESIAN_POINT('',(1.8595,1.48370078740157,2.07637795275591));
#2351=CARTESIAN_POINT('Origin',(1.8595,1.48370078740157,2.07637795275591));
#2352=CARTESIAN_POINT('',(1.8595,1.48370078740157,2.07637795275591));
#2353=CARTESIAN_POINT('Origin',(1.8595,0.483700787401575,1.62637795275591));
#2354=CARTESIAN_POINT('',(1.8595,1.48370078740157,1.62637795275591));
#2355=CARTESIAN_POINT('Origin',(1.8595,1.48370078740157,1.62637795275591));
#2356=CARTESIAN_POINT('Origin',(1.8595,1.48370078740157,1.62637795275591));
#2357=CARTESIAN_POINT('Origin',(0.754003937007874,1.00189990120208,1.35137795275591));
#2358=CARTESIAN_POINT('',(0.754003937007874,0.00189990120207495,1.47637795275591));
#2359=CARTESIAN_POINT('',(0.754003937007874,4.00189990120207,1.47637795275591));
#2360=CARTESIAN_POINT('',(0.754003937007874,1.00189990120208,1.47637795275591));
#2361=CARTESIAN_POINT('',(0.629003937007874,4.00189990120207,1.35137795275591));
#2362=CARTESIAN_POINT('Origin',(0.754003937007874,4.00189990120207,1.35137795275591));
#2363=CARTESIAN_POINT('',(0.629003937007874,0.126899901202075,1.35137795275591));
#2364=CARTESIAN_POINT('',(0.629003937007874,1.00189990120208,1.35137795275591));
#2365=CARTESIAN_POINT('Origin',(0.754003937007874,0.126899901202075,1.35137795275591));
#2366=CARTESIAN_POINT('Origin',(0.754003937007874,0.126899901202075,1.47637795275591));
#2367=CARTESIAN_POINT('',(0.629003937007874,0.126899901202075,0.476377952755905));
#2368=CARTESIAN_POINT('',(0.629003937007874,0.126899901202075,1.47637795275591));
#2369=CARTESIAN_POINT('',(0.754003937007874,0.00189990120207495,0.476377952755905));
#2370=CARTESIAN_POINT('Origin',(0.754003937007874,0.126899901202075,0.476377952755905));
#2371=CARTESIAN_POINT('',(0.754003937007874,0.00189990120207495,1.47637795275591));
#2372=CARTESIAN_POINT('Origin',(0.629003937007874,0.0018999012020753,1.47637795275591));
#2373=CARTESIAN_POINT('',(0.629003937007874,4.00189990120207,0.476377952755905));
#2374=CARTESIAN_POINT('',(0.629003937007874,4.00189990120207,1.47637795275591));
#2375=CARTESIAN_POINT('',(0.629003937007874,4.00189990120207,0.476377952755905));
#2376=CARTESIAN_POINT('Origin',(0.629003937007874,4.00189990120207,1.47637795275591));
#2377=CARTESIAN_POINT('',(3.00400393700787,4.00189990120207,1.47637795275591));
#2378=CARTESIAN_POINT('',(3.12900393700787,4.00189990120207,1.47637795275591));
#2379=CARTESIAN_POINT('',(3.12900393700787,4.00189990120207,1.35137795275591));
#2380=CARTESIAN_POINT('Origin',(3.00400393700787,4.00189990120207,1.35137795275591));
#2381=CARTESIAN_POINT('',(3.12900393700787,4.00189990120207,0.476377952755905));
#2382=CARTESIAN_POINT('',(3.12900393700787,4.00189990120207,1.47637795275591));
#2383=CARTESIAN_POINT('',(3.12900393700787,4.00189990120207,0.476377952755905));
#2384=CARTESIAN_POINT('Origin',(3.00400393700787,0.126899901202075,1.47637795275591));
#2385=CARTESIAN_POINT('',(3.00400393700787,0.00189990120207495,1.47637795275591));
#2386=CARTESIAN_POINT('',(3.00400393700787,0.00189990120207495,0.476377952755905));
#2387=CARTESIAN_POINT('',(3.00400393700787,0.00189990120207495,1.47637795275591));
#2388=CARTESIAN_POINT('',(3.12900393700787,0.126899901202075,0.476377952755905));
#2389=CARTESIAN_POINT('Origin',(3.00400393700787,0.126899901202075,0.476377952755905));
#2390=CARTESIAN_POINT('',(3.12900393700787,0.126899901202075,1.35137795275591));
#2391=CARTESIAN_POINT('',(3.12900393700787,0.126899901202075,1.47637795275591));
#2392=CARTESIAN_POINT('Origin',(3.00400393700787,0.126899901202075,1.35137795275591));
#2393=CARTESIAN_POINT('Origin',(3.00400393700787,3.00189990120208,1.35137795275591));
#2394=CARTESIAN_POINT('',(3.12900393700787,3.00189990120208,1.35137795275591));
#2395=CARTESIAN_POINT('',(3.00400393700787,3.00189990120208,1.47637795275591));
#2396=CARTESIAN_POINT('Origin',(3.12900393700787,4.00189990120207,1.47637795275591));
#2397=CARTESIAN_POINT('',(3.12900393700787,0.00189990120207495,0.476377952755905));
#2398=CARTESIAN_POINT('Origin',(1.82979133858268,1.95268730277688,0.476377952755905));
#2399=CARTESIAN_POINT('',(1.73136614173228,1.95268730277688,0.476377952755905));
#2400=CARTESIAN_POINT('Origin',(1.82979133858268,1.95268730277688,0.476377952755905));
#2401=CARTESIAN_POINT('',(1.73136614173228,1.95268730277688,0.791338582677165));
#2402=CARTESIAN_POINT('',(1.73136614173228,1.95268730277688,0.476377952755905));
#2403=CARTESIAN_POINT('Origin',(1.82979133858268,1.95268730277688,0.791338582677165));
#2404=CARTESIAN_POINT('Origin',(1.82979133858268,1.95268730277688,0.791338582677165));
#2405=CARTESIAN_POINT('Origin',(2.96925196850394,1.48389990120207,1.47637795275591));
#2406=CARTESIAN_POINT('',(2.21925196850394,1.48389990120208,1.47637795275591));
#2407=CARTESIAN_POINT('',(2.96925196850394,1.48389990120207,1.47637795275591));
#2408=CARTESIAN_POINT('',(2.21925196850394,1.48389990120208,1.47637795275591));
#2409=CARTESIAN_POINT('',(2.21925196850394,1.48389990120208,0.476377952755905));
#2410=CARTESIAN_POINT('',(2.21925196850394,1.48389990120208,1.47637795275591));
#2411=CARTESIAN_POINT('',(2.96925196850394,1.48389990120207,0.476377952755905));
#2412=CARTESIAN_POINT('',(2.21925196850394,1.48389990120208,0.476377952755905));
#2413=CARTESIAN_POINT('',(2.96925196850394,1.48389990120207,1.47637795275591));
#2414=CARTESIAN_POINT('Origin',(2.96925196850394,0.483899901202075,1.47637795275591));
#2415=CARTESIAN_POINT('',(2.96925196850394,0.483899901202075,1.47637795275591));
#2416=CARTESIAN_POINT('',(2.96925196850394,1.48389990120207,1.47637795275591));
#2417=CARTESIAN_POINT('',(2.96925196850394,0.483899901202075,0.476377952755905));
#2418=CARTESIAN_POINT('',(2.96925196850394,1.48389990120207,0.476377952755905));
#2419=CARTESIAN_POINT('',(2.96925196850394,0.483899901202075,1.47637795275591));
#2420=CARTESIAN_POINT('Origin',(2.21925196850394,0.483899901202075,1.47637795275591));
#2421=CARTESIAN_POINT('',(2.21925196850394,0.483899901202075,1.47637795275591));
#2422=CARTESIAN_POINT('',(2.96925196850394,0.483899901202075,1.47637795275591));
#2423=CARTESIAN_POINT('',(2.21925196850394,0.483899901202075,0.476377952755905));
#2424=CARTESIAN_POINT('',(2.96925196850394,0.483899901202075,0.476377952755905));
#2425=CARTESIAN_POINT('',(2.21925196850394,0.483899901202075,1.47637795275591));
#2426=CARTESIAN_POINT('Origin',(2.21925196850394,1.48389990120208,1.47637795275591));
#2427=CARTESIAN_POINT('',(2.21925196850394,0.483899901202075,1.47637795275591));
#2428=CARTESIAN_POINT('',(2.21925196850394,0.483899901202075,0.476377952755905));
#2429=CARTESIAN_POINT('Origin',(1.50925196850394,0.483899901202075,1.47637795275591));
#2430=CARTESIAN_POINT('',(1.50925196850394,1.48389990120207,1.47637795275591));
#2431=CARTESIAN_POINT('',(1.50925196850394,0.483899901202075,1.47637795275591));
#2432=CARTESIAN_POINT('',(1.50925196850394,1.48389990120207,1.47637795275591));
#2433=CARTESIAN_POINT('',(1.50925196850394,1.48389990120207,0.476377952755905));
#2434=CARTESIAN_POINT('',(1.50925196850394,1.48389990120207,1.47637795275591));
#2435=CARTESIAN_POINT('',(1.50925196850394,0.483899901202075,0.476377952755905));
#2436=CARTESIAN_POINT('',(1.50925196850394,1.48389990120207,0.476377952755905));
#2437=CARTESIAN_POINT('',(1.50925196850394,0.483899901202075,1.47637795275591));
#2438=CARTESIAN_POINT('Origin',(0.759251968503937,0.483899901202075,1.47637795275591));
#2439=CARTESIAN_POINT('',(0.759251968503937,0.483899901202075,1.47637795275591));
#2440=CARTESIAN_POINT('',(1.50925196850394,0.483899901202075,1.47637795275591));
#2441=CARTESIAN_POINT('',(0.759251968503937,0.483899901202075,0.476377952755905));
#2442=CARTESIAN_POINT('',(1.50925196850394,0.483899901202075,0.476377952755905));
#2443=CARTESIAN_POINT('',(0.759251968503937,0.483899901202075,1.47637795275591));
#2444=CARTESIAN_POINT('Origin',(0.759251968503937,1.48389990120208,1.47637795275591));
#2445=CARTESIAN_POINT('',(0.759251968503937,1.48389990120208,1.47637795275591));
#2446=CARTESIAN_POINT('',(0.759251968503937,0.483899901202075,1.47637795275591));
#2447=CARTESIAN_POINT('',(0.759251968503937,1.48389990120208,0.476377952755905));
#2448=CARTESIAN_POINT('',(0.759251968503937,0.483899901202075,0.476377952755905));
#2449=CARTESIAN_POINT('',(0.759251968503937,1.48389990120208,1.47637795275591));
#2450=CARTESIAN_POINT('Origin',(1.50925196850394,1.48389990120207,1.47637795275591));
#2451=CARTESIAN_POINT('',(0.759251968503937,1.48389990120208,1.47637795275591));
#2452=CARTESIAN_POINT('',(0.759251968503937,1.48389990120208,0.476377952755905));
#2453=CARTESIAN_POINT('Origin',(3.12900393700787,0.00189990120207495,1.47637795275591));
#2454=CARTESIAN_POINT('',(0.629003937007874,0.00189990120207495,0.476377952755905));
#2455=CARTESIAN_POINT('',(0.629003937007874,0.00189990120207495,1.47637795275591));
#2456=CARTESIAN_POINT('Origin',(1.87900393700787,2.00189990120208,1.47637795275591));
#2457=CARTESIAN_POINT('Origin',(1.87900393700787,2.00189990120208,0.476377952755905));
#2458=CARTESIAN_POINT('Origin',(3.00400393700787,0.126899901202075,0.476377952755905));
#2459=CARTESIAN_POINT('',(3.12900393700787,0.126899901202075,0.726377952755905));
#2460=CARTESIAN_POINT('',(3.00400393700787,0.0018999012020753,0.726377952755905));
#2461=CARTESIAN_POINT('Origin',(3.00400393700787,0.126899901202075,0.726377952755905));
#2462=CARTESIAN_POINT('',(3.00400393700787,0.0018999012020753,0.476377952755905));
#2463=CARTESIAN_POINT('',(3.00400393700787,0.0018999012020753,0.476377952755905));
#2464=CARTESIAN_POINT('',(3.12900393700787,0.126899901202075,0.476377952755905));
#2465=CARTESIAN_POINT('Origin',(3.00400393700787,0.126899901202075,0.476377952755905));
#2466=CARTESIAN_POINT('',(3.12900393700787,0.126899901202075,0.476377952755905));
#2467=CARTESIAN_POINT('Origin',(3.12900393700787,0.0018999012020753,0.476377952755905));
#2468=CARTESIAN_POINT('',(3.12900393700787,4.00189990120207,0.476377952755905));
#2469=CARTESIAN_POINT('',(3.12900393700787,0.0018999012020753,0.476377952755905));
#2470=CARTESIAN_POINT('',(3.12900393700787,4.00189990120207,0.726377952755905));
#2471=CARTESIAN_POINT('',(3.12900393700787,4.00189990120207,0.476377952755905));
#2472=CARTESIAN_POINT('',(3.12900393700787,0.0018999012020753,0.726377952755905));
#2473=CARTESIAN_POINT('Origin',(1.87900393700787,2.00189990120208,0.476377952755905));
#2474=CARTESIAN_POINT('',(0.754003937007874,0.0018999012020753,0.476377952755905));
#2475=CARTESIAN_POINT('',(0.629003937007874,0.0018999012020753,0.476377952755905));
#2476=CARTESIAN_POINT('',(0.629003937007874,0.126899901202075,0.476377952755905));
#2477=CARTESIAN_POINT('Origin',(0.754003937007874,0.126899901202075,0.476377952755905));
#2478=CARTESIAN_POINT('',(0.629003937007874,4.00189990120207,0.476377952755905));
#2479=CARTESIAN_POINT('',(0.629003937007874,4.00189990120207,0.476377952755905));
#2480=CARTESIAN_POINT('',(3.12900393700787,4.00189990120207,0.476377952755905));
#2481=CARTESIAN_POINT('',(1.73136614173228,1.95268730277688,0.476377952755905));
#2482=CARTESIAN_POINT('Origin',(1.82979133858268,1.95268730277688,0.476377952755905));
#2483=CARTESIAN_POINT('Origin',(0.754003937007874,0.126899901202075,0.476377952755905));
#2484=CARTESIAN_POINT('',(0.754003937007874,0.0018999012020753,0.726377952755905));
#2485=CARTESIAN_POINT('',(0.629003937007874,0.126899901202075,0.726377952755905));
#2486=CARTESIAN_POINT('Origin',(0.754003937007874,0.126899901202075,0.726377952755905));
#2487=CARTESIAN_POINT('',(0.629003937007874,0.126899901202075,0.476377952755905));
#2488=CARTESIAN_POINT('',(0.754003937007874,0.0018999012020753,0.476377952755905));
#2489=CARTESIAN_POINT('Origin',(0.629003937007874,4.00189990120207,0.476377952755905));
#2490=CARTESIAN_POINT('',(0.629003937007874,4.00189990120207,0.726377952755905));
#2491=CARTESIAN_POINT('',(0.629003937007874,4.00189990120207,0.726377952755905));
#2492=CARTESIAN_POINT('',(0.629003937007874,4.00189990120207,0.476377952755905));
#2493=CARTESIAN_POINT('Origin',(1.82979133858268,1.95268730277688,0.476377952755905));
#2494=CARTESIAN_POINT('',(1.73136614173228,1.95268730277688,0.726377952755905));
#2495=CARTESIAN_POINT('',(1.73136614173228,1.95268730277688,0.476377952755905));
#2496=CARTESIAN_POINT('Origin',(1.82979133858268,1.95268730277688,0.726377952755905));
#2497=CARTESIAN_POINT('Origin',(0.629003937007874,0.0018999012020753,0.476377952755905));
#2498=CARTESIAN_POINT('',(0.629003937007874,0.0018999012020753,0.726377952755905));
#2499=CARTESIAN_POINT('Origin',(3.12900393700787,4.00189990120207,0.476377952755905));
#2500=CARTESIAN_POINT('',(3.12900393700787,4.00189990120207,0.726377952755905));
#2501=CARTESIAN_POINT('Origin',(1.87900393700787,2.00189990120208,0.726377952755905));
#2502=UNCERTAINTY_MEASURE_WITH_UNIT(LENGTH_MEASURE(0.000393700787401575),
#2507,'DISTANCE_ACCURACY_VALUE',
'Maximum model space distance between geometric entities at asserted c
onnectivities');
#2503=UNCERTAINTY_MEASURE_WITH_UNIT(LENGTH_MEASURE(0.000393700787401575),
#2507,'DISTANCE_ACCURACY_VALUE',
'Maximum model space distance between geometric entities at asserted c
onnectivities');
#2504=(
GEOMETRIC_REPRESENTATION_CONTEXT(3)
GLOBAL_UNCERTAINTY_ASSIGNED_CONTEXT((#2502))
GLOBAL_UNIT_ASSIGNED_CONTEXT((#2507,#2511,#2512))
REPRESENTATION_CONTEXT('','3D')
);
#2505=(
GEOMETRIC_REPRESENTATION_CONTEXT(3)
GLOBAL_UNCERTAINTY_ASSIGNED_CONTEXT((#2503))
GLOBAL_UNIT_ASSIGNED_CONTEXT((#2507,#2511,#2512))
REPRESENTATION_CONTEXT('','3D')
);
#2506=DIMENSIONAL_EXPONENTS(1.,0.,0.,0.,0.,0.,0.);
#2507=(
CONVERSION_BASED_UNIT('inch',#2510)
LENGTH_UNIT()
NAMED_UNIT(#2506)
);
#2508=(
LENGTH_UNIT()
NAMED_UNIT(*)
SI_UNIT(.MILLI.,.METRE.)
);
#2509=(
LENGTH_UNIT()
NAMED_UNIT(*)
SI_UNIT($,.METRE.)
);
#2510=LENGTH_MEASURE_WITH_UNIT(LENGTH_MEASURE(25.4),#2508);
#2511=(
NAMED_UNIT(*)
PLANE_ANGLE_UNIT()
SI_UNIT($,.RADIAN.)
);
#2512=(
NAMED_UNIT(*)
SI_UNIT($,.STERADIAN.)
SOLID_ANGLE_UNIT()
);
#2513=SHAPE_DEFINITION_REPRESENTATION(#2514,#2515);
#2514=PRODUCT_DEFINITION_SHAPE('',$,#2517);
#2515=SHAPE_REPRESENTATION('',(#1519),#2504);
#2516=PRODUCT_DEFINITION_CONTEXT('part definition',#2521,'design');
#2517=PRODUCT_DEFINITION('2026-08-15-16-33-14-662','Mini RC Turret V2',
#2518,#2516);
#2518=PRODUCT_DEFINITION_FORMATION('',$,#2523);
#2519=PRODUCT_RELATED_PRODUCT_CATEGORY('Mini RC Turret V2',
'Mini RC Turret V2',(#2523));
#2520=APPLICATION_PROTOCOL_DEFINITION('international standard',
'automotive_design',2009,#2521);
#2521=APPLICATION_CONTEXT(
'Core Data for Automotive Mechanical Design Process');
#2522=PRODUCT_CONTEXT('part definition',#2521,'mechanical');
#2523=PRODUCT('2026-08-15-16-33-14-662','Mini RC Turret V2',$,(#2522));
#2524=PRESENTATION_STYLE_ASSIGNMENT((#2525));
#2525=SURFACE_STYLE_USAGE(.BOTH.,#2526);
#2526=SURFACE_SIDE_STYLE('',(#2527));
#2527=SURFACE_STYLE_FILL_AREA(#2528);
#2528=FILL_AREA_STYLE('Steel - Satin',(#2529));
#2529=FILL_AREA_STYLE_COLOUR('Steel - Satin',#2530);
#2530=COLOUR_RGB('Steel - Satin',0.627450980392157,0.627450980392157,0.627450980392157);
ENDSEC;
END-ISO-10303-21;
